x,z,ground,water
-252.0,-1490.0,12.0,-inf
-251.75,-1490.0,0.0,5.69999980926514
-251.5,-1490.0,0.0,5.69999980926514
-251.25,-1490.0,0.0,5.69999980926514
-251.0,-1490.0,0.0,5.69999980926514
-250.75,-1490.0,0.0,5.69999980926514
-250.5,-1490.0,0.0,5.69999980926514
-250.25,-1490.0,0.0,5.69999980926514
-250.0,-1490.0,0.0,5.69999980926514
-249.75,-1490.0,0.0,5.69999980926514
-249.5,-1490.0,0.0,5.69999980926514
-249.25,-1490.0,0.0,5.69999980926514
-249.0,-1490.0,0.0,5.69999980926514
-248.75,-1490.0,0.0,5.69999980926514
-248.5,-1490.0,0.0,5.69999980926514
-248.25,-1490.0,0.0,5.69999980926514
-248.0,-1490.0,0.0,5.69999980926514
-247.75,-1490.0,0.0,5.69999980926514
-247.5,-1490.0,0.0,5.69999980926514
-247.25,-1490.0,0.0,5.69999980926514
-247.0,-1490.0,0.0,5.69999980926514
-246.75,-1490.0,0.0,5.69999980926514
-246.5,-1490.0,0.0,5.69999980926514
-246.25,-1490.0,0.0,5.69999980926514
-246.0,-1490.0,0.0,5.69999980926514
-245.75,-1490.0,0.0,5.69999980926514
-245.5,-1490.0,0.0,5.69999980926514
-245.25,-1490.0,0.0,5.69999980926514
-245.0,-1490.0,0.0,5.69999980926514
-244.75,-1490.0,0.0,5.69999980926514
-244.5,-1490.0,0.0,5.69999980926514
-244.25,-1490.0,0.0,5.69999980926514
-244.0,-1490.0,0.0,5.69999980926514
-243.75,-1490.0,0.0,5.69999980926514
-243.5,-1490.0,0.0,5.69999980926514
-243.25,-1490.0,0.0,5.69999980926514
-243.0,-1490.0,0.0,5.69999980926514
-242.75,-1490.0,0.0,5.69999980926514
-242.5,-1490.0,0.0,5.69999980926514
-242.25,-1490.0,0.0,5.69999980926514
-242.0,-1490.0,0.0,5.69999980926514
-241.75,-1490.0,0.0,5.69999980926514
-241.5,-1490.0,0.0,5.69999980926514
-241.25,-1490.0,0.0,5.69999980926514
-241.0,-1490.0,0.0,5.69999980926514
-240.75,-1490.0,0.0,5.69999980926514
-240.5,-1490.0,0.0,5.69999980926514
-240.25,-1490.0,0.0,5.69999980926514
-240.0,-1490.0,0.0,5.69999980926514
-239.75,-1490.0,0.0,5.69999980926514
-239.5,-1490.0,0.0,5.69999980926514
-239.25,-1490.0,0.0,5.69999980926514
-239.0,-1490.0,0.0,5.69999980926514
-238.75,-1490.0,0.0,5.69999980926514
-238.5,-1490.0,0.0,5.69999980926514
-238.25,-1490.0,0.0,5.69999980926514
-238.0,-1490.0,0.0,5.69999980926514
-237.75,-1490.0,0.0,5.69999980926514
-237.5,-1490.0,0.0,5.69999980926514
-237.25,-1490.0,0.0,5.69999980926514
-237.0,-1490.0,0.0,5.69999980926514
-236.75,-1490.0,0.0,5.69999980926514
-236.5,-1490.0,0.0,5.69999980926514
-236.25,-1490.0,0.0,5.69999980926514
-236.0,-1490.0,0.0,5.69999980926514
-235.75,-1490.0,0.0,5.69999980926514
-235.5,-1490.0,0.0,5.69999980926514
-235.25,-1490.0,0.0,5.69999980926514
-235.0,-1490.0,0.0,5.69999980926514
-234.75,-1490.0,0.0,5.69999980926514
-234.5,-1490.0,0.0,5.69999980926514
-234.25,-1490.0,0.0,5.69999980926514
-234.0,-1490.0,0.0,5.69999980926514
-233.75,-1490.0,0.0,5.69999980926514
-233.5,-1490.0,0.0,5.69999980926514
-233.25,-1490.0,0.0,5.69999980926514
-233.0,-1490.0,0.0,5.69999980926514
-232.75,-1490.0,0.0,5.69999980926514
-232.5,-1490.0,0.0,5.69999980926514
-232.25,-1490.0,0.0,5.69999980926514
-232.0,-1490.0,0.0,5.69999980926514
-231.75,-1490.0,0.0,5.69999980926514
-231.5,-1490.0,0.0,5.69999980926514
-231.25,-1490.0,0.0,5.69999980926514
-231.0,-1490.0,0.0,5.69999980926514
-230.75,-1490.0,0.0,5.69999980926514
-230.5,-1490.0,0.0,5.69999980926514
-230.25,-1490.0,0.0,5.69999980926514
-230.0,-1490.0,0.0,5.69999980926514
-229.75,-1490.0,0.0,5.69999980926514
-229.5,-1490.0,0.0,5.69999980926514
-229.25,-1490.0,0.0,5.69999980926514
-229.0,-1490.0,0.0,5.69999980926514
-228.75,-1490.0,0.0,5.69999980926514
-228.5,-1490.0,0.0,5.69999980926514
-228.25,-1490.0,0.0,5.69999980926514
-228.0,-1490.0,0.0,5.69999980926514
-227.75,-1490.0,0.0,5.67776070700752
-227.5,-1490.0,0.0,5.65552160474989
-227.25,-1490.0,0.0,5.63328250249227
-227.0,-1490.0,0.0,5.61104340023465
-226.75,-1490.0,0.0,5.58880429797702
-226.5,-1490.0,0.0,5.5665651957194
-226.25,-1490.0,0.0,5.54432609346178
-226.0,-1490.0,0.0,5.52208699120416
-225.75,-1490.0,0.0,5.49984788894653
-225.5,-1490.0,0.0,5.47760878668891
-225.25,-1490.0,0.0,5.45536968443129
-225.0,-1490.0,0.0,5.43313058217367
-224.75,-1490.0,0.0,5.41089147991604
-224.5,-1490.0,0.0,5.38865237765842
-224.25,-1490.0,0.0,5.3664132754008
-224.0,-1490.0,0.0,5.34417417314318
-223.75,-1490.0,0.0,5.32193507088555
-223.5,-1490.0,0.0,5.29969596862793
-223.25,-1490.0,0.0,5.27745686637031
-223.0,-1490.0,0.0,5.25521776411268
-222.75,-1490.0,0.0,5.23297866185506
-222.5,-1490.0,0.0,5.21073955959744
-222.25,-1490.0,0.0,5.18850045733982
-222.0,-1490.0,0.0,5.16626135508219
-252.0,-1489.0,12.0,-inf
-251.75,-1489.0,0.0,5.69999980926514
-251.5,-1489.0,0.0,5.69999980926514
-251.25,-1489.0,0.0,5.69999980926514
-251.0,-1489.0,0.0,5.69999980926514
-250.75,-1489.0,0.0,5.69999980926514
-250.5,-1489.0,0.0,5.69999980926514
-250.25,-1489.0,0.0,5.69999980926514
-250.0,-1489.0,0.0,5.69999980926514
-249.75,-1489.0,0.0,5.69999980926514
-249.5,-1489.0,0.0,5.69999980926514
-249.25,-1489.0,0.0,5.69999980926514
-249.0,-1489.0,0.0,5.69999980926514
-248.75,-1489.0,0.0,5.69999980926514
-248.5,-1489.0,0.0,5.69999980926514
-248.25,-1489.0,0.0,5.69999980926514
-248.0,-1489.0,0.0,5.69999980926514
-247.75,-1489.0,0.0,5.69999980926514
-247.5,-1489.0,0.0,5.69999980926514
-247.25,-1489.0,0.0,5.69999980926514
-247.0,-1489.0,0.0,5.69999980926514
-246.75,-1489.0,0.0,5.69999980926514
-246.5,-1489.0,0.0,5.69999980926514
-246.25,-1489.0,0.0,5.69999980926514
-246.0,-1489.0,0.0,5.69999980926514
-245.75,-1489.0,0.0,5.69999980926514
-245.5,-1489.0,0.0,5.69999980926514
-245.25,-1489.0,0.0,5.69999980926514
-245.0,-1489.0,0.0,5.69999980926514
-244.75,-1489.0,0.0,5.69999980926514
-244.5,-1489.0,0.0,5.69999980926514
-244.25,-1489.0,0.0,5.69999980926514
-244.0,-1489.0,0.0,5.69999980926514
-243.75,-1489.0,0.0,5.69999980926514
-243.5,-1489.0,0.0,5.69999980926514
-243.25,-1489.0,0.0,5.69999980926514
-243.0,-1489.0,0.0,5.69999980926514
-242.75,-1489.0,0.0,5.69999980926514
-242.5,-1489.0,0.0,5.69999980926514
-242.25,-1489.0,0.0,5.69999980926514
-242.0,-1489.0,0.0,5.69999980926514
-241.75,-1489.0,0.0,5.69999980926514
-241.5,-1489.0,0.0,5.69999980926514
-241.25,-1489.0,0.0,5.69999980926514
-241.0,-1489.0,0.0,5.69999980926514
-240.75,-1489.0,0.0,5.69999980926514
-240.5,-1489.0,0.0,5.69999980926514
-240.25,-1489.0,0.0,5.69999980926514
-240.0,-1489.0,0.0,5.69999980926514
-239.75,-1489.0,0.0,5.69999980926514
-239.5,-1489.0,0.0,5.69999980926514
-239.25,-1489.0,0.0,5.69999980926514
-239.0,-1489.0,0.0,5.69999980926514
-238.75,-1489.0,0.0,5.69999980926514
-238.5,-1489.0,0.0,5.69999980926514
-238.25,-1489.0,0.0,5.69999980926514
-238.0,-1489.0,0.0,5.69999980926514
-237.75,-1489.0,0.0,5.69999980926514
-237.5,-1489.0,0.0,5.69999980926514
-237.25,-1489.0,0.0,5.69999980926514
-237.0,-1489.0,0.0,5.69999980926514
-236.75,-1489.0,0.0,5.69999980926514
-236.5,-1489.0,0.0,5.69999980926514
-236.25,-1489.0,0.0,5.69999980926514
-236.0,-1489.0,0.0,5.69999980926514
-235.75,-1489.0,0.0,5.69999980926514
-235.5,-1489.0,0.0,5.69999980926514
-235.25,-1489.0,0.0,5.69999980926514
-235.0,-1489.0,0.0,5.69999980926514
-234.75,-1489.0,0.0,5.69999980926514
-234.5,-1489.0,0.0,5.69999980926514
-234.25,-1489.0,0.0,5.69999980926514
-234.0,-1489.0,0.0,5.69999980926514
-233.75,-1489.0,0.0,5.69999980926514
-233.5,-1489.0,0.0,5.69999980926514
-233.25,-1489.0,0.0,5.69999980926514
-233.0,-1489.0,0.0,5.69999980926514
-232.75,-1489.0,0.0,5.69999980926514
-232.5,-1489.0,0.0,5.69999980926514
-232.25,-1489.0,0.0,5.69999980926514
-232.0,-1489.0,0.0,5.69999980926514
-231.75,-1489.0,0.0,5.69999980926514
-231.5,-1489.0,0.0,5.69999980926514
-231.25,-1489.0,0.0,5.69999980926514
-231.0,-1489.0,0.0,5.69999980926514
-230.75,-1489.0,0.0,5.69999980926514
-230.5,-1489.0,0.0,5.69999980926514
-230.25,-1489.0,0.0,5.69999980926514
-230.0,-1489.0,0.0,5.69999980926514
-229.75,-1489.0,0.0,5.69999980926514
-229.5,-1489.0,0.0,5.69999980926514
-229.25,-1489.0,0.0,5.69999980926514
-229.0,-1489.0,0.0,5.69999980926514
-228.75,-1489.0,0.0,5.69999980926514
-228.5,-1489.0,0.0,5.69999980926514
-228.25,-1489.0,0.0,5.69999980926514
-228.0,-1489.0,0.0,5.69999980926514
-227.75,-1489.0,0.0,5.67220093144311
-227.5,-1489.0,0.0,5.64440205362108
-227.25,-1489.0,0.0,5.61660317579905
-227.0,-1489.0,0.0,5.58880429797702
-226.75,-1489.0,0.0,5.56100542015499
-226.5,-1489.0,0.0,5.53320654233297
-226.25,-1489.0,0.0,5.50540766451094
-226.0,-1489.0,0.0,5.47760878668891
-225.75,-1489.0,0.0,5.44980990886688
-225.5,-1489.0,0.0,5.42201103104486
-225.25,-1489.0,0.0,5.39421215322282
-225.0,-1489.0,0.0,5.3664132754008
-224.75,-1489.0,0.0,5.33861439757877
-224.5,-1489.0,0.0,5.31081551975674
-224.25,-1489.0,0.0,5.28301664193471
-224.0,-1489.0,0.0,5.25521776411269
-223.75,-1489.0,0.0,5.22741888629065
-223.5,-1489.0,0.0,5.19962000846863
-223.25,-1489.0,0.0,5.1718211306466
-223.0,-1489.0,0.0,5.14402225282457
-222.75,-1489.0,0.0,5.11622337500254
-222.5,-1489.0,0.0,5.08842449718052
-222.25,-1489.0,0.0,5.06062561935848
-222.0,-1489.0,0.0,5.03282674153646
-252.0,-1488.0,12.0,-inf
-251.75,-1488.0,0.0,5.69999980926514
-251.5,-1488.0,0.0,5.69999980926514
-251.25,-1488.0,0.0,5.69999980926514
-251.0,-1488.0,0.0,5.69999980926514
-250.75,-1488.0,0.0,5.69999980926514
-250.5,-1488.0,0.0,5.69999980926514
-250.25,-1488.0,0.0,5.69999980926514
-250.0,-1488.0,0.0,5.69999980926514
-249.75,-1488.0,0.0,5.69999980926514
-249.5,-1488.0,0.0,5.69999980926514
-249.25,-1488.0,0.0,5.69999980926514
-249.0,-1488.0,0.0,5.69999980926514
-248.75,-1488.0,0.0,5.69999980926514
-248.5,-1488.0,0.0,5.69999980926514
-248.25,-1488.0,0.0,5.69999980926514
-248.0,-1488.0,0.0,5.69999980926514
-247.75,-1488.0,0.0,5.69999980926514
-247.5,-1488.0,0.0,5.69999980926514
-247.25,-1488.0,0.0,5.69999980926514
-247.0,-1488.0,0.0,5.69999980926514
-246.75,-1488.0,0.0,5.69999980926514
-246.5,-1488.0,0.0,5.69999980926514
-246.25,-1488.0,0.0,5.69999980926514
-246.0,-1488.0,0.0,5.69999980926514
-245.75,-1488.0,0.0,5.69999980926514
-245.5,-1488.0,0.0,5.69999980926514
-245.25,-1488.0,0.0,5.69999980926514
-245.0,-1488.0,0.0,5.69999980926514
-244.75,-1488.0,0.0,5.69999980926514
-244.5,-1488.0,0.0,5.69999980926514
-244.25,-1488.0,0.0,5.69999980926514
-244.0,-1488.0,0.0,5.69999980926514
-243.75,-1488.0,0.0,5.69999980926514
-243.5,-1488.0,0.0,5.69999980926514
-243.25,-1488.0,0.0,5.69999980926514
-243.0,-1488.0,0.0,5.69999980926514
-242.75,-1488.0,0.0,5.69999980926514
-242.5,-1488.0,0.0,5.69999980926514
-242.25,-1488.0,0.0,5.69999980926514
-242.0,-1488.0,0.0,5.69999980926514
-241.75,-1488.0,0.0,5.69999980926514
-241.5,-1488.0,0.0,5.69999980926514
-241.25,-1488.0,0.0,5.69999980926514
-241.0,-1488.0,0.0,5.69999980926514
-240.75,-1488.0,0.0,5.69999980926514
-240.5,-1488.0,0.0,5.69999980926514
-240.25,-1488.0,0.0,5.69999980926514
-240.0,-1488.0,0.0,5.69999980926514
-239.75,-1488.0,0.0,5.69999980926514
-239.5,-1488.0,0.0,5.69999980926514
-239.25,-1488.0,0.0,5.69999980926514
-239.0,-1488.0,0.0,5.69999980926514
-238.75,-1488.0,0.0,5.69999980926514
-238.5,-1488.0,0.0,5.69999980926514
-238.25,-1488.0,0.0,5.69999980926514
-238.0,-1488.0,0.0,5.69999980926514
-237.75,-1488.0,0.0,5.69999980926514
-237.5,-1488.0,0.0,5.69999980926514
-237.25,-1488.0,0.0,5.69999980926514
-237.0,-1488.0,0.0,5.69999980926514
-236.75,-1488.0,0.0,5.69999980926514
-236.5,-1488.0,0.0,5.69999980926514
-236.25,-1488.0,0.0,5.69999980926514
-236.0,-1488.0,0.0,5.69999980926514
-235.75,-1488.0,0.0,5.69999980926514
-235.5,-1488.0,0.0,5.69999980926514
-235.25,-1488.0,0.0,5.69999980926514
-235.0,-1488.0,0.0,5.69999980926514
-234.75,-1488.0,0.0,5.69999980926514
-234.5,-1488.0,0.0,5.69999980926514
-234.25,-1488.0,0.0,5.69999980926514
-234.0,-1488.0,0.0,5.69999980926514
-233.75,-1488.0,0.0,5.69999980926514
-233.5,-1488.0,0.0,5.69999980926514
-233.25,-1488.0,0.0,5.69999980926514
-233.0,-1488.0,0.0,5.69999980926514
-232.75,-1488.0,0.0,5.69999980926514
-232.5,-1488.0,0.0,5.69999980926514
-232.25,-1488.0,0.0,5.69999980926514
-232.0,-1488.0,0.0,5.69999980926514
-231.75,-1488.0,0.0,5.69999980926514
-231.5,-1488.0,0.0,5.69999980926514
-231.25,-1488.0,0.0,5.69999980926514
-231.0,-1488.0,0.0,5.69999980926514
-230.75,-1488.0,0.0,5.69999980926514
-230.5,-1488.0,0.0,5.69999980926514
-230.25,-1488.0,0.0,5.69999980926514
-230.0,-1488.0,0.0,5.69999980926514
-229.75,-1488.0,0.0,5.69999980926514
-229.5,-1488.0,0.0,5.69999980926514
-229.25,-1488.0,0.0,5.69999980926514
-229.0,-1488.0,0.0,5.69999980926514
-228.75,-1488.0,0.0,5.69999980926514
-228.5,-1488.0,0.0,5.69999980926514
-228.25,-1488.0,0.0,5.69999980926514
-228.0,-1488.0,0.0,5.69999980926514
-227.75,-1488.0,0.0,5.6666411558787
-227.5,-1488.0,0.0,5.63328250249227
-227.25,-1488.0,0.0,5.59992384910583
-227.0,-1488.0,0.0,5.5665651957194
-226.75,-1488.0,0.0,5.53320654233297
-226.5,-1488.0,0.0,5.49984788894653
-226.25,-1488.0,0.0,5.4664892355601
-226.0,-1488.0,0.0,5.43313058217366
-225.75,-1488.0,0.0,5.39977192878723
-225.5,-1488.0,0.0,5.3664132754008
-225.25,-1488.0,0.0,5.33305462201436
-225.0,-1488.0,0.0,5.29969596862793
-224.75,-1488.0,0.0,5.2663373152415
-224.5,-1488.0,0.0,5.23297866185506
-224.25,-1488.0,0.0,5.19962000846863
-224.0,-1488.0,0.0,5.1662613550822
-223.75,-1488.0,0.0,5.13290270169576
-223.5,-1488.0,0.0,5.09954404830933
-223.25,-1488.0,0.0,5.06618539492289
-223.0,-1488.0,0.0,5.03282674153646
-222.75,-1488.0,0.0,4.99946808815002
-222.5,-1488.0,0.0,4.96610943476359
-222.25,-1488.0,0.0,4.93275078137715
-222.0,-1488.0,0.0,4.89939212799072
-252.0,-1487.0,12.0,-inf
-251.75,-1487.0,0.0,5.96750847498576
-251.5,-1487.0,0.0,5.96750847498576
-251.25,-1487.0,0.0,5.96750847498576
-251.0,-1487.0,0.0,5.96750847498576
-250.75,-1487.0,0.0,5.96750847498576
-250.5,-1487.0,0.0,5.96750847498576
-250.25,-1487.0,0.0,5.96750847498576
-250.0,-1487.0,0.0,5.96750847498576
-249.75,-1487.0,0.0,5.96750847498576
-249.5,-1487.0,0.0,5.96750847498576
-249.25,-1487.0,0.0,5.96750847498576
-249.0,-1487.0,0.0,5.96750847498576
-248.75,-1487.0,0.0,5.96750847498576
-248.5,-1487.0,0.0,5.96750847498576
-248.25,-1487.0,0.0,5.96750847498576
-248.0,-1487.0,0.0,5.96750847498576
-247.75,-1487.0,0.0,5.96750847498576
-247.5,-1487.0,0.0,5.96750847498576
-247.25,-1487.0,0.0,5.96750847498576
-247.0,-1487.0,0.0,5.96750847498576
-246.75,-1487.0,0.0,5.96750847498576
-246.5,-1487.0,0.0,5.96750847498576
-246.25,-1487.0,0.0,5.96750847498576
-246.0,-1487.0,0.0,5.96750847498576
-245.75,-1487.0,0.0,5.95614028639264
-245.5,-1487.0,0.0,5.94477209779951
-245.25,-1487.0,0.0,5.93340390920639
-245.0,-1487.0,0.0,5.92203572061327
-244.75,-1487.0,0.0,5.91066753202014
-244.5,-1487.0,0.0,5.89929934342702
-244.25,-1487.0,0.0,5.8879311548339
-244.0,-1487.0,0.0,5.87656296624078
-243.75,-1487.0,0.0,5.86519477764765
-243.5,-1487.0,0.0,5.85382658905453
-243.25,-1487.0,0.0,5.84245840046141
-243.0,-1487.0,0.0,5.83109021186829
-242.75,-1487.0,0.0,5.81972202327516
-242.5,-1487.0,0.0,5.80835383468204
-242.25,-1487.0,0.0,5.79698564608892
-242.0,-1487.0,0.0,5.78561745749579
-241.75,-1487.0,0.0,5.77424926890267
-241.5,-1487.0,0.0,5.76288108030955
-241.25,-1487.0,0.0,5.75151289171643
-241.0,-1487.0,0.0,5.7401447031233
-240.75,-1487.0,0.0,5.72877651453018
-240.5,-1487.0,0.0,5.71740832593706
-240.25,-1487.0,0.0,5.70604013734394
-240.0,-1487.0,0.0,5.69467194875081
-239.75,-1487.0,0.0,5.69039647777875
-239.5,-1487.0,0.0,5.68612100680669
-239.25,-1487.0,0.0,5.68184553583463
-239.0,-1487.0,0.0,5.67757006486257
-238.75,-1487.0,0.0,5.67329459389051
-238.5,-1487.0,0.0,5.66901912291845
-238.25,-1487.0,0.0,5.66474365194639
-238.0,-1487.0,0.0,5.66046818097432
-237.75,-1487.0,0.0,5.65619271000226
-237.5,-1487.0,0.0,5.6519172390302
-237.25,-1487.0,0.0,5.64764176805814
-237.0,-1487.0,0.0,5.64336629708608
-236.75,-1487.0,0.0,5.63909082611402
-236.5,-1487.0,0.0,5.63481535514196
-236.25,-1487.0,0.0,5.6305398841699
-236.0,-1487.0,0.0,5.62626441319784
-235.75,-1487.0,0.0,5.62198894222578
-235.5,-1487.0,0.0,5.61771347125371
-235.25,-1487.0,0.0,5.61343800028165
-235.0,-1487.0,0.0,5.60916252930959
-234.75,-1487.0,0.0,5.60488705833753
-234.5,-1487.0,0.0,5.60061158736547
-234.25,-1487.0,0.0,5.59633611639341
-234.0,-1487.0,0.0,5.59206064542135
-233.75,-1487.0,0.0,5.5841920375824
-233.5,-1487.0,0.0,5.57632342974345
-233.25,-1487.0,0.0,5.5684548219045
-233.0,-1487.0,0.0,5.56058621406555
-232.75,-1487.0,0.0,5.5527176062266
-232.5,-1487.0,0.0,5.54484899838765
-232.25,-1487.0,0.0,5.53698039054871
-232.0,-1487.0,0.0,5.52911178270976
-231.75,-1487.0,0.0,5.52124317487081
-231.5,-1487.0,0.0,5.51337456703186
-231.25,-1487.0,0.0,5.50550595919291
-231.0,-1487.0,0.0,5.49763735135396
-230.75,-1487.0,0.0,5.48976874351502
-230.5,-1487.0,0.0,5.48190013567607
-230.25,-1487.0,0.0,5.47403152783712
-230.0,-1487.0,0.0,5.46616291999817
-229.75,-1487.0,0.0,5.45829431215922
-229.5,-1487.0,0.0,5.45042570432027
-229.25,-1487.0,0.0,5.44255709648133
-229.0,-1487.0,0.0,5.43468848864237
-228.75,-1487.0,0.0,5.42681988080343
-228.5,-1487.0,0.0,5.41895127296448
-228.25,-1487.0,0.0,5.41108266512553
-228.0,-1487.0,0.0,5.40321405728658
-227.75,-1487.0,0.0,5.36972147723039
-227.5,-1487.0,0.0,5.3362288971742
-227.25,-1487.0,0.0,5.30273631711801
-227.0,-1487.0,0.0,5.26924373706182
-226.75,-1487.0,0.0,5.23575115700563
-226.5,-1487.0,0.0,5.20225857694944
-226.25,-1487.0,0.0,5.16876599689325
-226.0,-1487.0,0.0,5.13527341683706
-225.75,-1487.0,0.0,5.10178083678087
-225.5,-1487.0,0.0,5.06828825672468
-225.25,-1487.0,0.0,5.03479567666848
-225.0,-1487.0,0.0,5.0013030966123
-224.75,-1487.0,0.0,4.96781051655611
-224.5,-1487.0,0.0,4.93431793649991
-224.25,-1487.0,0.0,4.90082535644372
-224.0,-1487.0,0.0,4.86733277638754
-223.75,-1487.0,0.0,4.83384019633134
-223.5,-1487.0,0.0,4.80034761627515
-223.25,-1487.0,0.0,4.76685503621896
-223.0,-1487.0,0.0,4.73336245616277
-222.75,-1487.0,0.0,4.69986987610658
-222.5,-1487.0,0.0,4.66637729605039
-222.25,-1487.0,0.0,4.6328847159942
-222.0,-1487.0,0.0,4.59939213593801
-252.0,-1486.0,12.0,-inf
-251.75,-1486.0,0.0,6.23501714070638
-251.5,-1486.0,0.0,6.23501714070638
-251.25,-1486.0,0.0,6.23501714070638
-251.0,-1486.0,0.0,6.23501714070638
-250.75,-1486.0,0.0,6.23501714070638
-250.5,-1486.0,0.0,6.23501714070638
-250.25,-1486.0,0.0,6.23501714070638
-250.0,-1486.0,0.0,6.23501714070638
-249.75,-1486.0,0.0,6.23501714070638
-249.5,-1486.0,0.0,6.23501714070638
-249.25,-1486.0,0.0,6.23501714070638
-249.0,-1486.0,0.0,6.23501714070638
-248.75,-1486.0,0.0,6.23501714070638
-248.5,-1486.0,0.0,6.23501714070638
-248.25,-1486.0,0.0,6.23501714070638
-248.0,-1486.0,0.0,6.23501714070638
-247.75,-1486.0,0.0,6.23501714070638
-247.5,-1486.0,0.0,6.23501714070638
-247.25,-1486.0,0.0,6.23501714070638
-247.0,-1486.0,0.0,6.23501714070638
-246.75,-1486.0,0.0,6.23501714070638
-246.5,-1486.0,0.0,6.23501714070638
-246.25,-1486.0,0.0,6.23501714070638
-246.0,-1486.0,0.0,6.23501714070638
-245.75,-1486.0,0.0,6.21228076352013
-245.5,-1486.0,0.0,6.18954438633389
-245.25,-1486.0,0.0,6.16680800914764
-245.0,-1486.0,0.0,6.1440716319614
-244.75,-1486.0,0.0,6.12133525477515
-244.5,-1486.0,0.0,6.09859887758891
-244.25,-1486.0,0.0,6.07586250040266
-244.0,-1486.0,0.0,6.05312612321642
-243.75,-1486.0,0.0,6.03038974603017
-243.5,-1486.0,0.0,6.00765336884393
-243.25,-1486.0,0.0,5.98491699165768
-243.0,-1486.0,0.0,5.96218061447144
-242.75,-1486.0,0.0,5.93944423728519
-242.5,-1486.0,0.0,5.91670786009895
-242.25,-1486.0,0.0,5.8939714829127
-242.0,-1486.0,0.0,5.87123510572645
-241.75,-1486.0,0.0,5.84849872854021
-241.5,-1486.0,0.0,5.82576235135396
-241.25,-1486.0,0.0,5.80302597416772
-241.0,-1486.0,0.0,5.78028959698147
-240.75,-1486.0,0.0,5.75755321979523
-240.5,-1486.0,0.0,5.73481684260898
-240.25,-1486.0,0.0,5.71208046542274
-240.0,-1486.0,0.0,5.68934408823649
-239.75,-1486.0,0.0,5.68079314629237
-239.5,-1486.0,0.0,5.67224220434825
-239.25,-1486.0,0.0,5.66369126240412
-239.0,-1486.0,0.0,5.65514032046
-238.75,-1486.0,0.0,5.64658937851588
-238.5,-1486.0,0.0,5.63803843657176
-238.25,-1486.0,0.0,5.62948749462763
-238.0,-1486.0,0.0,5.62093655268351
-237.75,-1486.0,0.0,5.61238561073939
-237.5,-1486.0,0.0,5.60383466879527
-237.25,-1486.0,0.0,5.59528372685115
-237.0,-1486.0,0.0,5.58673278490702
-236.75,-1486.0,0.0,5.5781818429629
-236.5,-1486.0,0.0,5.56963090101878
-236.25,-1486.0,0.0,5.56107995907466
-236.0,-1486.0,0.0,5.55252901713053
-235.75,-1486.0,0.0,5.54397807518641
-235.5,-1486.0,0.0,5.53542713324229
-235.25,-1486.0,0.0,5.52687619129817
-235.0,-1486.0,0.0,5.51832524935404
-234.75,-1486.0,0.0,5.50977430740992
-234.5,-1486.0,0.0,5.5012233654658
-234.25,-1486.0,0.0,5.49267242352168
-234.0,-1486.0,0.0,5.48412148157755
-233.75,-1486.0,0.0,5.46838426589966
-233.5,-1486.0,0.0,5.45264705022176
-233.25,-1486.0,0.0,5.43690983454386
-233.0,-1486.0,0.0,5.42117261886597
-232.75,-1486.0,0.0,5.40543540318807
-232.5,-1486.0,0.0,5.38969818751017
-232.25,-1486.0,0.0,5.37396097183228
-232.0,-1486.0,0.0,5.35822375615438
-231.75,-1486.0,0.0,5.34248654047648
-231.5,-1486.0,0.0,5.32674932479858
-231.25,-1486.0,0.0,5.31101210912069
-231.0,-1486.0,0.0,5.29527489344279
-230.75,-1486.0,0.0,5.27953767776489
-230.5,-1486.0,0.0,5.26380046208699
-230.25,-1486.0,0.0,5.2480632464091
-230.0,-1486.0,0.0,5.2323260307312
-229.75,-1486.0,0.0,5.2165888150533
-229.5,-1486.0,0.0,5.20085159937541
-229.25,-1486.0,0.0,5.18511438369751
-229.0,-1486.0,0.0,5.16937716801961
-228.75,-1486.0,0.0,5.15363995234171
-228.5,-1486.0,0.0,5.13790273666382
-228.25,-1486.0,0.0,5.12216552098592
-228.0,-1486.0,0.0,5.10642830530802
-227.75,-1486.0,0.0,5.07280179858208
-227.5,-1486.0,0.0,5.03917529185613
-227.25,-1486.0,0.0,5.00554878513018
-227.0,-1486.0,0.0,4.97192227840424
-226.75,-1486.0,0.0,4.93829577167829
-226.5,-1486.0,0.0,4.90466926495234
-226.25,-1486.0,0.0,4.8710427582264
-226.0,-1486.0,0.0,4.83741625150045
-225.75,-1486.0,0.0,4.8037897447745
-225.5,-1486.0,0.0,4.77016323804855
-225.25,-1486.0,0.0,4.7365367313226
-225.0,-1486.0,0.0,4.70291022459666
-224.75,-1486.0,0.0,4.66928371787071
-224.5,-1486.0,0.0,4.63565721114476
-224.25,-1486.0,0.0,4.60203070441882
-224.0,-1486.0,0.0,4.56840419769287
-223.75,-1486.0,0.0,4.53477769096692
-223.5,-1486.0,0.0,4.50115118424098
-223.25,-1486.0,0.0,4.46752467751503
-223.0,-1486.0,0.0,4.43389817078908
-222.75,-1486.0,0.0,4.40027166406314
-222.5,-1486.0,0.0,4.36664515733719
-222.25,-1486.0,0.0,4.33301865061124
-222.0,-1486.0,0.0,4.29939214388529
-252.0,-1485.0,12.0,-inf
-251.75,-1485.0,0.0,6.502525806427
-251.5,-1485.0,0.0,6.502525806427
-251.25,-1485.0,0.0,6.502525806427
-251.0,-1485.0,0.0,6.502525806427
-250.75,-1485.0,0.0,6.502525806427
-250.5,-1485.0,0.0,6.502525806427
-250.25,-1485.0,0.0,6.502525806427
-250.0,-1485.0,0.0,6.502525806427
-249.75,-1485.0,0.0,6.502525806427
-249.5,-1485.0,0.0,6.502525806427
-249.25,-1485.0,0.0,6.502525806427
-249.0,-1485.0,0.0,6.502525806427
-248.75,-1485.0,0.0,6.502525806427
-248.5,-1485.0,0.0,6.502525806427
-248.25,-1485.0,0.0,6.502525806427
-248.0,-1485.0,0.0,6.502525806427
-247.75,-1485.0,0.0,6.502525806427
-247.5,-1485.0,0.0,6.502525806427
-247.25,-1485.0,0.0,6.502525806427
-247.0,-1485.0,0.0,6.502525806427
-246.75,-1485.0,0.0,6.502525806427
-246.5,-1485.0,0.0,6.502525806427
-246.25,-1485.0,0.0,6.502525806427
-246.0,-1485.0,0.0,6.502525806427
-245.75,-1485.0,0.0,6.46842124064763
-245.5,-1485.0,0.0,6.43431667486827
-245.25,-1485.0,0.0,6.4002121090889
-245.0,-1485.0,0.0,6.36610754330953
-244.75,-1485.0,0.0,6.33200297753016
-244.5,-1485.0,0.0,6.29789841175079
-244.25,-1485.0,0.0,6.26379384597142
-244.0,-1485.0,0.0,6.22968928019206
-243.75,-1485.0,0.0,6.19558471441269
-243.5,-1485.0,0.0,6.16148014863332
-243.25,-1485.0,0.0,6.12737558285395
-243.0,-1485.0,0.0,6.09327101707458
-242.75,-1485.0,0.0,6.05916645129522
-242.5,-1485.0,0.0,6.02506188551585
-242.25,-1485.0,0.0,5.99095731973648
-242.0,-1485.0,0.0,5.95685275395711
-241.75,-1485.0,0.0,5.92274818817775
-241.5,-1485.0,0.0,5.88864362239838
-241.25,-1485.0,0.0,5.85453905661901
-241.0,-1485.0,0.0,5.82043449083964
-240.75,-1485.0,0.0,5.78632992506027
-240.5,-1485.0,0.0,5.7522253592809
-240.25,-1485.0,0.0,5.71812079350154
-240.0,-1485.0,0.0,5.68401622772217
-239.75,-1485.0,0.0,5.67118981480598
-239.5,-1485.0,0.0,5.6583634018898
-239.25,-1485.0,0.0,5.64553698897362
-239.0,-1485.0,0.0,5.63271057605743
-238.75,-1485.0,0.0,5.61988416314125
-238.5,-1485.0,0.0,5.60705775022507
-238.25,-1485.0,0.0,5.59423133730888
-238.0,-1485.0,0.0,5.5814049243927
-237.75,-1485.0,0.0,5.56857851147652
-237.5,-1485.0,0.0,5.55575209856033
-237.25,-1485.0,0.0,5.54292568564415
-237.0,-1485.0,0.0,5.53009927272797
-236.75,-1485.0,0.0,5.51727285981178
-236.5,-1485.0,0.0,5.5044464468956
-236.25,-1485.0,0.0,5.49162003397942
-236.0,-1485.0,0.0,5.47879362106323
-235.75,-1485.0,0.0,5.46596720814705
-235.5,-1485.0,0.0,5.45314079523087
-235.25,-1485.0,0.0,5.44031438231468
-235.0,-1485.0,0.0,5.4274879693985
-234.75,-1485.0,0.0,5.41466155648232
-234.5,-1485.0,0.0,5.40183514356613
-234.25,-1485.0,0.0,5.38900873064995
-234.0,-1485.0,0.0,5.37618231773376
-233.75,-1485.0,0.0,5.35257649421692
-233.5,-1485.0,0.0,5.32897067070007
-233.25,-1485.0,0.0,5.30536484718323
-233.0,-1485.0,0.0,5.28175902366638
-232.75,-1485.0,0.0,5.25815320014953
-232.5,-1485.0,0.0,5.23454737663269
-232.25,-1485.0,0.0,5.21094155311585
-232.0,-1485.0,0.0,5.187335729599
-231.75,-1485.0,0.0,5.16372990608215
-231.5,-1485.0,0.0,5.14012408256531
-231.25,-1485.0,0.0,5.11651825904846
-231.0,-1485.0,0.0,5.09291243553162
-230.75,-1485.0,0.0,5.06930661201477
-230.5,-1485.0,0.0,5.04570078849792
-230.25,-1485.0,0.0,5.02209496498108
-230.0,-1485.0,0.0,4.99848914146424
-229.75,-1485.0,0.0,4.97488331794739
-229.5,-1485.0,0.0,4.95127749443054
-229.25,-1485.0,0.0,4.9276716709137
-229.0,-1485.0,0.0,4.90406584739685
-228.75,-1485.0,0.0,4.88046002388
-228.5,-1485.0,0.0,4.85685420036316
-228.25,-1485.0,0.0,4.83324837684631
-228.0,-1485.0,0.0,4.80964255332947
-227.75,-1485.0,0.0,4.77588211993377
-227.5,-1485.0,0.0,4.74212168653806
-227.25,-1485.0,0.0,4.70836125314236
-227.0,-1485.0,0.0,4.67460081974666
-226.75,-1485.0,0.0,4.64084038635095
-226.5,-1485.0,0.0,4.60707995295525
-226.25,-1485.0,0.0,4.57331951955954
-226.0,-1485.0,0.0,4.53955908616384
-225.75,-1485.0,0.0,4.50579865276814
-225.5,-1485.0,0.0,4.47203821937243
-225.25,-1485.0,0.0,4.43827778597673
-225.0,-1485.0,0.0,4.40451735258102
-224.75,-1485.0,0.0,4.37075691918532
-224.5,-1485.0,0.0,4.33699648578961
-224.25,-1485.0,0.0,4.30323605239391
-224.0,-1485.0,0.0,4.26947561899821
-223.75,-1485.0,0.0,4.2357151856025
-223.5,-1485.0,0.0,4.2019547522068
-223.25,-1485.0,0.0,4.1681943188111
-223.0,-1485.0,0.0,4.13443388541539
-222.75,-1485.0,0.0,4.10067345201969
-222.5,-1485.0,0.0,4.06691301862399
-222.25,-1485.0,0.0,4.03315258522828
-222.0,-1485.0,0.0,3.99939215183258
-252.0,-1484.0,12.0,-inf
-251.75,-1484.0,0.0,6.77003447214762
-251.5,-1484.0,0.0,6.77003447214762
-251.25,-1484.0,0.0,6.77003447214762
-251.0,-1484.0,0.0,6.77003447214762
-250.75,-1484.0,0.0,6.77003447214762
-250.5,-1484.0,0.0,6.77003447214762
-250.25,-1484.0,0.0,6.77003447214762
-250.0,-1484.0,0.0,6.77003447214762
-249.75,-1484.0,0.0,6.77003447214762
-249.5,-1484.0,0.0,6.77003447214762
-249.25,-1484.0,0.0,6.77003447214762
-249.0,-1484.0,0.0,6.77003447214762
-248.75,-1484.0,0.0,6.77003447214762
-248.5,-1484.0,0.0,6.77003447214762
-248.25,-1484.0,0.0,6.77003447214762
-248.0,-1484.0,0.0,6.77003447214762
-247.75,-1484.0,0.0,6.77003447214762
-247.5,-1484.0,0.0,6.77003447214762
-247.25,-1484.0,0.0,6.77003447214762
-247.0,-1484.0,0.0,6.77003447214762
-246.75,-1484.0,0.0,6.77003447214762
-246.5,-1484.0,0.0,6.77003447214762
-246.25,-1484.0,0.0,6.77003447214762
-246.0,-1484.0,0.0,6.77003447214762
-245.75,-1484.0,0.0,6.72456171777513
-245.5,-1484.0,0.0,6.67908896340264
-245.25,-1484.0,0.0,6.63361620903015
-245.0,-1484.0,0.0,6.58814345465766
-244.75,-1484.0,0.0,6.54267070028517
-244.5,-1484.0,0.0,6.49719794591268
-244.25,-1484.0,0.0,6.45172519154019
-244.0,-1484.0,0.0,6.4062524371677
-243.75,-1484.0,0.0,6.36077968279521
-243.5,-1484.0,0.0,6.31530692842271
-243.25,-1484.0,0.0,6.26983417405023
-243.0,-1484.0,0.0,6.22436141967773
-242.75,-1484.0,0.0,6.17888866530524
-242.5,-1484.0,0.0,6.13341591093275
-242.25,-1484.0,0.0,6.08794315656026
-242.0,-1484.0,0.0,6.04247040218777
-241.75,-1484.0,0.0,5.99699764781528
-241.5,-1484.0,0.0,5.95152489344279
-241.25,-1484.0,0.0,5.9060521390703
-241.0,-1484.0,0.0,5.86057938469781
-240.75,-1484.0,0.0,5.81510663032532
-240.5,-1484.0,0.0,5.76963387595283
-240.25,-1484.0,0.0,5.72416112158034
-240.0,-1484.0,0.0,5.67868836720784
-239.75,-1484.0,0.0,5.6615864833196
-239.5,-1484.0,0.0,5.64448459943136
-239.25,-1484.0,0.0,5.62738271554311
-239.0,-1484.0,0.0,5.61028083165487
-238.75,-1484.0,0.0,5.59317894776662
-238.5,-1484.0,0.0,5.57607706387838
-238.25,-1484.0,0.0,5.55897517999013
-238.0,-1484.0,0.0,5.54187329610189
-237.75,-1484.0,0.0,5.52477141221364
-237.5,-1484.0,0.0,5.5076695283254
-237.25,-1484.0,0.0,5.49056764443715
-237.0,-1484.0,0.0,5.47346576054891
-236.75,-1484.0,0.0,5.45636387666067
-236.5,-1484.0,0.0,5.43926199277242
-236.25,-1484.0,0.0,5.42216010888418
-236.0,-1484.0,0.0,5.40505822499593
-235.75,-1484.0,0.0,5.38795634110769
-235.5,-1484.0,0.0,5.37085445721944
-235.25,-1484.0,0.0,5.3537525733312
-235.0,-1484.0,0.0,5.33665068944295
-234.75,-1484.0,0.0,5.31954880555471
-234.5,-1484.0,0.0,5.30244692166646
-234.25,-1484.0,0.0,5.28534503777822
-234.0,-1484.0,0.0,5.26824315388997
-233.75,-1484.0,0.0,5.23676872253418
-233.5,-1484.0,0.0,5.20529429117838
-233.25,-1484.0,0.0,5.17381985982259
-233.0,-1484.0,0.0,5.1423454284668
-232.75,-1484.0,0.0,5.110870997111
-232.5,-1484.0,0.0,5.07939656575521
-232.25,-1484.0,0.0,5.04792213439942
-232.0,-1484.0,0.0,5.01644770304362
-231.75,-1484.0,0.0,4.98497327168783
-231.5,-1484.0,0.0,4.95349884033203
-231.25,-1484.0,0.0,4.92202440897624
-231.0,-1484.0,0.0,4.89054997762044
-230.75,-1484.0,0.0,4.85907554626465
-230.5,-1484.0,0.0,4.82760111490885
-230.25,-1484.0,0.0,4.79612668355306
-230.0,-1484.0,0.0,4.76465225219727
-229.75,-1484.0,0.0,4.73317782084147
-229.5,-1484.0,0.0,4.70170338948568
-229.25,-1484.0,0.0,4.67022895812988
-229.0,-1484.0,0.0,4.63875452677409
-228.75,-1484.0,0.0,4.60728009541829
-228.5,-1484.0,0.0,4.5758056640625
-228.25,-1484.0,0.0,4.54433123270671
-228.0,-1484.0,0.0,4.51285680135091
-227.75,-1484.0,0.0,4.47896244128545
-227.5,-1484.0,0.0,4.44506808121999
-227.25,-1484.0,0.0,4.41117372115453
-227.0,-1484.0,0.0,4.37727936108907
-226.75,-1484.0,0.0,4.34338500102361
-226.5,-1484.0,0.0,4.30949064095815
-226.25,-1484.0,0.0,4.27559628089269
-226.0,-1484.0,0.0,4.24170192082723
-225.75,-1484.0,0.0,4.20780756076177
-225.5,-1484.0,0.0,4.17391320069631
-225.25,-1484.0,0.0,4.14001884063085
-225.0,-1484.0,0.0,4.10612448056539
-224.75,-1484.0,0.0,4.07223012049993
-224.5,-1484.0,0.0,4.03833576043447
-224.25,-1484.0,0.0,4.00444140036901
-224.0,-1484.0,0.0,3.97054704030355
-223.75,-1484.0,0.0,3.93665268023809
-223.5,-1484.0,0.0,3.90275832017263
-223.25,-1484.0,0.0,3.86886396010717
-223.0,-1484.0,0.0,3.83496960004171
-222.75,-1484.0,0.0,3.80107523997625
-222.5,-1484.0,0.0,3.76718087991079
-222.25,-1484.0,0.0,3.73328651984533
-222.0,-1484.0,0.0,3.69939215977987
-252.0,-1483.0,12.0,-inf
-251.75,-1483.0,0.0,7.03754313786825
-251.5,-1483.0,0.0,7.03754313786825
-251.25,-1483.0,0.0,7.03754313786825
-251.0,-1483.0,0.0,7.03754313786825
-250.75,-1483.0,0.0,7.03754313786825
-250.5,-1483.0,0.0,7.03754313786825
-250.25,-1483.0,0.0,7.03754313786825
-250.0,-1483.0,0.0,7.03754313786825
-249.75,-1483.0,0.0,7.03754313786825
-249.5,-1483.0,0.0,7.03754313786825
-249.25,-1483.0,0.0,7.03754313786825
-249.0,-1483.0,0.0,7.03754313786825
-248.75,-1483.0,0.0,7.03754313786825
-248.5,-1483.0,0.0,7.03754313786825
-248.25,-1483.0,0.0,7.03754313786825
-248.0,-1483.0,0.0,7.03754313786825
-247.75,-1483.0,0.0,7.03754313786825
-247.5,-1483.0,0.0,7.03754313786825
-247.25,-1483.0,0.0,7.03754313786825
-247.0,-1483.0,0.0,7.03754313786825
-246.75,-1483.0,0.0,7.03754313786825
-246.5,-1483.0,0.0,7.03754313786825
-246.25,-1483.0,0.0,7.03754313786825
-246.0,-1483.0,0.0,7.03754313786825
-245.75,-1483.0,0.0,6.98070219490263
-245.5,-1483.0,0.0,6.92386125193702
-245.25,-1483.0,0.0,6.86702030897141
-245.0,-1483.0,0.0,6.81017936600579
-244.75,-1483.0,0.0,6.75333842304018
-244.5,-1483.0,0.0,6.69649748007457
-244.25,-1483.0,0.0,6.63965653710895
-244.0,-1483.0,0.0,6.58281559414334
-243.75,-1483.0,0.0,6.52597465117772
-243.5,-1483.0,0.0,6.46913370821211
-243.25,-1483.0,0.0,6.4122927652465
-243.0,-1483.0,0.0,6.35545182228088
-242.75,-1483.0,0.0,6.29861087931527
-242.5,-1483.0,0.0,6.24176993634966
-242.25,-1483.0,0.0,6.18492899338404
-242.0,-1483.0,0.0,6.12808805041843
-241.75,-1483.0,0.0,6.07124710745282
-241.5,-1483.0,0.0,6.0144061644872
-241.25,-1483.0,0.0,5.95756522152159
-241.0,-1483.0,0.0,5.90072427855598
-240.75,-1483.0,0.0,5.84388333559036
-240.5,-1483.0,0.0,5.78704239262475
-240.25,-1483.0,0.0,5.73020144965914
-240.0,-1483.0,0.0,5.67336050669352
-239.75,-1483.0,0.0,5.65198315183322
-239.5,-1483.0,0.0,5.63060579697291
-239.25,-1483.0,0.0,5.6092284421126
-239.0,-1483.0,0.0,5.5878510872523
-238.75,-1483.0,0.0,5.56647373239199
-238.5,-1483.0,0.0,5.54509637753169
-238.25,-1483.0,0.0,5.52371902267138
-238.0,-1483.0,0.0,5.50234166781108
-237.75,-1483.0,0.0,5.48096431295077
-237.5,-1483.0,0.0,5.45958695809046
-237.25,-1483.0,0.0,5.43820960323016
-237.0,-1483.0,0.0,5.41683224836985
-236.75,-1483.0,0.0,5.39545489350955
-236.5,-1483.0,0.0,5.37407753864924
-236.25,-1483.0,0.0,5.35270018378893
-236.0,-1483.0,0.0,5.33132282892863
-235.75,-1483.0,0.0,5.30994547406832
-235.5,-1483.0,0.0,5.28856811920802
-235.25,-1483.0,0.0,5.26719076434771
-235.0,-1483.0,0.0,5.24581340948741
-234.75,-1483.0,0.0,5.2244360546271
-234.5,-1483.0,0.0,5.20305869976679
-234.25,-1483.0,0.0,5.18168134490649
-234.0,-1483.0,0.0,5.16030399004618
-233.75,-1483.0,0.0,5.12096095085144
-233.5,-1483.0,0.0,5.08161791165669
-233.25,-1483.0,0.0,5.04227487246195
-233.0,-1483.0,0.0,5.00293183326721
-232.75,-1483.0,0.0,4.96358879407247
-232.5,-1483.0,0.0,4.92424575487773
-232.25,-1483.0,0.0,4.88490271568299
-232.0,-1483.0,0.0,4.84555967648824
-231.75,-1483.0,0.0,4.8062166372935
-231.5,-1483.0,0.0,4.76687359809876
-231.25,-1483.0,0.0,4.72753055890401
-231.0,-1483.0,0.0,4.68818751970927
-230.75,-1483.0,0.0,4.64884448051453
-230.5,-1483.0,0.0,4.60950144131978
-230.25,-1483.0,0.0,4.57015840212504
-230.0,-1483.0,0.0,4.5308153629303
-229.75,-1483.0,0.0,4.49147232373555
-229.5,-1483.0,0.0,4.45212928454081
-229.25,-1483.0,0.0,4.41278624534607
-229.0,-1483.0,0.0,4.37344320615132
-228.75,-1483.0,0.0,4.33410016695658
-228.5,-1483.0,0.0,4.29475712776184
-228.25,-1483.0,0.0,4.2554140885671
-228.0,-1483.0,0.0,4.21607104937235
-227.75,-1483.0,0.0,4.18204276263714
-227.5,-1483.0,0.0,4.14801447590192
-227.25,-1483.0,0.0,4.1139861891667
-227.0,-1483.0,0.0,4.07995790243149
-226.75,-1483.0,0.0,4.04592961569627
-226.5,-1483.0,0.0,4.01190132896105
-226.25,-1483.0,0.0,3.97787304222584
-226.0,-1483.0,0.0,3.94384475549062
-225.75,-1483.0,0.0,3.9098164687554
-225.5,-1483.0,0.0,3.87578818202019
-225.25,-1483.0,0.0,3.84175989528497
-225.0,-1483.0,0.0,3.80773160854975
-224.75,-1483.0,0.0,3.77370332181454
-224.5,-1483.0,0.0,3.73967503507932
-224.25,-1483.0,0.0,3.7056467483441
-224.0,-1483.0,0.0,3.67161846160889
-223.75,-1483.0,0.0,3.63759017487367
-223.5,-1483.0,0.0,3.60356188813845
-223.25,-1483.0,0.0,3.56953360140324
-223.0,-1483.0,0.0,3.53550531466802
-222.75,-1483.0,0.0,3.5014770279328
-222.5,-1483.0,0.0,3.46744874119759
-222.25,-1483.0,0.0,3.43342045446237
-222.0,-1483.0,0.0,3.39939216772715
-252.0,-1482.0,12.0,-inf
-251.75,-1482.0,0.0,7.30505180358887
-251.5,-1482.0,0.0,7.30505180358887
-251.25,-1482.0,0.0,7.30505180358887
-251.0,-1482.0,0.0,7.30505180358887
-250.75,-1482.0,0.0,7.30505180358887
-250.5,-1482.0,0.0,7.30505180358887
-250.25,-1482.0,0.0,7.30505180358887
-250.0,-1482.0,0.0,7.30505180358887
-249.75,-1482.0,0.0,7.30505180358887
-249.5,-1482.0,0.0,7.30505180358887
-249.25,-1482.0,0.0,7.30505180358887
-249.0,-1482.0,0.0,7.30505180358887
-248.75,-1482.0,0.0,7.30505180358887
-248.5,-1482.0,0.0,7.30505180358887
-248.25,-1482.0,0.0,7.30505180358887
-248.0,-1482.0,0.0,7.30505180358887
-247.75,-1482.0,0.0,7.30505180358887
-247.5,-1482.0,0.0,7.30505180358887
-247.25,-1482.0,0.0,7.30505180358887
-247.0,-1482.0,0.0,7.30505180358887
-246.75,-1482.0,0.0,7.30505180358887
-246.5,-1482.0,0.0,7.30505180358887
-246.25,-1482.0,0.0,7.30505180358887
-246.0,-1482.0,0.0,7.30505180358887
-245.75,-1482.0,0.0,7.23684267203013
-245.5,-1482.0,0.0,7.1686335404714
-245.25,-1482.0,0.0,7.10042440891266
-245.0,-1482.0,0.0,7.03221527735392
-244.75,-1482.0,0.0,6.96400614579519
-244.5,-1482.0,0.0,6.89579701423645
-244.25,-1482.0,0.0,6.82758788267771
-244.0,-1482.0,0.0,6.75937875111898
-243.75,-1482.0,0.0,6.69116961956024
-243.5,-1482.0,0.0,6.6229604880015
-243.25,-1482.0,0.0,6.55475135644277
-243.0,-1482.0,0.0,6.48654222488403
-242.75,-1482.0,0.0,6.41833309332529
-242.5,-1482.0,0.0,6.35012396176656
-242.25,-1482.0,0.0,6.28191483020782
-242.0,-1482.0,0.0,6.21370569864909
-241.75,-1482.0,0.0,6.14549656709035
-241.5,-1482.0,0.0,6.07728743553162
-241.25,-1482.0,0.0,6.00907830397288
-241.0,-1482.0,0.0,5.94086917241415
-240.75,-1482.0,0.0,5.87266004085541
-240.5,-1482.0,0.0,5.80445090929667
-240.25,-1482.0,0.0,5.73624177773794
-240.0,-1482.0,0.0,5.6680326461792
-239.75,-1482.0,0.0,5.64237982034683
-239.5,-1482.0,0.0,5.61672699451447
-239.25,-1482.0,0.0,5.5910741686821
-239.0,-1482.0,0.0,5.56542134284973
-238.75,-1482.0,0.0,5.53976851701736
-238.5,-1482.0,0.0,5.514115691185
-238.25,-1482.0,0.0,5.48846286535263
-238.0,-1482.0,0.0,5.46281003952026
-237.75,-1482.0,0.0,5.4371572136879
-237.5,-1482.0,0.0,5.41150438785553
-237.25,-1482.0,0.0,5.38585156202316
-237.0,-1482.0,0.0,5.3601987361908
-236.75,-1482.0,0.0,5.33454591035843
-236.5,-1482.0,0.0,5.30889308452606
-236.25,-1482.0,0.0,5.2832402586937
-236.0,-1482.0,0.0,5.25758743286133
-235.75,-1482.0,0.0,5.23193460702896
-235.5,-1482.0,0.0,5.20628178119659
-235.25,-1482.0,0.0,5.18062895536423
-235.0,-1482.0,0.0,5.15497612953186
-234.75,-1482.0,0.0,5.12932330369949
-234.5,-1482.0,0.0,5.10367047786713
-234.25,-1482.0,0.0,5.07801765203476
-234.0,-1482.0,0.0,5.05236482620239
-233.75,-1482.0,0.0,5.0051531791687
-233.5,-1482.0,0.0,4.95794153213501
-233.25,-1482.0,0.0,4.91072988510132
-233.0,-1482.0,0.0,4.86351823806763
-232.75,-1482.0,0.0,4.81630659103393
-232.5,-1482.0,0.0,4.76909494400024
-232.25,-1482.0,0.0,4.72188329696656
-232.0,-1482.0,0.0,4.67467164993286
-231.75,-1482.0,0.0,4.62746000289917
-231.5,-1482.0,0.0,4.58024835586548
-231.25,-1482.0,0.0,4.53303670883178
-231.0,-1482.0,0.0,4.4858250617981
-230.75,-1482.0,0.0,4.43861341476441
-230.5,-1482.0,0.0,4.39140176773071
-230.25,-1482.0,0.0,4.34419012069702
-230.0,-1482.0,0.0,4.29697847366333
-229.75,-1482.0,0.0,4.24976682662964
-229.5,-1482.0,0.0,4.20255517959595
-229.25,-1482.0,0.0,4.15534353256226
-229.0,-1482.0,0.0,4.10813188552856
-228.75,-1482.0,0.0,4.06092023849487
-228.5,-1482.0,0.0,4.01370859146118
-228.25,-1482.0,0.0,3.96649694442749
-228.0,-1482.0,0.0,3.9192852973938
-227.75,-1482.0,0.0,3.88512308398883
-227.5,-1482.0,0.0,3.85096087058385
-227.25,-1482.0,0.0,3.81679865717888
-227.0,-1482.0,0.0,3.78263644377391
-226.75,-1482.0,0.0,3.74847423036893
-226.5,-1482.0,0.0,3.71431201696396
-226.25,-1482.0,0.0,3.68014980355899
-226.0,-1482.0,0.0,3.64598759015401
-225.75,-1482.0,0.0,3.61182537674904
-225.5,-1482.0,0.0,3.57766316334407
-225.25,-1482.0,0.0,3.54350094993909
-225.0,-1482.0,0.0,3.50933873653412
-224.75,-1482.0,0.0,3.47517652312915
-224.5,-1482.0,0.0,3.44101430972417
-224.25,-1482.0,0.0,3.4068520963192
-224.0,-1482.0,0.0,3.37268988291423
-223.75,-1482.0,0.0,3.33852766950925
-223.5,-1482.0,0.0,3.30436545610428
-223.25,-1482.0,0.0,3.27020324269931
-223.0,-1482.0,0.0,3.23604102929433
-222.75,-1482.0,0.0,3.20187881588936
-222.5,-1482.0,0.0,3.16771660248439
-222.25,-1482.0,0.0,3.13355438907941
-222.0,-1482.0,0.0,3.09939217567444
-252.0,-1481.0,12.0,-inf
-251.75,-1481.0,0.0,7.43754323323568
-251.5,-1481.0,0.0,7.43754323323568
-251.25,-1481.0,0.0,7.43754323323568
-251.0,-1481.0,0.0,7.43754323323568
-250.75,-1481.0,0.0,7.43754323323568
-250.5,-1481.0,0.0,7.43754323323568
-250.25,-1481.0,0.0,7.43754323323568
-250.0,-1481.0,0.0,7.43754323323568
-249.75,-1481.0,0.0,7.43754323323568
-249.5,-1481.0,0.0,7.43754323323568
-249.25,-1481.0,0.0,7.43754323323568
-249.0,-1481.0,0.0,7.43754323323568
-248.75,-1481.0,0.0,7.43754323323568
-248.5,-1481.0,0.0,7.43754323323568
-248.25,-1481.0,0.0,7.43754323323568
-248.0,-1481.0,0.0,7.43754323323568
-247.75,-1481.0,0.0,7.43754323323568
-247.5,-1481.0,0.0,7.43754323323568
-247.25,-1481.0,0.0,7.43754323323568
-247.0,-1481.0,0.0,7.43754323323568
-246.75,-1481.0,0.0,7.43754323323568
-246.5,-1481.0,0.0,7.43754323323568
-246.25,-1481.0,0.0,7.43754323323568
-246.0,-1481.0,0.0,7.43754323323568
-245.75,-1481.0,0.0,7.38070229027006
-245.5,-1481.0,0.0,7.32386134730445
-245.25,-1481.0,0.0,7.26702040433884
-245.0,-1481.0,0.0,7.21017946137322
-244.75,-1481.0,0.0,7.15333851840761
-244.5,-1481.0,0.0,7.096497575442
-244.25,-1481.0,0.0,7.03965663247638
-244.0,-1481.0,0.0,6.98281568951077
-243.75,-1481.0,0.0,6.92597474654516
-243.5,-1481.0,0.0,6.86913380357954
-243.25,-1481.0,0.0,6.81229286061393
-243.0,-1481.0,0.0,6.75545191764832
-242.75,-1481.0,0.0,6.68983364767498
-242.5,-1481.0,0.0,6.62421537770166
-242.25,-1481.0,0.0,6.55859710772832
-242.0,-1481.0,0.0,6.49297883775499
-241.75,-1481.0,0.0,6.42736056778167
-241.5,-1481.0,0.0,6.36174229780833
-241.25,-1481.0,0.0,6.296124027835
-241.0,-1481.0,0.0,6.23050575786167
-240.75,-1481.0,0.0,6.16488748788834
-240.5,-1481.0,0.0,6.09926921791501
-240.25,-1481.0,0.0,6.03365094794168
-240.0,-1481.0,0.0,5.96803267796835
-239.75,-1481.0,0.0,5.94237985875872
-239.5,-1481.0,0.0,5.91672703954909
-239.25,-1481.0,0.0,5.89107422033946
-239.0,-1481.0,0.0,5.86542140112983
-238.75,-1481.0,0.0,5.8397685819202
-238.5,-1481.0,0.0,5.81411576271057
-238.25,-1481.0,0.0,5.78846294350094
-238.0,-1481.0,0.0,5.76281012429132
-237.75,-1481.0,0.0,5.73715730508169
-237.5,-1481.0,0.0,5.71150448587206
-237.25,-1481.0,0.0,5.68585166666243
-237.0,-1481.0,0.0,5.6601988474528
-236.75,-1481.0,0.0,5.63454601499769
-236.5,-1481.0,0.0,5.60889318254259
-236.25,-1481.0,0.0,5.58324035008749
-236.0,-1481.0,0.0,5.55758751763238
-235.75,-1481.0,0.0,5.53193468517728
-235.5,-1481.0,0.0,5.50628185272217
-235.25,-1481.0,0.0,5.48062902026706
-235.0,-1481.0,0.0,5.45497618781196
-234.75,-1481.0,0.0,5.42932335535686
-234.5,-1481.0,0.0,5.40367052290175
-234.25,-1481.0,0.0,5.37801769044664
-234.0,-1481.0,0.0,5.35236485799154
-233.75,-1481.0,0.0,5.29720518324111
-233.5,-1481.0,0.0,5.24204550849067
-233.25,-1481.0,0.0,5.18688583374024
-233.0,-1481.0,0.0,5.1317261589898
-232.75,-1481.0,0.0,5.07656648423936
-232.5,-1481.0,0.0,5.02140680948893
-232.25,-1481.0,0.0,4.9662471347385
-232.0,-1481.0,0.0,4.91108745998806
-231.75,-1481.0,0.0,4.85592778523763
-231.5,-1481.0,0.0,4.8007681104872
-231.25,-1481.0,0.0,4.74560843573676
-231.0,-1481.0,0.0,4.69044876098633
-230.75,-1481.0,0.0,4.63397432698144
-230.5,-1481.0,0.0,4.57749989297655
-230.25,-1481.0,0.0,4.52102545897166
-230.0,-1481.0,0.0,4.46455102496677
-229.75,-1481.0,0.0,4.40807659096188
-229.5,-1481.0,0.0,4.35160215695699
-229.25,-1481.0,0.0,4.29512772295211
-229.0,-1481.0,0.0,4.23865328894721
-228.75,-1481.0,0.0,4.18217885494232
-228.5,-1481.0,0.0,4.12570442093744
-228.25,-1481.0,0.0,4.06922998693254
-228.0,-1481.0,0.0,4.01275555292765
-227.75,-1481.0,0.0,3.96498074796465
-227.5,-1481.0,0.0,3.91720594300164
-227.25,-1481.0,0.0,3.86943113803864
-227.0,-1481.0,0.0,3.82165633307563
-226.75,-1481.0,0.0,3.77388152811262
-226.5,-1481.0,0.0,3.72610672314962
-226.25,-1481.0,0.0,3.67833191818661
-226.0,-1481.0,0.0,3.6305571132236
-225.75,-1481.0,0.0,3.5827823082606
-225.5,-1481.0,0.0,3.5350075032976
-225.25,-1481.0,0.0,3.48723269833458
-225.0,-1481.0,0.0,3.43945789337158
-224.75,-1481.0,0.0,3.39168308178584
-224.5,-1481.0,0.0,3.34390827020009
-224.25,-1481.0,0.0,3.29613345861435
-224.0,-1481.0,0.0,3.24835864702861
-223.75,-1481.0,0.0,3.20058383544286
-223.5,-1481.0,0.0,3.15280902385712
-223.25,-1481.0,0.0,3.10503421227137
-223.0,-1481.0,0.0,3.05725940068562
-222.75,-1481.0,0.0,3.00948458909988
-222.5,-1481.0,0.0,2.96170977751414
-222.25,-1481.0,0.0,2.91393496592839
-222.0,-1481.0,0.0,2.86616015434265
-252.0,-1480.0,12.0,-inf
-251.75,-1480.0,0.0,7.57003466288249
-251.5,-1480.0,0.0,7.57003466288249
-251.25,-1480.0,0.0,7.57003466288249
-251.0,-1480.0,0.0,7.57003466288249
-250.75,-1480.0,0.0,7.57003466288249
-250.5,-1480.0,0.0,7.57003466288249
-250.25,-1480.0,0.0,7.57003466288249
-250.0,-1480.0,0.0,7.57003466288249
-249.75,-1480.0,0.0,7.57003466288249
-249.5,-1480.0,0.0,7.57003466288249
-249.25,-1480.0,0.0,7.57003466288249
-249.0,-1480.0,0.0,7.57003466288249
-248.75,-1480.0,0.0,7.57003466288249
-248.5,-1480.0,0.0,7.57003466288249
-248.25,-1480.0,0.0,7.57003466288249
-248.0,-1480.0,0.0,7.57003466288249
-247.75,-1480.0,0.0,7.57003466288249
-247.5,-1480.0,0.0,7.57003466288249
-247.25,-1480.0,0.0,7.57003466288249
-247.0,-1480.0,0.0,7.57003466288249
-246.75,-1480.0,0.0,7.57003466288249
-246.5,-1480.0,0.0,7.57003466288249
-246.25,-1480.0,0.0,7.57003466288249
-246.0,-1480.0,0.0,7.57003466288249
-245.75,-1480.0,0.0,7.52456190850999
-245.5,-1480.0,0.0,7.47908915413751
-245.25,-1480.0,0.0,7.43361639976501
-245.0,-1480.0,0.0,7.38814364539252
-244.75,-1480.0,0.0,7.34267089102003
-244.5,-1480.0,0.0,7.29719813664754
-244.25,-1480.0,0.0,7.25172538227505
-244.0,-1480.0,0.0,7.20625262790256
-243.75,-1480.0,0.0,7.16077987353007
-243.5,-1480.0,0.0,7.11530711915758
-243.25,-1480.0,0.0,7.06983436478509
-243.0,-1480.0,0.0,7.0243616104126
-242.75,-1480.0,0.0,6.96133420202467
-242.5,-1480.0,0.0,6.89830679363675
-242.25,-1480.0,0.0,6.83527938524882
-242.0,-1480.0,0.0,6.77225197686089
-241.75,-1480.0,0.0,6.70922456847297
-241.5,-1480.0,0.0,6.64619716008504
-241.25,-1480.0,0.0,6.58316975169711
-241.0,-1480.0,0.0,6.52014234330919
-240.75,-1480.0,0.0,6.45711493492126
-240.5,-1480.0,0.0,6.39408752653334
-240.25,-1480.0,0.0,6.33106011814541
-240.0,-1480.0,0.0,6.26803270975748
-239.75,-1480.0,0.0,6.24237989717059
-239.5,-1480.0,0.0,6.21672708458371
-239.25,-1480.0,0.0,6.19107427199681
-239.0,-1480.0,0.0,6.16542145940992
-238.75,-1480.0,0.0,6.13976864682303
-238.5,-1480.0,0.0,6.11411583423614
-238.25,-1480.0,0.0,6.08846302164925
-238.0,-1480.0,0.0,6.06281020906236
-237.75,-1480.0,0.0,6.03715739647547
-237.5,-1480.0,0.0,6.01150458388858
-237.25,-1480.0,0.0,5.98585177130169
-237.0,-1480.0,0.0,5.9601989587148
-236.75,-1480.0,0.0,5.93454611963696
-236.5,-1480.0,0.0,5.90889328055911
-236.25,-1480.0,0.0,5.88324044148127
-236.0,-1480.0,0.0,5.85758760240343
-235.75,-1480.0,0.0,5.83193476332558
-235.5,-1480.0,0.0,5.80628192424774
-235.25,-1480.0,0.0,5.7806290851699
-235.0,-1480.0,0.0,5.75497624609205
-234.75,-1480.0,0.0,5.72932340701421
-234.5,-1480.0,0.0,5.70367056793636
-234.25,-1480.0,0.0,5.67801772885852
-234.0,-1480.0,0.0,5.65236488978068
-233.75,-1480.0,0.0,5.58925718731351
-233.5,-1480.0,0.0,5.52614948484632
-233.25,-1480.0,0.0,5.46304178237915
-233.0,-1480.0,0.0,5.39993407991198
-232.75,-1480.0,0.0,5.33682637744479
-232.5,-1480.0,0.0,5.27371867497762
-232.25,-1480.0,0.0,5.21061097251045
-232.0,-1480.0,0.0,5.14750327004326
-231.75,-1480.0,0.0,5.08439556757609
-231.5,-1480.0,0.0,5.02128786510892
-231.25,-1480.0,0.0,4.95818016264173
-231.0,-1480.0,0.0,4.89507246017456
-230.75,-1480.0,0.0,4.82933523919847
-230.5,-1480.0,0.0,4.76359801822238
-230.25,-1480.0,0.0,4.6978607972463
-230.0,-1480.0,0.0,4.63212357627021
-229.75,-1480.0,0.0,4.56638635529412
-229.5,-1480.0,0.0,4.50064913431803
-229.25,-1480.0,0.0,4.43491191334195
-229.0,-1480.0,0.0,4.36917469236585
-228.75,-1480.0,0.0,4.30343747138977
-228.5,-1480.0,0.0,4.23770025041369
-228.25,-1480.0,0.0,4.17196302943759
-228.0,-1480.0,0.0,4.10622580846151
-227.75,-1480.0,0.0,4.04483841194047
-227.5,-1480.0,0.0,3.98345101541943
-227.25,-1480.0,0.0,3.92206361889839
-227.0,-1480.0,0.0,3.86067622237736
-226.75,-1480.0,0.0,3.79928882585631
-226.5,-1480.0,0.0,3.73790142933528
-226.25,-1480.0,0.0,3.67651403281424
-226.0,-1480.0,0.0,3.6151266362932
-225.75,-1480.0,0.0,3.55373923977216
-225.5,-1480.0,0.0,3.49235184325113
-225.25,-1480.0,0.0,3.43096444673008
-225.0,-1480.0,0.0,3.36957705020905
-224.75,-1480.0,0.0,3.30818964044253
-224.5,-1480.0,0.0,3.24680223067601
-224.25,-1480.0,0.0,3.1854148209095
-224.0,-1480.0,0.0,3.12402741114299
-223.75,-1480.0,0.0,3.06264000137647
-223.5,-1480.0,0.0,3.00125259160996
-223.25,-1480.0,0.0,2.93986518184344
-223.0,-1480.0,0.0,2.87847777207692
-222.75,-1480.0,0.0,2.81709036231041
-222.5,-1480.0,0.0,2.7557029525439
-222.25,-1480.0,0.0,2.69431554277738
-222.0,-1480.0,0.0,2.63292813301087
-252.0,-1479.0,12.0,-inf
-251.75,-1479.0,0.0,7.7025260925293
-251.5,-1479.0,0.0,7.7025260925293
-251.25,-1479.0,0.0,7.7025260925293
-251.0,-1479.0,0.0,7.7025260925293
-250.75,-1479.0,0.0,7.7025260925293
-250.5,-1479.0,0.0,7.7025260925293
-250.25,-1479.0,0.0,7.7025260925293
-250.0,-1479.0,0.0,7.7025260925293
-249.75,-1479.0,0.0,7.7025260925293
-249.5,-1479.0,0.0,7.7025260925293
-249.25,-1479.0,0.0,7.7025260925293
-249.0,-1479.0,0.0,7.7025260925293
-248.75,-1479.0,0.0,7.7025260925293
-248.5,-1479.0,0.0,7.7025260925293
-248.25,-1479.0,0.0,7.7025260925293
-248.0,-1479.0,0.0,7.7025260925293
-247.75,-1479.0,0.0,7.7025260925293
-247.5,-1479.0,0.0,7.7025260925293
-247.25,-1479.0,0.0,7.7025260925293
-247.0,-1479.0,0.0,7.7025260925293
-246.75,-1479.0,0.0,7.7025260925293
-246.5,-1479.0,0.0,7.7025260925293
-246.25,-1479.0,0.0,7.7025260925293
-246.0,-1479.0,0.0,7.7025260925293
-245.75,-1479.0,0.0,7.66842152674993
-245.5,-1479.0,0.0,7.63431696097056
-245.25,-1479.0,0.0,7.60021239519119
-245.0,-1479.0,0.0,7.56610782941182
-244.75,-1479.0,0.0,7.53200326363246
-244.5,-1479.0,0.0,7.49789869785309
-244.25,-1479.0,0.0,7.46379413207372
-244.0,-1479.0,0.0,7.42968956629435
-243.75,-1479.0,0.0,7.39558500051498
-243.5,-1479.0,0.0,7.36148043473562
-243.25,-1479.0,0.0,7.32737586895625
-243.0,-1479.0,0.0,7.29327130317688
-242.75,-1479.0,0.0,7.23283475637436
-242.5,-1479.0,0.0,7.17239820957184
-242.25,-1479.0,0.0,7.11196166276932
-242.0,-1479.0,0.0,7.0515251159668
-241.75,-1479.0,0.0,6.99108856916428
-241.5,-1479.0,0.0,6.93065202236176
-241.25,-1479.0,0.0,6.87021547555923
-241.0,-1479.0,0.0,6.80977892875672
-240.75,-1479.0,0.0,6.74934238195419
-240.5,-1479.0,0.0,6.68890583515167
-240.25,-1479.0,0.0,6.62846928834915
-240.0,-1479.0,0.0,6.56803274154663
-239.75,-1479.0,0.0,6.54237993558248
-239.5,-1479.0,0.0,6.51672712961833
-239.25,-1479.0,0.0,6.49107432365417
-239.0,-1479.0,0.0,6.46542151769002
-238.75,-1479.0,0.0,6.43976871172587
-238.5,-1479.0,0.0,6.41411590576172
-238.25,-1479.0,0.0,6.38846309979757
-238.0,-1479.0,0.0,6.36281029383342
-237.75,-1479.0,0.0,6.33715748786926
-237.5,-1479.0,0.0,6.31150468190511
-237.25,-1479.0,0.0,6.28585187594096
-237.0,-1479.0,0.0,6.26019906997681
-236.75,-1479.0,0.0,6.23454622427622
-236.5,-1479.0,0.0,6.20889337857564
-236.25,-1479.0,0.0,6.18324053287506
-236.0,-1479.0,0.0,6.15758768717448
-235.75,-1479.0,0.0,6.1319348414739
-235.5,-1479.0,0.0,6.10628199577332
-235.25,-1479.0,0.0,6.08062915007273
-235.0,-1479.0,0.0,6.05497630437215
-234.75,-1479.0,0.0,6.02932345867157
-234.5,-1479.0,0.0,6.00367061297099
-234.25,-1479.0,0.0,5.97801776727041
-234.0,-1479.0,0.0,5.95236492156982
-233.75,-1479.0,0.0,5.88130919138591
-233.5,-1479.0,0.0,5.81025346120198
-233.25,-1479.0,0.0,5.73919773101807
-233.0,-1479.0,0.0,5.66814200083415
-232.75,-1479.0,0.0,5.59708627065022
-232.5,-1479.0,0.0,5.52603054046631
-232.25,-1479.0,0.0,5.45497481028239
-232.0,-1479.0,0.0,5.38391908009847
-231.75,-1479.0,0.0,5.31286334991455
-231.5,-1479.0,0.0,5.24180761973064
-231.25,-1479.0,0.0,5.17075188954671
-231.0,-1479.0,0.0,5.09969615936279
-230.75,-1479.0,0.0,5.02469615141551
-230.5,-1479.0,0.0,4.94969614346822
-230.25,-1479.0,0.0,4.87469613552094
-230.0,-1479.0,0.0,4.79969612757365
-229.75,-1479.0,0.0,4.72469611962636
-229.5,-1479.0,0.0,4.64969611167908
-229.25,-1479.0,0.0,4.5746961037318
-229.0,-1479.0,0.0,4.4996960957845
-228.75,-1479.0,0.0,4.42469608783722
-228.5,-1479.0,0.0,4.34969607988994
-228.25,-1479.0,0.0,4.27469607194264
-228.0,-1479.0,0.0,4.19969606399536
-227.75,-1479.0,0.0,4.12469607591629
-227.5,-1479.0,0.0,4.04969608783721
-227.25,-1479.0,0.0,3.97469609975815
-227.0,-1479.0,0.0,3.89969611167908
-226.75,-1479.0,0.0,3.8246961236
-226.5,-1479.0,0.0,3.74969613552094
-226.25,-1479.0,0.0,3.67469614744187
-226.0,-1479.0,0.0,3.59969615936279
-225.75,-1479.0,0.0,3.52469617128372
-225.5,-1479.0,0.0,3.44969618320466
-225.25,-1479.0,0.0,3.37469619512558
-225.0,-1479.0,0.0,3.29969620704651
-224.75,-1479.0,0.0,3.22469619909923
-224.5,-1479.0,0.0,3.14969619115193
-224.25,-1479.0,0.0,3.07469618320465
-224.0,-1479.0,0.0,2.99969617525737
-223.75,-1479.0,0.0,2.92469616731007
-223.5,-1479.0,0.0,2.84969615936279
-223.25,-1479.0,0.0,2.77469615141551
-223.0,-1479.0,0.0,2.69969614346822
-222.75,-1479.0,0.0,2.62469613552094
-222.5,-1479.0,0.0,2.54969612757365
-222.25,-1479.0,0.0,2.47469611962636
-222.0,-1479.0,0.0,2.39969611167908
-252.0,-1478.0,12.0,-inf
-251.75,-1478.0,0.0,7.83501752217611
-251.5,-1478.0,0.0,7.83501752217611
-251.25,-1478.0,0.0,7.83501752217611
-251.0,-1478.0,0.0,7.83501752217611
-250.75,-1478.0,0.0,7.83501752217611
-250.5,-1478.0,0.0,7.83501752217611
-250.25,-1478.0,0.0,7.83501752217611
-250.0,-1478.0,0.0,7.83501752217611
-249.75,-1478.0,0.0,7.83501752217611
-249.5,-1478.0,0.0,7.83501752217611
-249.25,-1478.0,0.0,7.83501752217611
-249.0,-1478.0,0.0,7.83501752217611
-248.75,-1478.0,0.0,7.83501752217611
-248.5,-1478.0,0.0,7.83501752217611
-248.25,-1478.0,0.0,7.83501752217611
-248.0,-1478.0,0.0,7.83501752217611
-247.75,-1478.0,0.0,7.83501752217611
-247.5,-1478.0,0.0,7.83501752217611
-247.25,-1478.0,0.0,7.83501752217611
-247.0,-1478.0,0.0,7.83501752217611
-246.75,-1478.0,0.0,7.83501752217611
-246.5,-1478.0,0.0,7.83501752217611
-246.25,-1478.0,0.0,7.83501752217611
-246.0,-1478.0,0.0,7.83501752217611
-245.75,-1478.0,0.0,7.81228114498986
-245.5,-1478.0,0.0,7.78954476780362
-245.25,-1478.0,0.0,7.76680839061737
-245.0,-1478.0,0.0,7.74407201343113
-244.75,-1478.0,0.0,7.72133563624488
-244.5,-1478.0,0.0,7.69859925905864
-244.25,-1478.0,0.0,7.67586288187239
-244.0,-1478.0,0.0,7.65312650468615
-243.75,-1478.0,0.0,7.6303901274999
-243.5,-1478.0,0.0,7.60765375031365
-243.25,-1478.0,0.0,7.58491737312741
-243.0,-1478.0,0.0,7.56218099594116
-242.75,-1478.0,0.0,7.52188996473948
-242.5,-1478.0,0.0,7.4815989335378
-242.25,-1478.0,0.0,7.44130790233612
-242.0,-1478.0,0.0,7.40101687113444
-241.75,-1478.0,0.0,7.36072583993276
-241.5,-1478.0,0.0,7.32043480873108
-241.25,-1478.0,0.0,7.2801437775294
-241.0,-1478.0,0.0,7.23985274632772
-240.75,-1478.0,0.0,7.19956171512604
-240.5,-1478.0,0.0,7.15927068392436
-240.25,-1478.0,0.0,7.11897965272268
-240.0,-1478.0,0.0,7.078688621521
-239.75,-1478.0,0.0,7.06158675087823
-239.5,-1478.0,0.0,7.04448488023546
-239.25,-1478.0,0.0,7.0273830095927
-239.0,-1478.0,0.0,7.01028113894993
-238.75,-1478.0,0.0,6.99317926830716
-238.5,-1478.0,0.0,6.97607739766439
-238.25,-1478.0,0.0,6.95897552702162
-238.0,-1478.0,0.0,6.94187365637886
-237.75,-1478.0,0.0,6.92477178573609
-237.5,-1478.0,0.0,6.90766991509332
-237.25,-1478.0,0.0,6.89056804445055
-237.0,-1478.0,0.0,6.87346617380778
-236.75,-1478.0,0.0,6.85636427667406
-236.5,-1478.0,0.0,6.83926237954034
-236.25,-1478.0,0.0,6.82216048240662
-236.0,-1478.0,0.0,6.8050585852729
-235.75,-1478.0,0.0,6.78795668813918
-235.5,-1478.0,0.0,6.77085479100546
-235.25,-1478.0,0.0,6.75375289387174
-235.0,-1478.0,0.0,6.73665099673802
-234.75,-1478.0,0.0,6.71954909960429
-234.5,-1478.0,0.0,6.70244720247057
-234.25,-1478.0,0.0,6.68534530533685
-234.0,-1478.0,0.0,6.66824340820313
-233.75,-1478.0,0.0,6.62087292141385
-233.5,-1478.0,0.0,6.57350243462457
-233.25,-1478.0,0.0,6.52613194783529
-233.0,-1478.0,0.0,6.47876146104602
-232.75,-1478.0,0.0,6.43139097425673
-232.5,-1478.0,0.0,6.38402048746745
-232.25,-1478.0,0.0,6.33665000067818
-232.0,-1478.0,0.0,6.28927951388889
-231.75,-1478.0,0.0,6.24190902709962
-231.5,-1478.0,0.0,6.19453854031034
-231.25,-1478.0,0.0,6.14716805352105
-231.0,-1478.0,0.0,6.09979756673178
-230.75,-1478.0,0.0,6.04979756143359
-230.5,-1478.0,0.0,5.99979755613539
-230.25,-1478.0,0.0,5.94979755083721
-230.0,-1478.0,0.0,5.89979754553902
-229.75,-1478.0,0.0,5.84979754024082
-229.5,-1478.0,0.0,5.79979753494264
-229.25,-1478.0,0.0,5.74979752964445
-229.0,-1478.0,0.0,5.69979752434625
-228.75,-1478.0,0.0,5.64979751904806
-228.5,-1478.0,0.0,5.59979751374988
-228.25,-1478.0,0.0,5.54979750845168
-228.0,-1478.0,0.0,5.49979750315349
-227.75,-1478.0,0.0,5.29701972670027
-227.5,-1478.0,0.0,5.09424195024702
-227.25,-1478.0,0.0,4.8914641737938
-227.0,-1478.0,0.0,4.68868639734058
-226.75,-1478.0,0.0,4.48590862088732
-226.5,-1478.0,0.0,4.28313084443411
-226.25,-1478.0,0.0,4.08035306798089
-226.0,-1478.0,0.0,3.87757529152763
-225.75,-1478.0,0.0,3.67479751507441
-225.5,-1478.0,0.0,3.47201973862119
-225.25,-1478.0,0.0,3.26924196216794
-225.0,-1478.0,0.0,3.06646418571472
-224.75,-1478.0,0.0,2.99146417776744
-224.5,-1478.0,0.0,2.91646416982014
-224.25,-1478.0,0.0,2.84146416187286
-224.0,-1478.0,0.0,2.76646415392558
-223.75,-1478.0,0.0,2.69146414597829
-223.5,-1478.0,0.0,2.616464138031
-223.25,-1478.0,0.0,2.54146413008372
-223.0,-1478.0,0.0,2.46646412213643
-222.75,-1478.0,0.0,2.39146411418915
-222.5,-1478.0,0.0,2.31646410624186
-222.25,-1478.0,0.0,2.24146409829457
-222.0,-1478.0,0.0,2.16646409034729
-252.0,-1477.0,12.0,-inf
-251.75,-1477.0,0.0,7.96750895182292
-251.5,-1477.0,0.0,7.96750895182292
-251.25,-1477.0,0.0,7.96750895182292
-251.0,-1477.0,0.0,7.96750895182292
-250.75,-1477.0,0.0,7.96750895182292
-250.5,-1477.0,0.0,7.96750895182292
-250.25,-1477.0,0.0,7.96750895182291
-250.0,-1477.0,0.0,7.96750895182292
-249.75,-1477.0,0.0,7.96750895182292
-249.5,-1477.0,0.0,7.96750895182292
-249.25,-1477.0,0.0,7.96750895182292
-249.0,-1477.0,0.0,7.96750895182292
-248.75,-1477.0,0.0,7.96750895182291
-248.5,-1477.0,0.0,7.96750895182292
-248.25,-1477.0,0.0,7.96750895182292
-248.0,-1477.0,0.0,7.96750895182292
-247.75,-1477.0,0.0,7.96750895182292
-247.5,-1477.0,0.0,7.96750895182292
-247.25,-1477.0,0.0,7.96750895182292
-247.0,-1477.0,0.0,7.96750895182291
-246.75,-1477.0,0.0,7.96750895182292
-246.5,-1477.0,0.0,7.96750895182292
-246.25,-1477.0,0.0,7.96750895182292
-246.0,-1477.0,0.0,7.96750895182292
-245.75,-1477.0,0.0,7.95614076322979
-245.5,-1477.0,0.0,7.94477257463667
-245.25,-1477.0,0.0,7.93340438604355
-245.0,-1477.0,0.0,7.92203619745042
-244.75,-1477.0,0.0,7.9106680088573
-244.5,-1477.0,0.0,7.89929982026418
-244.25,-1477.0,0.0,7.88793163167106
-244.0,-1477.0,0.0,7.87656344307793
-243.75,-1477.0,0.0,7.86519525448481
-243.5,-1477.0,0.0,7.85382706589169
-243.25,-1477.0,0.0,7.84245887729857
-243.0,-1477.0,0.0,7.83109068870544
-242.75,-1477.0,0.0,7.8109451731046
-242.5,-1477.0,0.0,7.79079965750376
-242.25,-1477.0,0.0,7.77065414190292
-242.0,-1477.0,0.0,7.75050862630208
-241.75,-1477.0,0.0,7.73036311070124
-241.5,-1477.0,0.0,7.7102175951004
-241.25,-1477.0,0.0,7.69007207949956
-241.0,-1477.0,0.0,7.66992656389872
-240.75,-1477.0,0.0,7.64978104829788
-240.5,-1477.0,0.0,7.62963553269704
-240.25,-1477.0,0.0,7.6094900170962
-240.0,-1477.0,0.0,7.58934450149536
-239.75,-1477.0,0.0,7.58079356617397
-239.5,-1477.0,0.0,7.57224263085259
-239.25,-1477.0,0.0,7.56369169553121
-239.0,-1477.0,0.0,7.55514076020982
-238.75,-1477.0,0.0,7.54658982488844
-238.5,-1477.0,0.0,7.53803888956705
-238.25,-1477.0,0.0,7.52948795424567
-238.0,-1477.0,0.0,7.52093701892429
-237.75,-1477.0,0.0,7.5123860836029
-237.5,-1477.0,0.0,7.50383514828152
-237.25,-1477.0,0.0,7.49528421296013
-237.0,-1477.0,0.0,7.48673327763875
-236.75,-1477.0,0.0,7.47818232907189
-236.5,-1477.0,0.0,7.46963138050503
-236.25,-1477.0,0.0,7.46108043193817
-236.0,-1477.0,0.0,7.45252948337131
-235.75,-1477.0,0.0,7.44397853480445
-235.5,-1477.0,0.0,7.43542758623759
-235.25,-1477.0,0.0,7.42687663767072
-235.0,-1477.0,0.0,7.41832568910386
-234.75,-1477.0,0.0,7.409774740537
-234.5,-1477.0,0.0,7.40122379197014
-234.25,-1477.0,0.0,7.39267284340328
-234.0,-1477.0,0.0,7.38412189483642
-233.75,-1477.0,0.0,7.36043665144178
-233.5,-1477.0,0.0,7.33675140804714
-233.25,-1477.0,0.0,7.3130661646525
-233.0,-1477.0,0.0,7.28938092125786
-232.75,-1477.0,0.0,7.26569567786322
-232.5,-1477.0,0.0,7.24201043446858
-232.25,-1477.0,0.0,7.21832519107394
-232.0,-1477.0,0.0,7.1946399476793
-231.75,-1477.0,0.0,7.17095470428466
-231.5,-1477.0,0.0,7.14726946089002
-231.25,-1477.0,0.0,7.12358421749538
-231.0,-1477.0,0.0,7.09989897410074
-230.75,-1477.0,0.0,7.07489897145165
-230.5,-1477.0,0.0,7.04989896880255
-230.25,-1477.0,0.0,7.02489896615346
-230.0,-1477.0,0.0,6.99989896350436
-229.75,-1477.0,0.0,6.97489896085526
-229.5,-1477.0,0.0,6.94989895820617
-229.25,-1477.0,0.0,6.92489895555707
-229.0,-1477.0,0.0,6.89989895290798
-228.75,-1477.0,0.0,6.87489895025888
-228.5,-1477.0,0.0,6.84989894760979
-228.25,-1477.0,0.0,6.82489894496069
-228.0,-1477.0,0.0,6.7998989423116
-227.75,-1477.0,0.0,6.46934337748423
-227.5,-1477.0,0.0,6.1387878126568
-227.25,-1477.0,0.0,5.80823224782943
-227.0,-1477.0,0.0,5.47767668300206
-226.75,-1477.0,0.0,5.14712111817464
-226.5,-1477.0,0.0,4.81656555334727
-226.25,-1477.0,0.0,4.4860099885199
-226.0,-1477.0,0.0,4.15545442369247
-225.75,-1477.0,0.0,3.8248988588651
-225.5,-1477.0,0.0,3.49434329403773
-225.25,-1477.0,0.0,3.16378772921031
-225.0,-1477.0,0.0,2.83323216438294
-224.75,-1477.0,0.0,2.75823215643565
-224.5,-1477.0,0.0,2.68323214848836
-224.25,-1477.0,0.0,2.60823214054108
-224.0,-1477.0,0.0,2.5332321325938
-223.75,-1477.0,0.0,2.4582321246465
-223.5,-1477.0,0.0,2.38323211669922
-223.25,-1477.0,0.0,2.30823210875194
-223.0,-1477.0,0.0,2.23323210080464
-222.75,-1477.0,0.0,2.15823209285736
-222.5,-1477.0,0.0,2.08323208491008
-222.25,-1477.0,0.0,2.00823207696279
-222.0,-1477.0,0.0,1.9332320690155
-252.0,-1476.0,12.0,-inf
-251.75,-1476.0,0.0,8.10000038146973
-251.5,-1476.0,0.0,8.10000038146973
-251.25,-1476.0,0.0,8.10000038146973
-251.0,-1476.0,0.0,8.10000038146973
-250.75,-1476.0,0.0,8.10000038146973
-250.5,-1476.0,0.0,8.10000038146973
-250.25,-1476.0,0.0,8.10000038146973
-250.0,-1476.0,0.0,8.10000038146973
-249.75,-1476.0,0.0,8.10000038146973
-249.5,-1476.0,0.0,8.10000038146973
-249.25,-1476.0,0.0,8.10000038146973
-249.0,-1476.0,0.0,8.10000038146973
-248.75,-1476.0,0.0,8.10000038146973
-248.5,-1476.0,0.0,8.10000038146973
-248.25,-1476.0,0.0,8.10000038146973
-248.0,-1476.0,0.0,8.10000038146973
-247.75,-1476.0,0.0,8.10000038146973
-247.5,-1476.0,0.0,8.10000038146973
-247.25,-1476.0,0.0,8.10000038146973
-247.0,-1476.0,0.0,8.10000038146973
-246.75,-1476.0,0.0,8.10000038146973
-246.5,-1476.0,0.0,8.10000038146973
-246.25,-1476.0,0.0,8.10000038146973
-246.0,-1476.0,0.0,8.10000038146973
-245.75,-1476.0,0.0,8.10000038146973
-245.5,-1476.0,0.0,8.10000038146973
-245.25,-1476.0,0.0,8.10000038146973
-245.0,-1476.0,0.0,8.10000038146973
-244.75,-1476.0,0.0,8.10000038146973
-244.5,-1476.0,0.0,8.10000038146973
-244.25,-1476.0,0.0,8.10000038146973
-244.0,-1476.0,0.0,8.10000038146973
-243.75,-1476.0,0.0,8.10000038146973
-243.5,-1476.0,0.0,8.10000038146973
-243.25,-1476.0,0.0,8.10000038146973
-243.0,-1476.0,0.0,8.10000038146973
-242.75,-1476.0,0.0,8.10000038146973
-242.5,-1476.0,0.0,8.10000038146973
-242.25,-1476.0,0.0,8.10000038146973
-242.0,-1476.0,0.0,8.10000038146973
-241.75,-1476.0,0.0,8.10000038146973
-241.5,-1476.0,0.0,8.10000038146973
-241.25,-1476.0,0.0,8.10000038146973
-241.0,-1476.0,0.0,8.10000038146973
-240.75,-1476.0,0.0,8.10000038146973
-240.5,-1476.0,0.0,8.10000038146973
-240.25,-1476.0,0.0,8.10000038146973
-240.0,-1476.0,0.0,8.10000038146973
-239.75,-1476.0,0.0,8.10000038146973
-239.5,-1476.0,0.0,8.10000038146973
-239.25,-1476.0,0.0,8.10000038146973
-239.0,-1476.0,0.0,8.10000038146973
-238.75,-1476.0,0.0,8.10000038146973
-238.5,-1476.0,0.0,8.10000038146973
-238.25,-1476.0,0.0,8.10000038146973
-238.0,-1476.0,0.0,8.10000038146973
-237.75,-1476.0,0.0,8.10000038146973
-237.5,-1476.0,0.0,8.10000038146973
-237.25,-1476.0,0.0,8.10000038146973
-237.0,-1476.0,0.0,8.10000038146973
-236.75,-1476.0,0.0,8.10000038146973
-236.5,-1476.0,0.0,8.10000038146973
-236.25,-1476.0,0.0,8.10000038146973
-236.0,-1476.0,0.0,8.10000038146973
-235.75,-1476.0,0.0,8.10000038146973
-235.5,-1476.0,0.0,8.10000038146973
-235.25,-1476.0,0.0,8.10000038146973
-235.0,-1476.0,0.0,8.10000038146973
-234.75,-1476.0,0.0,8.10000038146973
-234.5,-1476.0,0.0,8.10000038146973
-234.25,-1476.0,0.0,8.10000038146973
-234.0,-1476.0,0.0,8.10000038146973
-233.75,-1476.0,0.0,8.10000038146973
-233.5,-1476.0,0.0,8.10000038146973
-233.25,-1476.0,0.0,8.10000038146973
-233.0,-1476.0,0.0,8.10000038146973
-232.75,-1476.0,0.0,8.10000038146973
-232.5,-1476.0,0.0,8.10000038146973
-232.25,-1476.0,0.0,8.10000038146973
-232.0,-1476.0,0.0,8.10000038146973
-231.75,-1476.0,0.0,8.10000038146973
-231.5,-1476.0,0.0,8.10000038146973
-231.25,-1476.0,0.0,8.10000038146973
-231.0,-1476.0,0.0,8.10000038146973
-230.75,-1476.0,0.0,8.10000038146973
-230.5,-1476.0,0.0,8.10000038146973
-230.25,-1476.0,0.0,8.10000038146973
-230.0,-1476.0,0.0,8.10000038146973
-229.75,-1476.0,0.0,8.10000038146973
-229.5,-1476.0,0.0,8.10000038146973
-229.25,-1476.0,0.0,8.10000038146973
-229.0,-1476.0,0.0,8.10000038146973
-228.75,-1476.0,0.0,8.10000038146973
-228.5,-1476.0,0.0,8.10000038146973
-228.25,-1476.0,0.0,8.10000038146973
-228.0,-1476.0,0.0,8.10000038146973
-227.75,-1476.0,0.0,7.6416670282682
-227.5,-1476.0,0.0,7.1833336750666
-227.25,-1476.0,0.0,6.72500032186508
-227.0,-1476.0,0.0,6.26666696866356
-226.75,-1476.0,0.0,5.80833361546196
-226.5,-1476.0,0.0,5.35000026226044
-226.25,-1476.0,0.0,4.89166690905892
-226.0,-1476.0,0.0,4.43333355585731
-225.75,-1476.0,0.0,3.97500020265579
-225.5,-1476.0,0.0,3.51666684945427
-225.25,-1476.0,0.0,3.05833349625267
-225.0,-1476.0,0.0,2.60000014305115
-224.75,-1476.0,0.0,2.52500013510387
-224.5,-1476.0,0.0,2.45000012715657
-224.25,-1476.0,0.0,2.37500011920929
-224.0,-1476.0,0.0,2.30000011126201
-223.75,-1476.0,0.0,2.22500010331471
-223.5,-1476.0,0.0,2.15000009536743
-223.25,-1476.0,0.0,2.07500008742015
-223.0,-1476.0,0.0,2.00000007947286
-222.75,-1476.0,0.0,1.92500007152557
-222.5,-1476.0,0.0,1.85000006357829
-222.25,-1476.0,0.0,1.775000055631
-222.0,-1476.0,0.0,1.70000004768372
-252.0,-1475.0,8.0,9.89999961853027
-251.75,-1475.0,8.0,9.57857118334089
-251.5,-1475.0,8.0,9.33749985694886
-251.25,-1475.0,8.0,9.14999993642172
-251.0,-1475.0,8.0,9.0
-250.75,-1475.0,8.0,8.87727277929133
-250.5,-1475.0,8.0,8.77500009536744
-250.25,-1475.0,8.0,8.68846167050875
-250.0,-1475.0,8.0,8.61428587777274
-249.75,-1475.0,8.0,8.55000019073487
-249.5,-1475.0,8.0,8.49375021457672
-249.25,-1475.0,8.0,8.44411788267248
-249.0,-1475.0,8.0,8.40000025431315
-248.75,-1475.0,8.0,8.39193477895525
-248.5,-1475.0,8.0,8.38386930359735
-248.25,-1475.0,8.0,8.37580382823944
-248.0,-1475.0,8.0,8.36773835288154
-247.75,-1475.0,8.0,8.35967287752364
-247.5,-1475.0,8.0,8.35160740216573
-247.25,-1475.0,8.0,8.34354192680783
-247.0,-1475.0,8.0,8.33547645144993
-246.75,-1475.0,8.0,8.32741097609202
-246.5,-1475.0,8.0,8.31934550073412
-246.25,-1475.0,8.0,8.31128002537621
-246.0,-1475.0,8.0,8.30321455001831
-245.75,-1475.0,8.0,8.29474729299545
-245.5,-1475.0,8.0,8.2862800359726
-245.25,-1475.0,8.0,8.27781277894974
-245.0,-1475.0,8.0,8.26934552192688
-244.75,-1475.0,8.0,8.26087826490402
-244.5,-1475.0,8.0,8.25241100788117
-244.25,-1475.0,8.0,8.24394375085831
-244.0,-1475.0,8.0,8.23547649383545
-243.75,-1475.0,8.0,8.22700923681259
-243.5,-1475.0,8.0,8.21854197978973
-243.25,-1475.0,8.0,8.21007472276688
-243.0,-1475.0,8.0,8.20160746574402
-242.75,-1475.0,8.0,8.19314020872116
-242.5,-1475.0,8.0,8.1846729516983
-242.25,-1475.0,8.0,8.17620569467545
-242.0,-1475.0,8.0,8.16773843765259
-241.75,-1475.0,8.0,8.15927118062973
-241.5,-1475.0,8.0,8.15080392360687
-241.25,-1475.0,8.0,8.14233666658401
-241.0,-1475.0,8.0,8.13386940956116
-240.75,-1475.0,8.0,8.1254021525383
-240.5,-1475.0,8.0,8.11693489551544
-240.25,-1475.0,8.0,8.10846763849258
-240.0,-1475.0,8.0,8.10000038146973
-239.75,-1475.0,8.0,8.10000038146973
-239.5,-1475.0,8.0,8.10000038146973
-239.25,-1475.0,8.0,8.10000038146973
-239.0,-1475.0,8.0,8.10000038146973
-238.75,-1475.0,8.0,8.10000038146973
-238.5,-1475.0,8.0,8.10000038146973
-238.25,-1475.0,8.0,8.10000038146973
-238.0,-1475.0,8.0,8.10000038146973
-237.75,-1475.0,8.0,8.10000038146973
-237.5,-1475.0,8.0,8.10000038146973
-237.25,-1475.0,8.0,8.10000038146973
-237.0,-1475.0,8.0,8.10000038146973
-236.75,-1475.0,8.0,8.10000038146973
-236.5,-1475.0,8.0,8.10000038146973
-236.25,-1475.0,8.0,8.10000038146973
-236.0,-1475.0,8.0,8.10000038146973
-235.75,-1475.0,8.0,8.10000038146973
-235.5,-1475.0,8.0,8.10000038146973
-235.25,-1475.0,8.0,8.10000038146973
-235.0,-1475.0,8.0,8.10000038146973
-234.75,-1475.0,8.0,8.10000038146973
-234.5,-1475.0,8.0,8.10000038146973
-234.25,-1475.0,8.0,8.10000038146973
-234.0,-1475.0,8.0,8.10000038146973
-233.75,-1475.0,8.0,8.10000038146972
-233.5,-1475.0,8.0,8.10000038146973
-233.25,-1475.0,8.0,8.10000038146973
-233.0,-1475.0,8.0,8.10000038146973
-232.75,-1475.0,8.0,8.10000038146972
-232.5,-1475.0,8.0,8.10000038146973
-232.25,-1475.0,8.0,8.10000038146973
-232.0,-1475.0,8.0,8.10000038146973
-231.75,-1475.0,8.0,8.10000038146973
-231.5,-1475.0,8.0,8.10000038146973
-231.25,-1475.0,8.0,8.10000038146973
-231.0,-1475.0,8.0,8.10000038146973
-230.75,-1475.0,8.0,8.10000038146973
-230.5,-1475.0,8.0,8.10000038146973
-230.25,-1475.0,8.0,8.10000038146973
-230.0,-1475.0,8.0,8.10000038146973
-229.75,-1475.0,8.0,8.10000038146973
-229.5,-1475.0,8.0,8.10000038146973
-229.25,-1475.0,8.0,8.10000038146973
-229.0,-1475.0,8.0,8.10000038146973
-228.75,-1475.0,8.0,8.10000038146973
-228.5,-1475.0,8.0,8.10000038146973
-228.25,-1475.0,8.0,8.10000038146973
-228.0,-1475.0,8.0,8.10000038146973
-227.75,-1475.0,0.0,7.6416670282682
-227.5,-1475.0,0.0,7.1833336750666
-227.25,-1475.0,0.0,6.72500032186508
-227.0,-1475.0,0.0,6.26666696866356
-226.75,-1475.0,0.0,5.80833361546196
-226.5,-1475.0,0.0,5.35000026226044
-226.25,-1475.0,0.0,4.89166690905891
-226.0,-1475.0,0.0,4.43333355585731
-225.75,-1475.0,0.0,3.97500020265579
-225.5,-1475.0,0.0,3.51666684945427
-225.25,-1475.0,0.0,3.05833349625267
-225.0,-1475.0,0.0,2.60000014305115
-224.75,-1475.0,0.0,2.52500013510387
-224.5,-1475.0,0.0,2.45000012715657
-224.25,-1475.0,0.0,2.37500011920929
-224.0,-1475.0,0.0,2.30000011126201
-223.75,-1475.0,0.0,2.22500010331471
-223.5,-1475.0,0.0,2.15000009536743
-223.25,-1475.0,0.0,2.07500008742015
-223.0,-1475.0,0.0,2.00000007947286
-222.75,-1475.0,0.0,1.92500007152557
-222.5,-1475.0,0.0,1.85000006357829
-222.25,-1475.0,0.0,1.775000055631
-222.0,-1475.0,0.0,1.70000004768372
-252.0,-1474.0,8.0,9.89999961853027
-251.75,-1474.0,8.0,9.75599967956543
-251.5,-1474.0,8.0,9.6230766589825
-251.25,-1474.0,8.0,9.49999978807237
-251.0,-1474.0,8.0,9.38571412222726
-250.75,-1474.0,8.0,9.27931022644043
-250.5,-1474.0,8.0,9.17999992370605
-250.25,-1474.0,8.0,9.08709673727712
-250.0,-1474.0,8.0,9.0
-249.75,-1474.0,8.0,8.91818185286088
-249.5,-1474.0,8.0,8.84117653790642
-249.25,-1474.0,8.0,8.76857152666364
-249.0,-1474.0,8.0,8.70000012715657
-248.75,-1474.0,8.0,8.68386917644077
-248.5,-1474.0,8.0,8.66773822572496
-248.25,-1474.0,8.0,8.65160727500915
-248.0,-1474.0,8.0,8.63547632429335
-247.75,-1474.0,8.0,8.61934537357754
-247.5,-1474.0,8.0,8.60321442286173
-247.25,-1474.0,8.0,8.58708347214593
-247.0,-1474.0,8.0,8.57095252143012
-246.75,-1474.0,8.0,8.55482157071431
-246.5,-1474.0,8.0,8.5386906199985
-246.25,-1474.0,8.0,8.5225596692827
-246.0,-1474.0,8.0,8.50642871856689
-245.75,-1474.0,8.0,8.48949420452118
-245.5,-1474.0,8.0,8.47255969047546
-245.25,-1474.0,8.0,8.45562517642975
-245.0,-1474.0,8.0,8.43869066238403
-244.75,-1474.0,8.0,8.42175614833832
-244.5,-1474.0,8.0,8.4048216342926
-244.25,-1474.0,8.0,8.38788712024689
-244.0,-1474.0,8.0,8.37095260620117
-243.75,-1474.0,8.0,8.35401809215546
-243.5,-1474.0,8.0,8.33708357810974
-243.25,-1474.0,8.0,8.32014906406403
-243.0,-1474.0,8.0,8.30321455001831
-242.75,-1474.0,8.0,8.2862800359726
-242.5,-1474.0,8.0,8.26934552192688
-242.25,-1474.0,8.0,8.25241100788116
-242.0,-1474.0,8.0,8.23547649383545
-241.75,-1474.0,8.0,8.21854197978973
-241.5,-1474.0,8.0,8.20160746574402
-241.25,-1474.0,8.0,8.1846729516983
-241.0,-1474.0,8.0,8.16773843765259
-240.75,-1474.0,8.0,8.15080392360687
-240.5,-1474.0,8.0,8.13386940956116
-240.25,-1474.0,8.0,8.11693489551544
-240.0,-1474.0,8.0,8.10000038146973
-239.75,-1474.0,8.0,8.10000038146973
-239.5,-1474.0,8.0,8.10000038146973
-239.25,-1474.0,8.0,8.10000038146973
-239.0,-1474.0,8.0,8.10000038146973
-238.75,-1474.0,8.0,8.10000038146972
-238.5,-1474.0,8.0,8.10000038146973
-238.25,-1474.0,8.0,8.10000038146973
-238.0,-1474.0,8.0,8.10000038146973
-237.75,-1474.0,8.0,8.10000038146973
-237.5,-1474.0,8.0,8.10000038146973
-237.25,-1474.0,8.0,8.10000038146973
-237.0,-1474.0,8.0,8.10000038146973
-236.75,-1474.0,8.0,8.10000038146973
-236.5,-1474.0,8.0,8.10000038146973
-236.25,-1474.0,8.0,8.10000038146973
-236.0,-1474.0,8.0,8.10000038146973
-235.75,-1474.0,8.0,8.10000038146973
-235.5,-1474.0,8.0,8.10000038146973
-235.25,-1474.0,8.0,8.10000038146972
-235.0,-1474.0,8.0,8.10000038146973
-234.75,-1474.0,8.0,8.10000038146973
-234.5,-1474.0,8.0,8.10000038146973
-234.25,-1474.0,8.0,8.10000038146973
-234.0,-1474.0,8.0,8.10000038146973
-233.75,-1474.0,8.0,8.10000038146973
-233.5,-1474.0,8.0,8.10000038146973
-233.25,-1474.0,8.0,8.10000038146973
-233.0,-1474.0,8.0,8.10000038146973
-232.75,-1474.0,8.0,8.10000038146973
-232.5,-1474.0,8.0,8.10000038146973
-232.25,-1474.0,8.0,8.10000038146973
-232.0,-1474.0,8.0,8.10000038146973
-231.75,-1474.0,8.0,8.10000038146973
-231.5,-1474.0,8.0,8.10000038146973
-231.25,-1474.0,8.0,8.10000038146973
-231.0,-1474.0,8.0,8.10000038146973
-230.75,-1474.0,8.0,8.10000038146973
-230.5,-1474.0,8.0,8.10000038146973
-230.25,-1474.0,8.0,8.10000038146973
-230.0,-1474.0,8.0,8.10000038146973
-229.75,-1474.0,8.0,8.10000038146973
-229.5,-1474.0,8.0,8.10000038146973
-229.25,-1474.0,8.0,8.10000038146973
-229.0,-1474.0,8.0,8.10000038146973
-228.75,-1474.0,8.0,8.10000038146973
-228.5,-1474.0,8.0,8.10000038146973
-228.25,-1474.0,8.0,8.10000038146973
-228.0,-1474.0,8.0,8.10000038146973
-227.75,-1474.0,0.0,7.6416670282682
-227.5,-1474.0,0.0,7.1833336750666
-227.25,-1474.0,0.0,6.72500032186508
-227.0,-1474.0,0.0,6.26666696866356
-226.75,-1474.0,0.0,5.80833361546196
-226.5,-1474.0,0.0,5.35000026226044
-226.25,-1474.0,0.0,4.89166690905892
-226.0,-1474.0,0.0,4.43333355585732
-225.75,-1474.0,0.0,3.97500020265579
-225.5,-1474.0,0.0,3.51666684945427
-225.25,-1474.0,0.0,3.05833349625267
-225.0,-1474.0,0.0,2.60000014305115
-224.75,-1474.0,0.0,2.52500013510387
-224.5,-1474.0,0.0,2.45000012715657
-224.25,-1474.0,0.0,2.37500011920929
-224.0,-1474.0,0.0,2.30000011126201
-223.75,-1474.0,0.0,2.22500010331471
-223.5,-1474.0,0.0,2.15000009536743
-223.25,-1474.0,0.0,2.07500008742015
-223.0,-1474.0,0.0,2.00000007947286
-222.75,-1474.0,0.0,1.92500007152557
-222.5,-1474.0,0.0,1.85000006357829
-222.25,-1474.0,0.0,1.775000055631
-222.0,-1474.0,0.0,1.70000004768372
-252.0,-1473.0,8.0,9.89999961853027
-251.75,-1473.0,8.0,9.82499965031941
-251.5,-1473.0,8.0,9.74999968210856
-251.25,-1473.0,8.0,9.67499971389771
-251.0,-1473.0,8.0,9.59999974568685
-250.75,-1473.0,8.0,9.52499977747599
-250.5,-1473.0,8.0,9.44999980926514
-250.25,-1473.0,8.0,9.37499984105428
-250.0,-1473.0,8.0,9.29999987284343
-249.75,-1473.0,8.0,9.22499990463257
-249.5,-1473.0,8.0,9.14999993642171
-249.25,-1473.0,8.0,9.07499996821086
-249.0,-1473.0,8.0,9.0
-248.75,-1473.0,8.0,8.97580357392629
-248.5,-1473.0,8.0,8.95160714785258
-248.25,-1473.0,8.0,8.92741072177887
-248.0,-1473.0,8.0,8.90321429570516
-247.75,-1473.0,8.0,8.87901786963145
-247.5,-1473.0,8.0,8.85482144355774
-247.25,-1473.0,8.0,8.83062501748403
-247.0,-1473.0,8.0,8.80642859141032
-246.75,-1473.0,8.0,8.78223216533661
-246.5,-1473.0,8.0,8.7580357392629
-246.25,-1473.0,8.0,8.73383931318919
-246.0,-1473.0,8.0,8.70964288711548
-245.75,-1473.0,8.0,8.6842411160469
-245.5,-1473.0,8.0,8.65883934497833
-245.25,-1473.0,8.0,8.63343757390976
-245.0,-1473.0,8.0,8.60803580284118
-244.75,-1473.0,8.0,8.58263403177262
-244.5,-1473.0,8.0,8.55723226070404
-244.25,-1473.0,8.0,8.53183048963547
-244.0,-1473.0,8.0,8.5064287185669
-243.75,-1473.0,8.0,8.48102694749832
-243.5,-1473.0,8.0,8.45562517642975
-243.25,-1473.0,8.0,8.43022340536118
-243.0,-1473.0,8.0,8.4048216342926
-242.75,-1473.0,8.0,8.37941986322403
-242.5,-1473.0,8.0,8.35401809215546
-242.25,-1473.0,8.0,8.32861632108688
-242.0,-1473.0,8.0,8.30321455001831
-241.75,-1473.0,8.0,8.27781277894974
-241.5,-1473.0,8.0,8.25241100788116
-241.25,-1473.0,8.0,8.22700923681259
-241.0,-1473.0,8.0,8.20160746574402
-240.75,-1473.0,8.0,8.17620569467545
-240.5,-1473.0,8.0,8.15080392360687
-240.25,-1473.0,8.0,8.1254021525383
-240.0,-1473.0,8.0,8.10000038146973
-239.75,-1473.0,8.0,8.10000038146973
-239.5,-1473.0,8.0,8.10000038146973
-239.25,-1473.0,8.0,8.10000038146973
-239.0,-1473.0,8.0,8.10000038146973
-238.75,-1473.0,8.0,8.10000038146973
-238.5,-1473.0,8.0,8.10000038146973
-238.25,-1473.0,8.0,8.10000038146973
-238.0,-1473.0,8.0,8.10000038146973
-237.75,-1473.0,8.0,8.10000038146973
-237.5,-1473.0,8.0,8.10000038146973
-237.25,-1473.0,8.0,8.10000038146973
-237.0,-1473.0,8.0,8.10000038146973
-236.75,-1473.0,8.0,8.10000038146973
-236.5,-1473.0,8.0,8.10000038146973
-236.25,-1473.0,8.0,8.10000038146973
-236.0,-1473.0,8.0,8.10000038146973
-235.75,-1473.0,8.0,8.10000038146973
-235.5,-1473.0,8.0,8.10000038146973
-235.25,-1473.0,8.0,8.10000038146973
-235.0,-1473.0,8.0,8.10000038146973
-234.75,-1473.0,8.0,8.10000038146973
-234.5,-1473.0,8.0,8.10000038146973
-234.25,-1473.0,8.0,8.10000038146973
-234.0,-1473.0,8.0,8.10000038146973
-233.75,-1473.0,8.0,8.10000038146973
-233.5,-1473.0,8.0,8.10000038146973
-233.25,-1473.0,8.0,8.10000038146973
-233.0,-1473.0,8.0,8.10000038146973
-232.75,-1473.0,8.0,8.10000038146973
-232.5,-1473.0,8.0,8.10000038146973
-232.25,-1473.0,8.0,8.10000038146973
-232.0,-1473.0,8.0,8.10000038146973
-231.75,-1473.0,8.0,8.10000038146973
-231.5,-1473.0,8.0,8.10000038146973
-231.25,-1473.0,8.0,8.10000038146973
-231.0,-1473.0,8.0,8.10000038146973
-230.75,-1473.0,8.0,8.10000038146973
-230.5,-1473.0,8.0,8.10000038146973
-230.25,-1473.0,8.0,8.10000038146973
-230.0,-1473.0,8.0,8.10000038146973
-229.75,-1473.0,8.0,8.10000038146973
-229.5,-1473.0,8.0,8.10000038146973
-229.25,-1473.0,8.0,8.10000038146973
-229.0,-1473.0,8.0,8.10000038146973
-228.75,-1473.0,8.0,8.10000038146973
-228.5,-1473.0,8.0,8.10000038146973
-228.25,-1473.0,8.0,8.10000038146973
-228.0,-1473.0,8.0,8.10000038146973
-227.75,-1473.0,0.0,7.6416670282682
-227.5,-1473.0,0.0,7.1833336750666
-227.25,-1473.0,0.0,6.72500032186508
-227.0,-1473.0,0.0,6.26666696866356
-226.75,-1473.0,0.0,5.80833361546196
-226.5,-1473.0,0.0,5.35000026226044
-226.25,-1473.0,0.0,4.89166690905892
-226.0,-1473.0,0.0,4.43333355585731
-225.75,-1473.0,0.0,3.97500020265579
-225.5,-1473.0,0.0,3.51666684945427
-225.25,-1473.0,0.0,3.05833349625267
-225.0,-1473.0,0.0,2.60000014305115
-224.75,-1473.0,0.0,2.52500013510387
-224.5,-1473.0,0.0,2.45000012715657
-224.25,-1473.0,0.0,2.37500011920929
-224.0,-1473.0,0.0,2.30000011126201
-223.75,-1473.0,0.0,2.22500010331471
-223.5,-1473.0,0.0,2.15000009536743
-223.25,-1473.0,0.0,2.07500008742015
-223.0,-1473.0,0.0,2.00000007947286
-222.75,-1473.0,0.0,1.92500007152557
-222.5,-1473.0,0.0,1.85000006357829
-222.25,-1473.0,0.0,1.775000055631
-222.0,-1473.0,0.0,1.70000004768372
-252.0,-1472.0,8.0,10.1999994913737
-251.75,-1472.0,8.0,10.1249995231628
-251.5,-1472.0,8.0,10.049999554952
-251.25,-1472.0,8.0,9.97499958674113
-251.0,-1472.0,8.0,9.89999961853027
-250.75,-1472.0,8.0,9.82499965031942
-250.5,-1472.0,8.0,9.74999968210856
-250.25,-1472.0,8.0,9.67499971389771
-250.0,-1472.0,8.0,9.59999974568685
-249.75,-1472.0,8.0,9.524999777476
-249.5,-1472.0,8.0,9.44999980926514
-249.25,-1472.0,8.0,9.37499984105428
-249.0,-1472.0,8.0,9.29999987284343
-248.75,-1472.0,8.0,9.26773797141181
-248.5,-1472.0,8.0,9.2354760699802
-248.25,-1472.0,8.0,9.20321416854859
-248.0,-1472.0,8.0,9.17095226711697
-247.75,-1472.0,8.0,9.13869036568536
-247.5,-1472.0,8.0,9.10642846425375
-247.25,-1472.0,8.0,9.07416656282213
-247.0,-1472.0,8.0,9.04190466139052
-246.75,-1472.0,8.0,9.0096427599589
-246.5,-1472.0,8.0,8.97738085852729
-246.25,-1472.0,8.0,8.94511895709568
-246.0,-1472.0,8.0,8.91285705566406
-245.75,-1472.0,8.0,8.87898802757263
-245.5,-1472.0,8.0,8.8451189994812
-245.25,-1472.0,8.0,8.81124997138977
-245.0,-1472.0,8.0,8.77738094329834
-244.75,-1472.0,8.0,8.74351191520691
-244.5,-1472.0,8.0,8.70964288711548
-244.25,-1472.0,8.0,8.67577385902405
-244.0,-1472.0,8.0,8.64190483093262
-243.75,-1472.0,8.0,8.60803580284119
-243.5,-1472.0,8.0,8.57416677474976
-243.25,-1472.0,8.0,8.54029774665833
-243.0,-1472.0,8.0,8.50642871856689
-242.75,-1472.0,8.0,8.47255969047546
-242.5,-1472.0,8.0,8.43869066238403
-242.25,-1472.0,8.0,8.4048216342926
-242.0,-1472.0,8.0,8.37095260620117
-241.75,-1472.0,8.0,8.33708357810974
-241.5,-1472.0,8.0,8.30321455001831
-241.25,-1472.0,8.0,8.26934552192688
-241.0,-1472.0,8.0,8.23547649383545
-240.75,-1472.0,8.0,8.20160746574402
-240.5,-1472.0,8.0,8.16773843765259
-240.25,-1472.0,8.0,8.13386940956116
-240.0,-1472.0,8.0,8.10000038146973
-239.75,-1472.0,8.0,8.10000038146973
-239.5,-1472.0,8.0,8.10000038146973
-239.25,-1472.0,8.0,8.10000038146973
-239.0,-1472.0,8.0,8.10000038146973
-238.75,-1472.0,8.0,8.10000038146972
-238.5,-1472.0,8.0,8.10000038146973
-238.25,-1472.0,8.0,8.10000038146973
-238.0,-1472.0,8.0,8.10000038146973
-237.75,-1472.0,8.0,8.10000038146973
-237.5,-1472.0,8.0,8.10000038146973
-237.25,-1472.0,8.0,8.10000038146973
-237.0,-1472.0,8.0,8.10000038146973
-236.75,-1472.0,8.0,8.10000038146973
-236.5,-1472.0,8.0,8.10000038146973
-236.25,-1472.0,8.0,8.10000038146973
-236.0,-1472.0,8.0,8.10000038146973
-235.75,-1472.0,8.0,8.10000038146973
-235.5,-1472.0,8.0,8.10000038146973
-235.25,-1472.0,8.0,8.10000038146973
-235.0,-1472.0,8.0,8.10000038146973
-234.75,-1472.0,8.0,8.10000038146973
-234.5,-1472.0,8.0,8.10000038146973
-234.25,-1472.0,8.0,8.10000038146973
-234.0,-1472.0,8.0,8.10000038146973
-233.75,-1472.0,8.0,8.10000038146973
-233.5,-1472.0,8.0,8.10000038146973
-233.25,-1472.0,8.0,8.10000038146973
-233.0,-1472.0,8.0,8.10000038146973
-232.75,-1472.0,8.0,8.10000038146973
-232.5,-1472.0,8.0,8.10000038146973
-232.25,-1472.0,8.0,8.10000038146973
-232.0,-1472.0,8.0,8.10000038146973
-231.75,-1472.0,8.0,8.10000038146973
-231.5,-1472.0,8.0,8.10000038146973
-231.25,-1472.0,8.0,8.10000038146973
-231.0,-1472.0,8.0,8.10000038146973
-230.75,-1472.0,8.0,8.10000038146973
-230.5,-1472.0,8.0,8.10000038146973
-230.25,-1472.0,8.0,8.10000038146973
-230.0,-1472.0,8.0,8.10000038146973
-229.75,-1472.0,8.0,8.10000038146973
-229.5,-1472.0,8.0,8.10000038146973
-229.25,-1472.0,8.0,8.10000038146973
-229.0,-1472.0,8.0,8.10000038146973
-228.75,-1472.0,8.0,8.10000038146973
-228.5,-1472.0,8.0,8.10000038146973
-228.25,-1472.0,8.0,8.10000038146973
-228.0,-1472.0,8.0,8.10000038146973
-227.75,-1472.0,0.0,7.6416670282682
-227.5,-1472.0,0.0,7.1833336750666
-227.25,-1472.0,0.0,6.72500032186508
-227.0,-1472.0,0.0,6.26666696866356
-226.75,-1472.0,0.0,5.80833361546196
-226.5,-1472.0,0.0,5.35000026226044
-226.25,-1472.0,0.0,4.89166690905891
-226.0,-1472.0,0.0,4.43333355585731
-225.75,-1472.0,0.0,3.97500020265579
-225.5,-1472.0,0.0,3.51666684945427
-225.25,-1472.0,0.0,3.05833349625267
-225.0,-1472.0,0.0,2.60000014305115
-224.75,-1472.0,0.0,2.52500013510387
-224.5,-1472.0,0.0,2.45000012715657
-224.25,-1472.0,0.0,2.37500011920929
-224.0,-1472.0,0.0,2.30000011126201
-223.75,-1472.0,0.0,2.22500010331471
-223.5,-1472.0,0.0,2.15000009536743
-223.25,-1472.0,0.0,2.07500008742015
-223.0,-1472.0,0.0,2.00000007947286
-222.75,-1472.0,0.0,1.92500007152557
-222.5,-1472.0,0.0,1.85000006357829
-222.25,-1472.0,0.0,1.775000055631
-222.0,-1472.0,0.0,1.70000004768372
-252.0,-1471.0,8.0,10.4999993642171
-251.75,-1471.0,8.0,10.4249993960063
-251.5,-1471.0,8.0,10.3499994277954
-251.25,-1471.0,8.0,10.2749994595846
-251.0,-1471.0,8.0,10.1999994913737
-250.75,-1471.0,8.0,10.1249995231628
-250.5,-1471.0,8.0,10.049999554952
-250.25,-1471.0,8.0,9.97499958674113
-250.0,-1471.0,8.0,9.89999961853027
-249.75,-1471.0,8.0,9.82499965031941
-249.5,-1471.0,8.0,9.74999968210856
-249.25,-1471.0,8.0,9.67499971389771
-249.0,-1471.0,8.0,9.59999974568685
-248.75,-1471.0,8.0,9.55967236889733
-248.5,-1471.0,8.0,9.51934499210781
-248.25,-1471.0,8.0,9.4790176153183
-248.0,-1471.0,8.0,9.43869023852878
-247.75,-1471.0,8.0,9.39836286173926
-247.5,-1471.0,8.0,9.35803548494975
-247.25,-1471.0,8.0,9.31770810816023
-247.0,-1471.0,8.0,9.27738073137071
-246.75,-1471.0,8.0,9.2370533545812
-246.5,-1471.0,8.0,9.19672597779168
-246.25,-1471.0,8.0,9.15639860100216
-246.0,-1471.0,8.0,9.11607122421264
-245.75,-1471.0,8.0,9.07373493909836
-245.5,-1471.0,8.0,9.03139865398407
-245.25,-1471.0,8.0,8.98906236886978
-245.0,-1471.0,8.0,8.94672608375549
-244.75,-1471.0,8.0,8.90438979864121
-244.5,-1471.0,8.0,8.86205351352691
-244.25,-1471.0,8.0,8.81971722841262
-244.0,-1471.0,8.0,8.77738094329834
-243.75,-1471.0,8.0,8.73504465818405
-243.5,-1471.0,8.0,8.69270837306976
-243.25,-1471.0,8.0,8.65037208795547
-243.0,-1471.0,8.0,8.60803580284119
-242.75,-1471.0,8.0,8.5656995177269
-242.5,-1471.0,8.0,8.52336323261261
-242.25,-1471.0,8.0,8.48102694749832
-242.0,-1471.0,8.0,8.43869066238403
-241.75,-1471.0,8.0,8.39635437726974
-241.5,-1471.0,8.0,8.35401809215546
-241.25,-1471.0,8.0,8.31168180704117
-241.0,-1471.0,8.0,8.26934552192688
-240.75,-1471.0,8.0,8.22700923681259
-240.5,-1471.0,8.0,8.1846729516983
-240.25,-1471.0,8.0,8.14233666658402
-240.0,-1471.0,8.0,8.10000038146973
-239.75,-1471.0,8.0,8.10000038146973
-239.5,-1471.0,8.0,8.10000038146973
-239.25,-1471.0,8.0,8.10000038146973
-239.0,-1471.0,8.0,8.10000038146972
-238.75,-1471.0,8.0,8.10000038146973
-238.5,-1471.0,8.0,8.10000038146973
-238.25,-1471.0,8.0,8.10000038146973
-238.0,-1471.0,8.0,8.10000038146973
-237.75,-1471.0,8.0,8.10000038146973
-237.5,-1471.0,8.0,8.10000038146973
-237.25,-1471.0,8.0,8.10000038146973
-237.0,-1471.0,8.0,8.10000038146973
-236.75,-1471.0,8.0,8.10000038146973
-236.5,-1471.0,8.0,8.10000038146973
-236.25,-1471.0,8.0,8.10000038146973
-236.0,-1471.0,8.0,8.10000038146973
-235.75,-1471.0,8.0,8.10000038146973
-235.5,-1471.0,8.0,8.10000038146973
-235.25,-1471.0,8.0,8.10000038146973
-235.0,-1471.0,8.0,8.10000038146973
-234.75,-1471.0,8.0,8.10000038146973
-234.5,-1471.0,8.0,8.10000038146973
-234.25,-1471.0,8.0,8.10000038146973
-234.0,-1471.0,8.0,8.10000038146973
-233.75,-1471.0,8.0,8.10000038146973
-233.5,-1471.0,8.0,8.10000038146973
-233.25,-1471.0,8.0,8.10000038146973
-233.0,-1471.0,8.0,8.10000038146973
-232.75,-1471.0,8.0,8.10000038146973
-232.5,-1471.0,8.0,8.10000038146973
-232.25,-1471.0,8.0,8.10000038146973
-232.0,-1471.0,8.0,8.10000038146973
-231.75,-1471.0,8.0,8.10000038146973
-231.5,-1471.0,8.0,8.10000038146973
-231.25,-1471.0,8.0,8.10000038146973
-231.0,-1471.0,8.0,8.10000038146973
-230.75,-1471.0,8.0,8.10000038146973
-230.5,-1471.0,8.0,8.10000038146973
-230.25,-1471.0,8.0,8.10000038146973
-230.0,-1471.0,8.0,8.10000038146973
-229.75,-1471.0,8.0,8.10000038146973
-229.5,-1471.0,8.0,8.10000038146973
-229.25,-1471.0,8.0,8.10000038146973
-229.0,-1471.0,8.0,8.10000038146973
-228.75,-1471.0,8.0,8.10000038146973
-228.5,-1471.0,8.0,8.10000038146973
-228.25,-1471.0,8.0,8.10000038146973
-228.0,-1471.0,8.0,8.10000038146973
-227.75,-1471.0,0.0,7.6416670282682
-227.5,-1471.0,0.0,7.1833336750666
-227.25,-1471.0,0.0,6.72500032186508
-227.0,-1471.0,0.0,6.26666696866356
-226.75,-1471.0,0.0,5.80833361546196
-226.5,-1471.0,0.0,5.35000026226044
-226.25,-1471.0,0.0,4.89166690905892
-226.0,-1471.0,0.0,4.43333355585732
-225.75,-1471.0,0.0,3.97500020265579
-225.5,-1471.0,0.0,3.51666684945427
-225.25,-1471.0,0.0,3.05833349625267
-225.0,-1471.0,0.0,2.60000014305115
-224.75,-1471.0,0.0,2.52500013510387
-224.5,-1471.0,0.0,2.45000012715657
-224.25,-1471.0,0.0,2.37500011920929
-224.0,-1471.0,0.0,2.30000011126201
-223.75,-1471.0,0.0,2.22500010331471
-223.5,-1471.0,0.0,2.15000009536743
-223.25,-1471.0,0.0,2.07500008742015
-223.0,-1471.0,0.0,2.00000007947286
-222.75,-1471.0,0.0,1.92500007152557
-222.5,-1471.0,0.0,1.85000006357829
-222.25,-1471.0,0.0,1.775000055631
-222.0,-1471.0,0.0,1.70000004768372
-252.0,-1470.0,8.0,10.7999992370605
-251.75,-1470.0,8.0,10.7249992688497
-251.5,-1470.0,8.0,10.6499993006388
-251.25,-1470.0,8.0,10.574999332428
-251.0,-1470.0,8.0,10.4999993642171
-250.75,-1470.0,8.0,10.4249993960063
-250.5,-1470.0,8.0,10.3499994277954
-250.25,-1470.0,8.0,10.2749994595846
-250.0,-1470.0,8.0,10.1999994913737
-249.75,-1470.0,8.0,10.1249995231628
-249.5,-1470.0,8.0,10.049999554952
-249.25,-1470.0,8.0,9.97499958674113
-249.0,-1470.0,8.0,9.89999961853027
-248.75,-1470.0,8.0,9.85160676638285
-248.5,-1470.0,8.0,9.80321391423544
-248.25,-1470.0,8.0,9.75482106208801
-248.0,-1470.0,8.0,9.70642820994059
-247.75,-1470.0,8.0,9.65803535779317
-247.5,-1470.0,8.0,9.60964250564575
-247.25,-1470.0,8.0,9.56124965349833
-247.0,-1470.0,8.0,9.51285680135091
-246.75,-1470.0,8.0,9.46446394920349
-246.5,-1470.0,8.0,9.41607109705607
-246.25,-1470.0,8.0,9.36767824490865
-246.0,-1470.0,8.0,9.31928539276123
-245.75,-1470.0,8.0,9.26848185062408
-245.5,-1470.0,8.0,9.21767830848694
-245.25,-1470.0,8.0,9.16687476634979
-245.0,-1470.0,8.0,9.11607122421264
-244.75,-1470.0,8.0,9.0652676820755
-244.5,-1470.0,8.0,9.01446413993835
-244.25,-1470.0,8.0,8.96366059780121
-244.0,-1470.0,8.0,8.91285705566406
-243.75,-1470.0,8.0,8.86205351352692
-243.5,-1470.0,8.0,8.81124997138977
-243.25,-1470.0,8.0,8.76044642925263
-243.0,-1470.0,8.0,8.70964288711548
-242.75,-1470.0,8.0,8.65883934497833
-242.5,-1470.0,8.0,8.60803580284119
-242.25,-1470.0,8.0,8.55723226070404
-242.0,-1470.0,8.0,8.50642871856689
-241.75,-1470.0,8.0,8.45562517642975
-241.5,-1470.0,8.0,8.4048216342926
-241.25,-1470.0,8.0,8.35401809215545
-241.0,-1470.0,8.0,8.30321455001831
-240.75,-1470.0,8.0,8.25241100788116
-240.5,-1470.0,8.0,8.20160746574402
-240.25,-1470.0,8.0,8.15080392360687
-240.0,-1470.0,8.0,8.10000038146973
-239.75,-1470.0,8.0,8.10000038146973
-239.5,-1470.0,8.0,8.10000038146973
-239.25,-1470.0,8.0,8.10000038146973
-239.0,-1470.0,8.0,8.10000038146973
-238.75,-1470.0,8.0,8.10000038146973
-238.5,-1470.0,8.0,8.10000038146973
-238.25,-1470.0,8.0,8.10000038146973
-238.0,-1470.0,8.0,8.10000038146973
-237.75,-1470.0,8.0,8.10000038146973
-237.5,-1470.0,8.0,8.10000038146973
-237.25,-1470.0,8.0,8.10000038146973
-237.0,-1470.0,8.0,8.10000038146973
-236.75,-1470.0,8.0,8.10000038146973
-236.5,-1470.0,8.0,8.10000038146973
-236.25,-1470.0,8.0,8.10000038146973
-236.0,-1470.0,8.0,8.10000038146973
-235.75,-1470.0,8.0,8.10000038146973
-235.5,-1470.0,8.0,8.10000038146973
-235.25,-1470.0,8.0,8.10000038146973
-235.0,-1470.0,8.0,8.10000038146973
-234.75,-1470.0,8.0,8.10000038146973
-234.5,-1470.0,8.0,8.10000038146973
-234.25,-1470.0,8.0,8.10000038146973
-234.0,-1470.0,8.0,8.10000038146973
-233.75,-1470.0,8.0,8.10000038146973
-233.5,-1470.0,8.0,8.10000038146973
-233.25,-1470.0,8.0,8.10000038146973
-233.0,-1470.0,8.0,8.10000038146973
-232.75,-1470.0,8.0,8.10000038146973
-232.5,-1470.0,8.0,8.10000038146973
-232.25,-1470.0,8.0,8.10000038146973
-232.0,-1470.0,8.0,8.10000038146973
-231.75,-1470.0,8.0,8.10000038146973
-231.5,-1470.0,8.0,8.10000038146973
-231.25,-1470.0,8.0,8.10000038146973
-231.0,-1470.0,8.0,8.10000038146973
-230.75,-1470.0,8.0,8.10000038146973
-230.5,-1470.0,8.0,8.10000038146973
-230.25,-1470.0,8.0,8.10000038146973
-230.0,-1470.0,8.0,8.10000038146973
-229.75,-1470.0,8.0,8.10000038146973
-229.5,-1470.0,8.0,8.10000038146973
-229.25,-1470.0,8.0,8.10000038146973
-229.0,-1470.0,8.0,8.10000038146973
-228.75,-1470.0,8.0,8.10000038146973
-228.5,-1470.0,8.0,8.10000038146973
-228.25,-1470.0,8.0,8.10000038146973
-228.0,-1470.0,8.0,8.10000038146973
-227.75,-1470.0,0.0,7.6416670282682
-227.5,-1470.0,0.0,7.1833336750666
-227.25,-1470.0,0.0,6.72500032186508
-227.0,-1470.0,0.0,6.26666696866356
-226.75,-1470.0,0.0,5.80833361546196
-226.5,-1470.0,0.0,5.35000026226044
-226.25,-1470.0,0.0,4.89166690905892
-226.0,-1470.0,0.0,4.43333355585731
-225.75,-1470.0,0.0,3.97500020265579
-225.5,-1470.0,0.0,3.51666684945427
-225.25,-1470.0,0.0,3.05833349625267
-225.0,-1470.0,0.0,2.60000014305115
-224.75,-1470.0,0.0,2.52500013510387
-224.5,-1470.0,0.0,2.45000012715657
-224.25,-1470.0,0.0,2.37500011920929
-224.0,-1470.0,0.0,2.30000011126201
-223.75,-1470.0,0.0,2.22500010331471
-223.5,-1470.0,0.0,2.15000009536743
-223.25,-1470.0,0.0,2.07500008742015
-223.0,-1470.0,0.0,2.00000007947286
-222.75,-1470.0,0.0,1.92500007152557
-222.5,-1470.0,0.0,1.85000006357829
-222.25,-1470.0,0.0,1.775000055631
-222.0,-1470.0,0.0,1.70000004768372
-252.0,-1469.0,8.0,10.8770138422648
-251.75,-1469.0,8.0,10.8117268284162
-251.5,-1469.0,8.0,10.7464398145676
-251.25,-1469.0,8.0,10.6811528007189
-251.0,-1469.0,8.0,10.6158657868703
-250.75,-1469.0,8.0,10.5505787730217
-250.5,-1469.0,8.0,10.4852917591731
-250.25,-1469.0,8.0,10.4200047453245
-250.0,-1469.0,8.0,10.3547177314758
-249.75,-1469.0,8.0,10.2894307176272
-249.5,-1469.0,8.0,10.2241437037786
-249.25,-1469.0,8.0,10.15885668993
-249.0,-1469.0,8.0,10.0935696760813
-248.75,-1469.0,8.0,10.0460207396083
-248.5,-1469.0,8.0,9.99847180313534
-248.25,-1469.0,8.0,9.95092286666234
-248.0,-1469.0,8.0,9.90337393018934
-247.75,-1469.0,8.0,9.85582499371635
-247.5,-1469.0,8.0,9.80827605724335
-247.25,-1469.0,8.0,9.76072712077035
-247.0,-1469.0,8.0,9.71317818429735
-246.75,-1469.0,8.0,9.66562924782435
-246.5,-1469.0,8.0,9.61808031135135
-246.25,-1469.0,8.0,9.57053137487836
-246.0,-1469.0,8.0,9.52298243840536
-245.75,-1469.0,8.0,9.47619152069092
-245.5,-1469.0,8.0,9.42940060297648
-245.25,-1469.0,8.0,9.38260968526205
-245.0,-1469.0,8.0,9.33581876754761
-244.75,-1469.0,8.0,9.28902784983317
-244.5,-1469.0,8.0,9.24223693211874
-244.25,-1469.0,8.0,9.1954460144043
-244.0,-1469.0,8.0,9.14865509668986
-243.75,-1469.0,8.0,9.10186417897543
-243.5,-1469.0,8.0,9.05507326126099
-243.25,-1469.0,8.0,9.00828234354655
-243.0,-1469.0,8.0,8.96149142583211
-242.75,-1469.0,8.0,8.91470050811768
-242.5,-1469.0,8.0,8.86790959040324
-242.25,-1469.0,8.0,8.8211186726888
-242.0,-1469.0,8.0,8.77432775497437
-241.75,-1469.0,8.0,8.72753683725993
-241.5,-1469.0,8.0,8.68074591954549
-241.25,-1469.0,8.0,8.63395500183106
-241.0,-1469.0,8.0,8.58716408411662
-240.75,-1469.0,8.0,8.54037316640218
-240.5,-1469.0,8.0,8.49358224868775
-240.25,-1469.0,8.0,8.44679133097331
-240.0,-1469.0,8.0,8.40000041325887
-239.75,-1469.0,8.0,8.39983745416006
-239.5,-1469.0,8.0,8.39967449506124
-239.25,-1469.0,8.0,8.39951153596243
-239.0,-1469.0,8.0,8.39934857686361
-238.75,-1469.0,8.0,8.39918561776479
-238.5,-1469.0,8.0,8.39902265866598
-238.25,-1469.0,8.0,8.39885969956716
-238.0,-1469.0,8.0,8.39869674046835
-237.75,-1469.0,8.0,8.39853378136953
-237.5,-1469.0,8.0,8.39837082227071
-237.25,-1469.0,8.0,8.3982078631719
-237.0,-1469.0,8.0,8.39804490407308
-236.75,-1469.0,8.0,8.39788194497427
-236.5,-1469.0,8.0,8.39771898587545
-236.25,-1469.0,8.0,8.39755602677663
-236.0,-1469.0,8.0,8.39739306767782
-235.75,-1469.0,8.0,8.397230108579
-235.5,-1469.0,8.0,8.39706714948019
-235.25,-1469.0,8.0,8.39690419038137
-235.0,-1469.0,8.0,8.39674123128255
-234.75,-1469.0,8.0,8.39657827218374
-234.5,-1469.0,8.0,8.39641531308492
-234.25,-1469.0,8.0,8.3962523539861
-234.0,-1469.0,8.0,8.39608939488729
-233.75,-1469.0,8.0,8.38375235266156
-233.5,-1469.0,8.0,8.37141531043583
-233.25,-1469.0,8.0,8.35907826821009
-233.0,-1469.0,8.0,8.34674122598437
-232.75,-1469.0,8.0,8.33440418375863
-232.5,-1469.0,8.0,8.3220671415329
-232.25,-1469.0,8.0,8.30973009930717
-232.0,-1469.0,8.0,8.29739305708143
-231.75,-1469.0,8.0,8.28505601485571
-231.5,-1469.0,8.0,8.27271897262997
-231.25,-1469.0,8.0,8.26038193040424
-231.0,-1469.0,8.0,8.24804488817851
-230.75,-1469.0,8.0,8.23570784595278
-230.5,-1469.0,8.0,8.22337080372704
-230.25,-1469.0,8.0,8.21103376150131
-230.0,-1469.0,8.0,8.19869671927558
-229.75,-1469.0,8.0,8.18635967704985
-229.5,-1469.0,8.0,8.17402263482412
-229.25,-1469.0,8.0,8.16168559259838
-229.0,-1469.0,8.0,8.14934855037265
-228.75,-1469.0,8.0,8.13701150814692
-228.5,-1469.0,8.0,8.12467446592119
-228.25,-1469.0,8.0,8.11233742369546
-228.0,-1469.0,8.0,8.10000038146973
-227.75,-1469.0,0.0,7.66666702429456
-227.5,-1469.0,0.0,7.23333366711932
-227.25,-1469.0,0.0,6.80000030994415
-227.0,-1469.0,0.0,6.36666695276899
-226.75,-1469.0,0.0,5.93333359559375
-226.5,-1469.0,0.0,5.50000023841858
-226.25,-1469.0,0.0,5.06666688124341
-226.0,-1469.0,0.0,4.63333352406817
-225.75,-1469.0,0.0,4.20000016689301
-225.5,-1469.0,0.0,3.76666680971784
-225.25,-1469.0,0.0,3.3333334525426
-225.0,-1469.0,0.0,2.90000009536743
-224.75,-1469.0,0.0,2.82500009073152
-224.5,-1469.0,0.0,2.7500000860956
-224.25,-1469.0,0.0,2.67500008145968
-224.0,-1469.0,0.0,2.60000007682377
-223.75,-1469.0,0.0,2.52500007218785
-223.5,-1469.0,0.0,2.45000006755193
-223.25,-1469.0,0.0,2.37500006291602
-223.0,-1469.0,0.0,2.3000000582801
-222.75,-1469.0,0.0,2.22500005364418
-222.5,-1469.0,0.0,2.15000004900827
-222.25,-1469.0,0.0,2.07500004437234
-222.0,-1469.0,0.0,2.00000003973643
-252.0,-1468.0,8.0,10.9540284474691
-251.75,-1468.0,8.0,10.8984543879827
-251.5,-1468.0,8.0,10.8428803284963
-251.25,-1468.0,8.0,10.7873062690099
-251.0,-1468.0,8.0,10.7317322095235
-250.75,-1468.0,8.0,10.6761581500371
-250.5,-1468.0,8.0,10.6205840905507
-250.25,-1468.0,8.0,10.5650100310644
-250.0,-1468.0,8.0,10.509435971578
-249.75,-1468.0,8.0,10.4538619120916
-249.5,-1468.0,8.0,10.3982878526052
-249.25,-1468.0,8.0,10.3427137931188
-249.0,-1468.0,8.0,10.2871397336324
-248.75,-1468.0,8.0,10.2404347128338
-248.5,-1468.0,8.0,10.1937296920353
-248.25,-1468.0,8.0,10.1470246712367
-248.0,-1468.0,8.0,10.1003196504381
-247.75,-1468.0,8.0,10.0536146296395
-247.5,-1468.0,8.0,10.0069096088409
-247.25,-1468.0,8.0,9.96020458804236
-247.0,-1468.0,8.0,9.91349956724379
-246.75,-1468.0,8.0,9.86679454644521
-246.5,-1468.0,8.0,9.82008952564663
-246.25,-1468.0,8.0,9.77338450484806
-246.0,-1468.0,8.0,9.72667948404948
-245.75,-1468.0,8.0,9.68390119075775
-245.5,-1468.0,8.0,9.64112289746602
-245.25,-1468.0,8.0,9.59834460417429
-245.0,-1468.0,8.0,9.55556631088257
-244.75,-1468.0,8.0,9.51278801759084
-244.5,-1468.0,8.0,9.47000972429911
-244.25,-1468.0,8.0,9.42723143100738
-244.0,-1468.0,8.0,9.38445313771566
-243.75,-1468.0,8.0,9.34167484442393
-243.5,-1468.0,8.0,9.2988965511322
-243.25,-1468.0,8.0,9.25611825784048
-243.0,-1468.0,8.0,9.21333996454874
-242.75,-1468.0,8.0,9.17056167125702
-242.5,-1468.0,8.0,9.12778337796529
-242.25,-1468.0,8.0,9.08500508467356
-242.0,-1468.0,8.0,9.04222679138183
-241.75,-1468.0,8.0,8.99944849809011
-241.5,-1468.0,8.0,8.95667020479838
-241.25,-1468.0,8.0,8.91389191150665
-241.0,-1468.0,8.0,8.87111361821492
-240.75,-1468.0,8.0,8.8283353249232
-240.5,-1468.0,8.0,8.78555703163147
-240.25,-1468.0,8.0,8.74277873833974
-240.0,-1468.0,8.0,8.70000044504801
-239.75,-1468.0,8.0,8.69967452685038
-239.5,-1468.0,8.0,8.69934860865275
-239.25,-1468.0,8.0,8.69902269045512
-239.0,-1468.0,8.0,8.69869677225749
-238.75,-1468.0,8.0,8.69837085405985
-238.5,-1468.0,8.0,8.69804493586222
-238.25,-1468.0,8.0,8.69771901766459
-238.0,-1468.0,8.0,8.69739309946696
-237.75,-1468.0,8.0,8.69706718126933
-237.5,-1468.0,8.0,8.6967412630717
-237.25,-1468.0,8.0,8.69641534487406
-237.0,-1468.0,8.0,8.69608942667643
-236.75,-1468.0,8.0,8.6957635084788
-236.5,-1468.0,8.0,8.69543759028117
-236.25,-1468.0,8.0,8.69511167208353
-236.0,-1468.0,8.0,8.6947857538859
-235.75,-1468.0,8.0,8.69445983568827
-235.5,-1468.0,8.0,8.69413391749064
-235.25,-1468.0,8.0,8.69380799929301
-235.0,-1468.0,8.0,8.69348208109538
-234.75,-1468.0,8.0,8.69315616289774
-234.5,-1468.0,8.0,8.69283024470011
-234.25,-1468.0,8.0,8.69250432650248
-234.0,-1468.0,8.0,8.69217840830485
-233.75,-1468.0,8.0,8.66750432385339
-233.5,-1468.0,8.0,8.64283023940192
-233.25,-1468.0,8.0,8.61815615495046
-233.0,-1468.0,8.0,8.593482070499
-232.75,-1468.0,8.0,8.56880798604753
-232.5,-1468.0,8.0,8.54413390159607
-232.25,-1468.0,8.0,8.51945981714461
-232.0,-1468.0,8.0,8.49478573269314
-231.75,-1468.0,8.0,8.47011164824168
-231.5,-1468.0,8.0,8.44543756379022
-231.25,-1468.0,8.0,8.42076347933875
-231.0,-1468.0,8.0,8.39608939488729
-230.75,-1468.0,8.0,8.37141531043583
-230.5,-1468.0,8.0,8.34674122598436
-230.25,-1468.0,8.0,8.3220671415329
-230.0,-1468.0,8.0,8.29739305708144
-229.75,-1468.0,8.0,8.27271897262997
-229.5,-1468.0,8.0,8.24804488817851
-229.25,-1468.0,8.0,8.22337080372704
-229.0,-1468.0,8.0,8.19869671927558
-228.75,-1468.0,8.0,8.17402263482412
-228.5,-1468.0,8.0,8.14934855037265
-228.25,-1468.0,8.0,8.12467446592119
-228.0,-1468.0,8.0,8.10000038146973
-227.75,-1468.0,0.0,7.69166702032092
-227.5,-1468.0,0.0,7.28333365917204
-227.25,-1468.0,0.0,6.87500029802322
-227.0,-1468.0,0.0,6.46666693687441
-226.75,-1468.0,0.0,6.05833357572553
-226.5,-1468.0,0.0,5.65000021457672
-226.25,-1468.0,0.0,5.24166685342791
-226.0,-1468.0,0.0,4.83333349227903
-225.75,-1468.0,0.0,4.42500013113022
-225.5,-1468.0,0.0,4.01666676998141
-225.25,-1468.0,0.0,3.60833340883252
-225.0,-1468.0,0.0,3.20000004768371
-224.75,-1468.0,0.0,3.12500004635917
-224.5,-1468.0,0.0,3.05000004503461
-224.25,-1468.0,0.0,2.97500004371007
-224.0,-1468.0,0.0,2.90000004238553
-223.75,-1468.0,0.0,2.82500004106097
-223.5,-1468.0,0.0,2.75000003973643
-223.25,-1468.0,0.0,2.67500003841188
-223.0,-1468.0,0.0,2.60000003708733
-222.75,-1468.0,0.0,2.52500003576278
-222.5,-1468.0,0.0,2.45000003443824
-222.25,-1468.0,0.0,2.37500003311369
-222.0,-1468.0,0.0,2.30000003178914
-252.0,-1467.0,8.0,11.0310430526733
-251.75,-1467.0,8.0,10.9851819475492
-251.5,-1467.0,8.0,10.939320842425
-251.25,-1467.0,8.0,10.8934597373009
-251.0,-1467.0,8.0,10.8475986321767
-250.75,-1467.0,8.0,10.8017375270526
-250.5,-1467.0,8.0,10.7558764219284
-250.25,-1467.0,8.0,10.7100153168042
-250.0,-1467.0,8.0,10.6641542116801
-249.75,-1467.0,8.0,10.6182931065559
-249.5,-1467.0,8.0,10.5724320014318
-249.25,-1467.0,8.0,10.5265708963076
-249.0,-1467.0,8.0,10.4807097911835
-248.75,-1467.0,8.0,10.4348486860593
-248.5,-1467.0,8.0,10.3889875809352
-248.25,-1467.0,8.0,10.343126475811
-248.0,-1467.0,8.0,10.2972653706868
-247.75,-1467.0,8.0,10.2514042655627
-247.5,-1467.0,8.0,10.2055431604385
-247.25,-1467.0,8.0,10.1596820553144
-247.0,-1467.0,8.0,10.1138209501902
-246.75,-1467.0,8.0,10.0679598450661
-246.5,-1467.0,8.0,10.0220987399419
-246.25,-1467.0,8.0,9.97623763481776
-246.0,-1467.0,8.0,9.9303765296936
-245.75,-1467.0,8.0,9.89161086082458
-245.5,-1467.0,8.0,9.85284519195557
-245.25,-1467.0,8.0,9.81407952308655
-245.0,-1467.0,8.0,9.77531385421753
-244.75,-1467.0,8.0,9.73654818534851
-244.5,-1467.0,8.0,9.69778251647949
-244.25,-1467.0,8.0,9.65901684761047
-244.0,-1467.0,8.0,9.62025117874146
-243.75,-1467.0,8.0,9.58148550987244
-243.5,-1467.0,8.0,9.54271984100342
-243.25,-1467.0,8.0,9.5039541721344
-243.0,-1467.0,8.0,9.46518850326538
-242.75,-1467.0,8.0,9.42642283439636
-242.5,-1467.0,8.0,9.38765716552735
-242.25,-1467.0,8.0,9.34889149665833
-242.0,-1467.0,8.0,9.3101258277893
-241.75,-1467.0,8.0,9.27136015892029
-241.5,-1467.0,8.0,9.23259449005127
-241.25,-1467.0,8.0,9.19382882118225
-241.0,-1467.0,8.0,9.15506315231323
-240.75,-1467.0,8.0,9.11629748344421
-240.5,-1467.0,8.0,9.0775318145752
-240.25,-1467.0,8.0,9.03876614570618
-240.0,-1467.0,8.0,9.00000047683716
-239.75,-1467.0,8.0,8.99951159954071
-239.5,-1467.0,8.0,8.99902272224426
-239.25,-1467.0,8.0,8.99853384494781
-239.0,-1467.0,8.0,8.99804496765137
-238.75,-1467.0,8.0,8.99755609035492
-238.5,-1467.0,8.0,8.99706721305847
-238.25,-1467.0,8.0,8.99657833576202
-238.0,-1467.0,8.0,8.99608945846558
-237.75,-1467.0,8.0,8.99560058116913
-237.5,-1467.0,8.0,8.99511170387268
-237.25,-1467.0,8.0,8.99462282657623
-237.0,-1467.0,8.0,8.99413394927979
-236.75,-1467.0,8.0,8.99364507198334
-236.5,-1467.0,8.0,8.99315619468689
-236.25,-1467.0,8.0,8.99266731739044
-236.0,-1467.0,8.0,8.99217844009399
-235.75,-1467.0,8.0,8.99168956279755
-235.5,-1467.0,8.0,8.9912006855011
-235.25,-1467.0,8.0,8.99071180820465
-235.0,-1467.0,8.0,8.9902229309082
-234.75,-1467.0,8.0,8.98973405361176
-234.5,-1467.0,8.0,8.98924517631531
-234.25,-1467.0,8.0,8.98875629901886
-234.0,-1467.0,8.0,8.98826742172241
-233.75,-1467.0,8.0,8.95125629504522
-233.5,-1467.0,8.0,8.91424516836802
-233.25,-1467.0,8.0,8.87723404169083
-233.0,-1467.0,8.0,8.84022291501363
-232.75,-1467.0,8.0,8.80321178833643
-232.5,-1467.0,8.0,8.76620066165924
-232.25,-1467.0,8.0,8.72918953498205
-232.0,-1467.0,8.0,8.69217840830485
-231.75,-1467.0,8.0,8.65516728162766
-231.5,-1467.0,8.0,8.61815615495046
-231.25,-1467.0,8.0,8.58114502827326
-231.0,-1467.0,8.0,8.54413390159607
-230.75,-1467.0,8.0,8.50712277491888
-230.5,-1467.0,8.0,8.47011164824168
-230.25,-1467.0,8.0,8.43310052156448
-230.0,-1467.0,8.0,8.39608939488729
-229.75,-1467.0,8.0,8.35907826821009
-229.5,-1467.0,8.0,8.3220671415329
-229.25,-1467.0,8.0,8.28505601485571
-229.0,-1467.0,8.0,8.24804488817851
-228.75,-1467.0,8.0,8.21103376150131
-228.5,-1467.0,8.0,8.17402263482412
-228.25,-1467.0,8.0,8.13701150814692
-228.0,-1467.0,8.0,8.10000038146973
-227.75,-1467.0,0.0,7.71666701634727
-227.5,-1467.0,0.0,7.33333365122475
-227.25,-1467.0,0.0,6.95000028610229
-227.0,-1467.0,0.0,6.56666692097984
-226.75,-1467.0,0.0,6.18333355585732
-226.5,-1467.0,0.0,5.80000019073486
-226.25,-1467.0,0.0,5.41666682561241
-226.0,-1467.0,0.0,5.03333346048989
-225.75,-1467.0,0.0,4.65000009536743
-225.5,-1467.0,0.0,4.26666673024498
-225.25,-1467.0,0.0,3.88333336512246
-225.0,-1467.0,0.0,3.5
-224.75,-1467.0,0.0,3.42500000198683
-224.5,-1467.0,0.0,3.35000000397364
-224.25,-1467.0,0.0,3.27500000596046
-224.0,-1467.0,0.0,3.20000000794729
-223.75,-1467.0,0.0,3.1250000099341
-223.5,-1467.0,0.0,3.05000001192093
-223.25,-1467.0,0.0,2.97500001390775
-223.0,-1467.0,0.0,2.90000001589457
-222.75,-1467.0,0.0,2.82500001788139
-222.5,-1467.0,0.0,2.75000001986822
-222.25,-1467.0,0.0,2.67500002185503
-222.0,-1467.0,0.0,2.60000002384186
-252.0,-1466.0,8.0,11.0299053192139
-251.75,-1466.0,8.0,10.9925789965524
-251.5,-1466.0,8.0,10.9552526738909
-251.25,-1466.0,8.0,10.9179263512293
-251.0,-1466.0,8.0,10.8806000285678
-250.75,-1466.0,8.0,10.8432737059063
-250.5,-1466.0,8.0,10.8059473832448
-250.25,-1466.0,8.0,10.7686210605833
-250.0,-1466.0,8.0,10.7312947379218
-249.75,-1466.0,8.0,10.6939684152603
-249.5,-1466.0,8.0,10.6566420925988
-249.25,-1466.0,8.0,10.6193157699373
-249.0,-1466.0,8.0,10.5819894472758
-248.75,-1466.0,8.0,10.5446631246143
-248.5,-1466.0,8.0,10.5073368019528
-248.25,-1466.0,8.0,10.4700104792913
-248.0,-1466.0,8.0,10.4326841566298
-247.75,-1466.0,8.0,10.3953578339683
-247.5,-1466.0,8.0,10.3580315113068
-247.25,-1466.0,8.0,10.3207051886453
-247.0,-1466.0,8.0,10.2833788659838
-246.75,-1466.0,8.0,10.2460525433222
-246.5,-1466.0,8.0,10.2087262206607
-246.25,-1466.0,8.0,10.1713998979992
-246.0,-1466.0,8.0,10.1340735753377
-245.75,-1466.0,8.0,10.0993205308914
-245.5,-1466.0,8.0,10.0645674864451
-245.25,-1466.0,8.0,10.0298144419988
-245.0,-1466.0,8.0,9.99506139755249
-244.75,-1466.0,8.0,9.96030835310618
-244.5,-1466.0,8.0,9.92555530865987
-244.25,-1466.0,8.0,9.89080226421356
-244.0,-1466.0,8.0,9.85604921976726
-243.75,-1466.0,8.0,9.82129617532095
-243.5,-1466.0,8.0,9.78654313087463
-243.25,-1466.0,8.0,9.75179008642833
-243.0,-1466.0,8.0,9.71703704198202
-242.75,-1466.0,8.0,9.68228397104475
-242.5,-1466.0,8.0,9.64753090010749
-242.25,-1466.0,8.0,9.61277782917023
-242.0,-1466.0,8.0,9.57802475823296
-241.75,-1466.0,8.0,9.5432716872957
-241.5,-1466.0,8.0,9.50851861635844
-241.25,-1466.0,8.0,9.47376554542118
-241.0,-1466.0,8.0,9.43901247448392
-240.75,-1466.0,8.0,9.40425940354665
-240.5,-1466.0,8.0,9.36950633260939
-240.25,-1466.0,8.0,9.33475326167213
-240.0,-1466.0,8.0,9.30000019073487
-239.75,-1466.0,8.0,9.29934838083056
-239.5,-1466.0,8.0,9.29869657092625
-239.25,-1466.0,8.0,9.29804476102193
-239.0,-1466.0,8.0,9.29739295111762
-238.75,-1466.0,8.0,9.29674114121331
-238.5,-1466.0,8.0,9.296089331309
-238.25,-1466.0,8.0,9.29543752140469
-238.0,-1466.0,8.0,9.29478571150038
-237.75,-1466.0,8.0,9.29413390159607
-237.5,-1466.0,8.0,9.29348209169176
-237.25,-1466.0,8.0,9.29283028178745
-237.0,-1466.0,8.0,9.29217847188314
-236.75,-1466.0,8.0,9.29152663548788
-236.5,-1466.0,8.0,9.29087479909261
-236.25,-1466.0,8.0,9.29022296269735
-236.0,-1466.0,8.0,9.28957112630209
-235.75,-1466.0,8.0,9.28891928990682
-235.5,-1466.0,8.0,9.28826745351156
-235.25,-1466.0,8.0,9.28761561711629
-235.0,-1466.0,8.0,9.28696378072103
-234.75,-1466.0,8.0,9.28631194432577
-234.5,-1466.0,8.0,9.2856601079305
-234.25,-1466.0,8.0,9.28500827153524
-234.0,-1466.0,8.0,9.28435643513998
-233.75,-1466.0,8.0,9.23500826623705
-233.5,-1466.0,8.0,9.18566009733412
-233.25,-1466.0,8.0,9.13631192843119
-233.0,-1466.0,8.0,9.08696375952827
-232.75,-1466.0,8.0,9.03761559062534
-232.5,-1466.0,8.0,8.98826742172241
-232.25,-1466.0,8.0,8.93891925281949
-232.0,-1466.0,8.0,8.88957108391656
-231.75,-1466.0,8.0,8.84022291501363
-231.5,-1466.0,8.0,8.79087474611071
-231.25,-1466.0,8.0,8.74152657720778
-231.0,-1466.0,8.0,8.69217840830485
-230.75,-1466.0,8.0,8.64283023940193
-230.5,-1466.0,8.0,8.59348207049899
-230.25,-1466.0,8.0,8.54413390159607
-230.0,-1466.0,8.0,8.49478573269315
-229.75,-1466.0,8.0,8.44543756379021
-229.5,-1466.0,8.0,8.39608939488729
-229.25,-1466.0,8.0,8.34674122598437
-229.0,-1466.0,8.0,8.29739305708143
-228.75,-1466.0,8.0,8.24804488817851
-228.5,-1466.0,8.0,8.19869671927558
-228.25,-1466.0,8.0,8.14934855037265
-228.0,-1466.0,8.0,8.10000038146973
-227.75,-1466.0,0.0,7.74166701899637
-227.5,-1466.0,0.0,7.38333365652294
-227.25,-1466.0,0.0,7.02500029404958
-227.0,-1466.0,0.0,6.66666693157622
-226.75,-1466.0,0.0,6.3083335691028
-226.5,-1466.0,0.0,5.95000020662944
-226.25,-1466.0,0.0,5.59166684415607
-226.0,-1466.0,0.0,5.23333348168265
-225.75,-1466.0,0.0,4.87500011920929
-225.5,-1466.0,0.0,4.51666675673593
-225.25,-1466.0,0.0,4.15833339426251
-225.0,-1466.0,0.0,3.80000003178915
-224.75,-1466.0,0.0,3.7250000304646
-224.5,-1466.0,0.0,3.65000002914005
-224.25,-1466.0,0.0,3.5750000278155
-224.0,-1466.0,0.0,3.50000002649096
-223.75,-1466.0,0.0,3.4250000251664
-223.5,-1466.0,0.0,3.35000002384186
-223.25,-1466.0,0.0,3.27500002251732
-223.0,-1466.0,0.0,3.20000002119276
-222.75,-1466.0,0.0,3.12500001986822
-222.5,-1466.0,0.0,3.05000001854367
-222.25,-1466.0,0.0,2.97500001721912
-222.0,-1466.0,0.0,2.90000001589457
-252.0,-1465.0,8.0,11.0287675857544
-251.75,-1465.0,8.0,10.9999760455555
-251.5,-1465.0,8.0,10.9711845053567
-251.25,-1465.0,8.0,10.9423929651578
-251.0,-1465.0,8.0,10.913601424959
-250.75,-1465.0,8.0,10.8848098847601
-250.5,-1465.0,8.0,10.8560183445613
-250.25,-1465.0,8.0,10.8272268043624
-250.0,-1465.0,8.0,10.7984352641635
-249.75,-1465.0,8.0,10.7696437239647
-249.5,-1465.0,8.0,10.7408521837658
-249.25,-1465.0,8.0,10.712060643567
-249.0,-1465.0,8.0,10.6832691033681
-248.75,-1465.0,8.0,10.6544775631693
-248.5,-1465.0,8.0,10.6256860229704
-248.25,-1465.0,8.0,10.5968944827716
-248.0,-1465.0,8.0,10.5681029425727
-247.75,-1465.0,8.0,10.5393114023738
-247.5,-1465.0,8.0,10.510519862175
-247.25,-1465.0,8.0,10.4817283219761
-247.0,-1465.0,8.0,10.4529367817773
-246.75,-1465.0,8.0,10.4241452415784
-246.5,-1465.0,8.0,10.3953537013796
-246.25,-1465.0,8.0,10.3665621611807
-246.0,-1465.0,8.0,10.3377706209818
-245.75,-1465.0,8.0,10.3070302009582
-245.5,-1465.0,8.0,10.2762897809347
-245.25,-1465.0,8.0,10.2455493609111
-245.0,-1465.0,8.0,10.2148089408874
-244.75,-1465.0,8.0,10.1840685208638
-244.5,-1465.0,8.0,10.1533281008402
-244.25,-1465.0,8.0,10.1225876808166
-244.0,-1465.0,8.0,10.0918472607931
-243.75,-1465.0,8.0,10.0611068407694
-243.5,-1465.0,8.0,10.0303664207458
-243.25,-1465.0,8.0,9.99962600072225
-243.0,-1465.0,8.0,9.96888558069865
-242.75,-1465.0,8.0,9.93814510769314
-242.5,-1465.0,8.0,9.90740463468764
-242.25,-1465.0,8.0,9.87666416168213
-242.0,-1465.0,8.0,9.84592368867662
-241.75,-1465.0,8.0,9.81518321567111
-241.5,-1465.0,8.0,9.78444274266561
-241.25,-1465.0,8.0,9.7537022696601
-241.0,-1465.0,8.0,9.72296179665459
-240.75,-1465.0,8.0,9.69222132364909
-240.5,-1465.0,8.0,9.66148085064358
-240.25,-1465.0,8.0,9.63074037763807
-240.0,-1465.0,8.0,9.59999990463257
-239.75,-1465.0,8.0,9.59918516212039
-239.5,-1465.0,8.0,9.59837041960822
-239.25,-1465.0,8.0,9.59755567709605
-239.0,-1465.0,8.0,9.59674093458387
-238.75,-1465.0,8.0,9.5959261920717
-238.5,-1465.0,8.0,9.59511144955953
-238.25,-1465.0,8.0,9.59429670704736
-238.0,-1465.0,8.0,9.59348196453518
-237.75,-1465.0,8.0,9.59266722202301
-237.5,-1465.0,8.0,9.59185247951083
-237.25,-1465.0,8.0,9.59103773699866
-237.0,-1465.0,8.0,9.59022299448649
-236.75,-1465.0,8.0,9.58940819899241
-236.5,-1465.0,8.0,9.58859340349833
-236.25,-1465.0,8.0,9.58777860800425
-236.0,-1465.0,8.0,9.58696381251017
-235.75,-1465.0,8.0,9.58614901701609
-235.5,-1465.0,8.0,9.58533422152201
-235.25,-1465.0,8.0,9.58451942602793
-235.0,-1465.0,8.0,9.58370463053385
-234.75,-1465.0,8.0,9.58288983503977
-234.5,-1465.0,8.0,9.58207503954569
-234.25,-1465.0,8.0,9.58126024405161
-234.0,-1465.0,8.0,9.58044544855753
-233.75,-1465.0,8.0,9.51876023742888
-233.5,-1465.0,8.0,9.45707502630021
-233.25,-1465.0,8.0,9.39538981517156
-233.0,-1465.0,8.0,9.3337046040429
-232.75,-1465.0,8.0,9.27201939291424
-232.5,-1465.0,8.0,9.21033418178558
-232.25,-1465.0,8.0,9.14864897065693
-232.0,-1465.0,8.0,9.08696375952826
-231.75,-1465.0,8.0,9.02527854839961
-231.5,-1465.0,8.0,8.96359333727095
-231.25,-1465.0,8.0,8.90190812614228
-231.0,-1465.0,8.0,8.84022291501363
-230.75,-1465.0,8.0,8.77853770388498
-230.5,-1465.0,8.0,8.71685249275631
-230.25,-1465.0,8.0,8.65516728162766
-230.0,-1465.0,8.0,8.593482070499
-229.75,-1465.0,8.0,8.53179685937033
-229.5,-1465.0,8.0,8.47011164824168
-229.25,-1465.0,8.0,8.40842643711302
-229.0,-1465.0,8.0,8.34674122598436
-228.75,-1465.0,8.0,8.2850560148557
-228.5,-1465.0,8.0,8.22337080372705
-228.25,-1465.0,8.0,8.16168559259838
-228.0,-1465.0,8.0,8.10000038146973
-227.75,-1465.0,0.0,7.76666702164546
-227.5,-1465.0,0.0,7.43333366182113
-227.25,-1465.0,0.0,7.10000030199687
-227.0,-1465.0,0.0,6.7666669421726
-226.75,-1465.0,0.0,6.43333358234827
-226.5,-1465.0,0.0,6.10000022252401
-226.25,-1465.0,0.0,5.76666686269974
-226.0,-1465.0,0.0,5.43333350287541
-225.75,-1465.0,0.0,5.10000014305115
-225.5,-1465.0,0.0,4.76666678322688
-225.25,-1465.0,0.0,4.43333342340255
-225.0,-1465.0,0.0,4.10000006357829
-224.75,-1465.0,0.0,4.02500005894237
-224.5,-1465.0,0.0,3.95000005430645
-224.25,-1465.0,0.0,3.87500004967054
-224.0,-1465.0,0.0,3.80000004503462
-223.75,-1465.0,0.0,3.7250000403987
-223.5,-1465.0,0.0,3.65000003576279
-223.25,-1465.0,0.0,3.57500003112687
-223.0,-1465.0,0.0,3.50000002649095
-222.75,-1465.0,0.0,3.42500002185503
-222.5,-1465.0,0.0,3.35000001721912
-222.25,-1465.0,0.0,3.2750000125832
-222.0,-1465.0,0.0,3.20000000794728
-252.0,-1464.0,8.0,11.0276298522949
-251.75,-1464.0,8.0,11.0073730945587
-251.5,-1464.0,8.0,10.9871163368225
-251.25,-1464.0,8.0,10.9668595790863
-251.0,-1464.0,8.0,10.9466028213501
-250.75,-1464.0,8.0,10.9263460636139
-250.5,-1464.0,8.0,10.9060893058777
-250.25,-1464.0,8.0,10.8858325481415
-250.0,-1464.0,8.0,10.8655757904053
-249.75,-1464.0,8.0,10.8453190326691
-249.5,-1464.0,8.0,10.8250622749329
-249.25,-1464.0,8.0,10.8048055171967
-249.0,-1464.0,8.0,10.7845487594604
-248.75,-1464.0,8.0,10.7642920017242
-248.5,-1464.0,8.0,10.744035243988
-248.25,-1464.0,8.0,10.7237784862518
-248.0,-1464.0,8.0,10.7035217285156
-247.75,-1464.0,8.0,10.6832649707794
-247.5,-1464.0,8.0,10.6630082130432
-247.25,-1464.0,8.0,10.642751455307
-247.0,-1464.0,8.0,10.6224946975708
-246.75,-1464.0,8.0,10.6022379398346
-246.5,-1464.0,8.0,10.5819811820984
-246.25,-1464.0,8.0,10.5617244243622
-246.0,-1464.0,8.0,10.541467666626
-245.75,-1464.0,8.0,10.5147398710251
-245.5,-1464.0,8.0,10.4880120754242
-245.25,-1464.0,8.0,10.4612842798233
-245.0,-1464.0,8.0,10.4345564842224
-244.75,-1464.0,8.0,10.4078286886215
-244.5,-1464.0,8.0,10.3811008930206
-244.25,-1464.0,8.0,10.3543730974197
-244.0,-1464.0,8.0,10.3276453018188
-243.75,-1464.0,8.0,10.300917506218
-243.5,-1464.0,8.0,10.2741897106171
-243.25,-1464.0,8.0,10.2474619150162
-243.0,-1464.0,8.0,10.2207341194153
-242.75,-1464.0,8.0,10.1940062443415
-242.5,-1464.0,8.0,10.1672783692678
-242.25,-1464.0,8.0,10.140550494194
-242.0,-1464.0,8.0,10.1138226191203
-241.75,-1464.0,8.0,10.0870947440465
-241.5,-1464.0,8.0,10.0603668689728
-241.25,-1464.0,8.0,10.033638993899
-241.0,-1464.0,8.0,10.0069111188253
-240.75,-1464.0,8.0,9.98018324375153
-240.5,-1464.0,8.0,9.95345536867777
-240.25,-1464.0,8.0,9.92672749360402
-240.0,-1464.0,8.0,9.89999961853027
-239.75,-1464.0,8.0,9.89902194341024
-239.5,-1464.0,8.0,9.8980442682902
-239.25,-1464.0,8.0,9.89706659317017
-239.0,-1464.0,8.0,9.89608891805013
-238.75,-1464.0,8.0,9.8951112429301
-238.5,-1464.0,8.0,9.89413356781006
-238.25,-1464.0,8.0,9.89315589269002
-238.0,-1464.0,8.0,9.89217821756999
-237.75,-1464.0,8.0,9.89120054244995
-237.5,-1464.0,8.0,9.89022286732991
-237.25,-1464.0,8.0,9.88924519220988
-237.0,-1464.0,8.0,9.88826751708984
-236.75,-1464.0,8.0,9.88728976249695
-236.5,-1464.0,8.0,9.88631200790405
-236.25,-1464.0,8.0,9.88533425331116
-236.0,-1464.0,8.0,9.88435649871826
-235.75,-1464.0,8.0,9.88337874412537
-235.5,-1464.0,8.0,9.88240098953247
-235.25,-1464.0,8.0,9.88142323493958
-235.0,-1464.0,8.0,9.88044548034668
-234.75,-1464.0,8.0,9.87946772575378
-234.5,-1464.0,8.0,9.87848997116089
-234.25,-1464.0,8.0,9.87751221656799
-234.0,-1464.0,8.0,9.8765344619751
-233.75,-1464.0,8.0,9.80251220862071
-233.5,-1464.0,8.0,9.72848995526631
-233.25,-1464.0,8.0,9.65446770191193
-233.0,-1464.0,8.0,9.58044544855754
-232.75,-1464.0,8.0,9.50642319520314
-232.5,-1464.0,8.0,9.43240094184875
-232.25,-1464.0,8.0,9.35837868849437
-232.0,-1464.0,8.0,9.28435643513997
-231.75,-1464.0,8.0,9.21033418178558
-231.5,-1464.0,8.0,9.1363119284312
-231.25,-1464.0,8.0,9.0622896750768
-231.0,-1464.0,8.0,8.98826742172241
-230.75,-1464.0,8.0,8.91424516836803
-230.5,-1464.0,8.0,8.84022291501363
-230.25,-1464.0,8.0,8.76620066165924
-230.0,-1464.0,8.0,8.69217840830485
-229.75,-1464.0,8.0,8.61815615495046
-229.5,-1464.0,8.0,8.54413390159607
-229.25,-1464.0,8.0,8.47011164824168
-229.0,-1464.0,8.0,8.39608939488728
-228.75,-1464.0,8.0,8.3220671415329
-228.5,-1464.0,8.0,8.24804488817851
-228.25,-1464.0,8.0,8.17402263482411
-228.0,-1464.0,8.0,8.10000038146973
-227.75,-1464.0,0.0,7.79166702429455
-227.5,-1464.0,0.0,7.48333366711933
-227.25,-1464.0,0.0,7.17500030994415
-227.0,-1464.0,0.0,6.86666695276898
-226.75,-1464.0,0.0,6.55833359559375
-226.5,-1464.0,0.0,6.25000023841858
-226.25,-1464.0,0.0,5.94166688124341
-226.0,-1464.0,0.0,5.63333352406818
-225.75,-1464.0,0.0,5.32500016689301
-225.5,-1464.0,0.0,5.01666680971783
-225.25,-1464.0,0.0,4.7083334525426
-225.0,-1464.0,0.0,4.40000009536743
-224.75,-1464.0,0.0,4.32500008742015
-224.5,-1464.0,0.0,4.25000007947285
-224.25,-1464.0,0.0,4.17500007152557
-224.0,-1464.0,0.0,4.10000006357829
-223.75,-1464.0,0.0,4.025000055631
-223.5,-1464.0,0.0,3.95000004768372
-223.25,-1464.0,0.0,3.87500003973643
-223.0,-1464.0,0.0,3.80000003178914
-222.75,-1464.0,0.0,3.72500002384186
-222.5,-1464.0,0.0,3.65000001589458
-222.25,-1464.0,0.0,3.57500000794728
-222.0,-1464.0,0.0,3.5
-252.0,-1463.0,8.0,11.0264921188354
-251.75,-1463.0,8.0,11.0062454806434
-251.5,-1463.0,8.0,10.9859988424513
-251.25,-1463.0,8.0,10.9657522042592
-251.0,-1463.0,8.0,10.9455055660672
-250.75,-1463.0,8.0,10.9252589278751
-250.5,-1463.0,8.0,10.905012289683
-250.25,-1463.0,8.0,10.884765651491
-250.0,-1463.0,8.0,10.8645190132989
-249.75,-1463.0,8.0,10.8442723751068
-249.5,-1463.0,8.0,10.8240257369147
-249.25,-1463.0,8.0,10.8037790987227
-249.0,-1463.0,8.0,10.7835324605306
-248.75,-1463.0,8.0,10.7632858223385
-248.5,-1463.0,8.0,10.7430391841465
-248.25,-1463.0,8.0,10.7227925459544
-248.0,-1463.0,8.0,10.7025459077623
-247.75,-1463.0,8.0,10.6822992695702
-247.5,-1463.0,8.0,10.6620526313782
-247.25,-1463.0,8.0,10.6418059931861
-247.0,-1463.0,8.0,10.621559354994
-246.75,-1463.0,8.0,10.601312716802
-246.5,-1463.0,8.0,10.5810660786099
-246.25,-1463.0,8.0,10.5608194404178
-246.0,-1463.0,8.0,10.5405728022257
-245.75,-1463.0,8.0,10.5155752234989
-245.5,-1463.0,8.0,10.490577644772
-245.25,-1463.0,8.0,10.4655800660451
-245.0,-1463.0,8.0,10.4405824873182
-244.75,-1463.0,8.0,10.4155849085914
-244.5,-1463.0,8.0,10.3905873298645
-244.25,-1463.0,8.0,10.3655897511376
-244.0,-1463.0,8.0,10.3405921724108
-243.75,-1463.0,8.0,10.3155945936839
-243.5,-1463.0,8.0,10.290597014957
-243.25,-1463.0,8.0,10.2655994362301
-243.0,-1463.0,8.0,10.2406018575033
-242.75,-1463.0,8.0,10.2156042257945
-242.5,-1463.0,8.0,10.1906065940857
-242.25,-1463.0,8.0,10.1656089623769
-242.0,-1463.0,8.0,10.1406113306681
-241.75,-1463.0,8.0,10.1156136989594
-241.5,-1463.0,8.0,10.0906160672506
-241.25,-1463.0,8.0,10.0656184355418
-241.0,-1463.0,8.0,10.040620803833
-240.75,-1463.0,8.0,10.0156231721242
-240.5,-1463.0,8.0,9.99062554041545
-240.25,-1463.0,8.0,9.96562790870667
-240.0,-1463.0,8.0,9.94063027699788
-239.75,-1463.0,8.0,9.93794092204836
-239.5,-1463.0,8.0,9.93525156709883
-239.25,-1463.0,8.0,9.9325622121493
-239.0,-1463.0,8.0,9.92987285719978
-238.75,-1463.0,8.0,9.92718350225025
-238.5,-1463.0,8.0,9.92449414730072
-238.25,-1463.0,8.0,9.92180479235119
-238.0,-1463.0,8.0,9.91911543740167
-237.75,-1463.0,8.0,9.91642608245214
-237.5,-1463.0,8.0,9.91373672750261
-237.25,-1463.0,8.0,9.91104737255308
-237.0,-1463.0,8.0,9.90835801760356
-236.75,-1463.0,8.0,9.90566860967212
-236.5,-1463.0,8.0,9.90297920174069
-236.25,-1463.0,8.0,9.90028979380926
-236.0,-1463.0,8.0,9.89760038587782
-235.75,-1463.0,8.0,9.89491097794639
-235.5,-1463.0,8.0,9.89222157001495
-235.25,-1463.0,8.0,9.88953216208352
-235.0,-1463.0,8.0,9.88684275415209
-234.75,-1463.0,8.0,9.88415334622065
-234.5,-1463.0,8.0,9.88146393828922
-234.25,-1463.0,8.0,9.87877453035778
-234.0,-1463.0,8.0,9.87608512242635
-233.75,-1463.0,8.0,9.80208159155316
-233.5,-1463.0,8.0,9.72807806067996
-233.25,-1463.0,8.0,9.65407452980677
-233.0,-1463.0,8.0,9.58007099893359
-232.75,-1463.0,8.0,9.50606746806038
-232.5,-1463.0,8.0,9.43206393718719
-232.25,-1463.0,8.0,9.35806040631401
-232.0,-1463.0,8.0,9.28405687544081
-231.75,-1463.0,8.0,9.21005334456762
-231.5,-1463.0,8.0,9.13604981369443
-231.25,-1463.0,8.0,9.06204628282123
-231.0,-1463.0,8.0,8.98804275194804
-230.75,-1463.0,8.0,8.91403922107485
-230.5,-1463.0,8.0,8.84003569020165
-230.25,-1463.0,8.0,8.76603215932846
-230.0,-1463.0,8.0,8.69202862845527
-229.75,-1463.0,8.0,8.61802509758207
-229.5,-1463.0,8.0,8.54402156670888
-229.25,-1463.0,8.0,8.47001803583569
-229.0,-1463.0,8.0,8.39601450496249
-228.75,-1463.0,8.0,8.3220109740893
-228.5,-1463.0,8.0,8.24800744321612
-228.25,-1463.0,8.0,8.17400391234291
-228.0,-1463.0,8.0,8.10000038146973
-227.75,-1463.0,0.0,7.79166702429455
-227.5,-1463.0,0.0,7.48333366711933
-227.25,-1463.0,0.0,7.17500030994415
-227.0,-1463.0,0.0,6.86666695276898
-226.75,-1463.0,0.0,6.55833359559375
-226.5,-1463.0,0.0,6.25000023841858
-226.25,-1463.0,0.0,5.94166688124341
-226.0,-1463.0,0.0,5.63333352406818
-225.75,-1463.0,0.0,5.32500016689301
-225.5,-1463.0,0.0,5.01666680971783
-225.25,-1463.0,0.0,4.70833345254261
-225.0,-1463.0,0.0,4.40000009536743
-224.75,-1463.0,0.0,4.32500008742015
-224.5,-1463.0,0.0,4.25000007947286
-224.25,-1463.0,0.0,4.17500007152557
-224.0,-1463.0,0.0,4.10000006357829
-223.75,-1463.0,0.0,4.025000055631
-223.5,-1463.0,0.0,3.95000004768372
-223.25,-1463.0,0.0,3.87500003973643
-223.0,-1463.0,0.0,3.80000003178914
-222.75,-1463.0,0.0,3.72500002384186
-222.5,-1463.0,0.0,3.65000001589458
-222.25,-1463.0,0.0,3.57500000794728
-222.0,-1463.0,0.0,3.5
-252.0,-1462.0,8.0,11.025354385376
-251.75,-1462.0,8.0,11.005117866728
-251.5,-1462.0,8.0,10.9848813480801
-251.25,-1462.0,8.0,10.9646448294322
-251.0,-1462.0,8.0,10.9444083107842
-250.75,-1462.0,8.0,10.9241717921363
-250.5,-1462.0,8.0,10.9039352734884
-250.25,-1462.0,8.0,10.8836987548404
-250.0,-1462.0,8.0,10.8634622361925
-249.75,-1462.0,8.0,10.8432257175446
-249.5,-1462.0,8.0,10.8229891988966
-249.25,-1462.0,8.0,10.8027526802487
-249.0,-1462.0,8.0,10.7825161616007
-248.75,-1462.0,8.0,10.7622796429528
-248.5,-1462.0,8.0,10.7420431243049
-248.25,-1462.0,8.0,10.7218066056569
-248.0,-1462.0,8.0,10.701570087009
-247.75,-1462.0,8.0,10.6813335683611
-247.5,-1462.0,8.0,10.6610970497131
-247.25,-1462.0,8.0,10.6408605310652
-247.0,-1462.0,8.0,10.6206240124173
-246.75,-1462.0,8.0,10.6003874937693
-246.5,-1462.0,8.0,10.5801509751214
-246.25,-1462.0,8.0,10.5599144564735
-246.0,-1462.0,8.0,10.5396779378255
-245.75,-1462.0,8.0,10.5164105759727
-245.5,-1462.0,8.0,10.4931432141198
-245.25,-1462.0,8.0,10.4698758522669
-245.0,-1462.0,8.0,10.4466084904141
-244.75,-1462.0,8.0,10.4233411285612
-244.5,-1462.0,8.0,10.4000737667084
-244.25,-1462.0,8.0,10.3768064048555
-244.0,-1462.0,8.0,10.3535390430027
-243.75,-1462.0,8.0,10.3302716811498
-243.5,-1462.0,8.0,10.3070043192969
-243.25,-1462.0,8.0,10.2837369574441
-243.0,-1462.0,8.0,10.2604695955912
-242.75,-1462.0,8.0,10.2372022072474
-242.5,-1462.0,8.0,10.2139348189036
-242.25,-1462.0,8.0,10.1906674305598
-242.0,-1462.0,8.0,10.167400042216
-241.75,-1462.0,8.0,10.1441326538722
-241.5,-1462.0,8.0,10.1208652655284
-241.25,-1462.0,8.0,10.0975978771845
-241.0,-1462.0,8.0,10.0743304888407
-240.75,-1462.0,8.0,10.0510631004969
-240.5,-1462.0,8.0,10.0277957121531
-240.25,-1462.0,8.0,10.0045283238093
-240.0,-1462.0,8.0,9.98126093546549
-239.75,-1462.0,8.0,9.97685990068648
-239.5,-1462.0,8.0,9.97245886590746
-239.25,-1462.0,8.0,9.96805783112844
-239.0,-1462.0,8.0,9.96365679634942
-238.75,-1462.0,8.0,9.9592557615704
-238.5,-1462.0,8.0,9.95485472679138
-238.25,-1462.0,8.0,9.95045369201236
-238.0,-1462.0,8.0,9.94605265723334
-237.75,-1462.0,8.0,9.94165162245432
-237.5,-1462.0,8.0,9.93725058767531
-237.25,-1462.0,8.0,9.93284955289629
-237.0,-1462.0,8.0,9.92844851811727
-236.75,-1462.0,8.0,9.9240474568473
-236.5,-1462.0,8.0,9.91964639557732
-236.25,-1462.0,8.0,9.91524533430735
-236.0,-1462.0,8.0,9.91084427303738
-235.75,-1462.0,8.0,9.90644321176741
-235.5,-1462.0,8.0,9.90204215049744
-235.25,-1462.0,8.0,9.89764108922746
-235.0,-1462.0,8.0,9.89324002795749
-234.75,-1462.0,8.0,9.88883896668752
-234.5,-1462.0,8.0,9.88443790541755
-234.25,-1462.0,8.0,9.88003684414758
-234.0,-1462.0,8.0,9.8756357828776
-233.75,-1462.0,8.0,9.80165097448561
-233.5,-1462.0,8.0,9.72766616609361
-233.25,-1462.0,8.0,9.65368135770162
-233.0,-1462.0,8.0,9.57969654930963
-232.75,-1462.0,8.0,9.50571174091762
-232.5,-1462.0,8.0,9.43172693252563
-232.25,-1462.0,8.0,9.35774212413364
-232.0,-1462.0,8.0,9.28375731574164
-231.75,-1462.0,8.0,9.20977250734965
-231.5,-1462.0,8.0,9.13578769895766
-231.25,-1462.0,8.0,9.06180289056566
-231.0,-1462.0,8.0,8.98781808217367
-230.75,-1462.0,8.0,8.91383327378168
-230.5,-1462.0,8.0,8.83984846538967
-230.25,-1462.0,8.0,8.76586365699768
-230.0,-1462.0,8.0,8.69187884860569
-229.75,-1462.0,8.0,8.61789404021369
-229.5,-1462.0,8.0,8.5439092318217
-229.25,-1462.0,8.0,8.46992442342971
-229.0,-1462.0,8.0,8.3959396150377
-228.75,-1462.0,8.0,8.32195480664571
-228.5,-1462.0,8.0,8.24796999825372
-228.25,-1462.0,8.0,8.17398518986172
-228.0,-1462.0,8.0,8.10000038146973
-227.75,-1462.0,0.0,7.79166702429455
-227.5,-1462.0,0.0,7.48333366711933
-227.25,-1462.0,0.0,7.17500030994415
-227.0,-1462.0,0.0,6.86666695276898
-226.75,-1462.0,0.0,6.55833359559375
-226.5,-1462.0,0.0,6.25000023841858
-226.25,-1462.0,0.0,5.94166688124341
-226.0,-1462.0,0.0,5.63333352406818
-225.75,-1462.0,0.0,5.32500016689301
-225.5,-1462.0,0.0,5.01666680971783
-225.25,-1462.0,0.0,4.70833345254261
-225.0,-1462.0,0.0,4.40000009536743
-224.75,-1462.0,0.0,4.32500008742015
-224.5,-1462.0,0.0,4.25000007947285
-224.25,-1462.0,0.0,4.17500007152557
-224.0,-1462.0,0.0,4.10000006357829
-223.75,-1462.0,0.0,4.025000055631
-223.5,-1462.0,0.0,3.95000004768372
-223.25,-1462.0,0.0,3.87500003973643
-223.0,-1462.0,0.0,3.80000003178914
-222.75,-1462.0,0.0,3.72500002384186
-222.5,-1462.0,0.0,3.65000001589458
-222.25,-1462.0,0.0,3.57500000794728
-222.0,-1462.0,0.0,3.5
-252.0,-1461.0,8.0,11.0242166519165
-251.75,-1461.0,8.0,11.0039902528127
-251.5,-1461.0,8.0,10.9837638537089
-251.25,-1461.0,8.0,10.9635374546051
-251.0,-1461.0,8.0,10.9433110555013
-250.75,-1461.0,8.0,10.9230846563975
-250.5,-1461.0,8.0,10.9028582572937
-250.25,-1461.0,8.0,10.8826318581899
-250.0,-1461.0,8.0,10.8624054590861
-249.75,-1461.0,8.0,10.8421790599823
-249.5,-1461.0,8.0,10.8219526608785
-249.25,-1461.0,8.0,10.8017262617747
-249.0,-1461.0,8.0,10.7814998626709
-248.75,-1461.0,8.0,10.7612734635671
-248.5,-1461.0,8.0,10.7410470644633
-248.25,-1461.0,8.0,10.7208206653595
-248.0,-1461.0,8.0,10.7005942662557
-247.75,-1461.0,8.0,10.6803678671519
-247.5,-1461.0,8.0,10.6601414680481
-247.25,-1461.0,8.0,10.6399150689443
-247.0,-1461.0,8.0,10.6196886698405
-246.75,-1461.0,8.0,10.5994622707367
-246.5,-1461.0,8.0,10.5792358716329
-246.25,-1461.0,8.0,10.5590094725291
-246.0,-1461.0,8.0,10.5387830734253
-245.75,-1461.0,8.0,10.5172459284465
-245.5,-1461.0,8.0,10.4957087834676
-245.25,-1461.0,8.0,10.4741716384888
-245.0,-1461.0,8.0,10.4526344935099
-244.75,-1461.0,8.0,10.4310973485311
-244.5,-1461.0,8.0,10.4095602035522
-244.25,-1461.0,8.0,10.3880230585734
-244.0,-1461.0,8.0,10.3664859135946
-243.75,-1461.0,8.0,10.3449487686157
-243.5,-1461.0,8.0,10.3234116236369
-243.25,-1461.0,8.0,10.301874478658
-243.0,-1461.0,8.0,10.2803373336792
-242.75,-1461.0,8.0,10.2588001887004
-242.5,-1461.0,8.0,10.2372630437215
-242.25,-1461.0,8.0,10.2157258987427
-242.0,-1461.0,8.0,10.1941887537638
-241.75,-1461.0,8.0,10.172651608785
-241.5,-1461.0,8.0,10.1511144638062
-241.25,-1461.0,8.0,10.1295773188273
-241.0,-1461.0,8.0,10.1080401738485
-240.75,-1461.0,8.0,10.0865030288696
-240.5,-1461.0,8.0,10.0649658838908
-240.25,-1461.0,8.0,10.0434287389119
-240.0,-1461.0,8.0,10.0218915939331
-239.75,-1461.0,8.0,10.0157788793246
-239.5,-1461.0,8.0,10.0096661647161
-239.25,-1461.0,8.0,10.0035534501076
-239.0,-1461.0,8.0,9.99744073549906
-238.75,-1461.0,8.0,9.99132802089055
-238.5,-1461.0,8.0,9.98521530628204
-238.25,-1461.0,8.0,9.97910259167353
-238.0,-1461.0,8.0,9.97298987706502
-237.75,-1461.0,8.0,9.96687716245651
-237.5,-1461.0,8.0,9.960764447848
-237.25,-1461.0,8.0,9.95465173323949
-237.0,-1461.0,8.0,9.94853901863098
-236.75,-1461.0,8.0,9.94242630402247
-236.5,-1461.0,8.0,9.93631358941396
-236.25,-1461.0,8.0,9.93020087480545
-236.0,-1461.0,8.0,9.92408816019694
-235.75,-1461.0,8.0,9.91797544558843
-235.5,-1461.0,8.0,9.91186273097992
-235.25,-1461.0,8.0,9.90575001637141
-235.0,-1461.0,8.0,9.8996373017629
-234.75,-1461.0,8.0,9.89352458715439
-234.5,-1461.0,8.0,9.88741187254588
-234.25,-1461.0,8.0,9.88129915793737
-234.0,-1461.0,8.0,9.87518644332886
-233.75,-1461.0,8.0,9.80122035741806
-233.5,-1461.0,8.0,9.72725427150726
-233.25,-1461.0,8.0,9.65328818559647
-233.0,-1461.0,8.0,9.57932209968567
-232.75,-1461.0,8.0,9.50535601377487
-232.5,-1461.0,8.0,9.43138992786407
-232.25,-1461.0,8.0,9.35742384195328
-232.0,-1461.0,8.0,9.28345775604248
-231.75,-1461.0,8.0,9.20949167013168
-231.5,-1461.0,8.0,9.13552558422089
-231.25,-1461.0,8.0,9.06155949831009
-231.0,-1461.0,8.0,8.98759341239929
-230.75,-1461.0,8.0,8.9136273264885
-230.5,-1461.0,8.0,8.83966124057769
-230.25,-1461.0,8.0,8.7656951546669
-230.0,-1461.0,8.0,8.69172906875611
-229.75,-1461.0,8.0,8.6177629828453
-229.5,-1461.0,8.0,8.54379689693451
-229.25,-1461.0,8.0,8.46983081102372
-229.0,-1461.0,8.0,8.39586472511291
-228.75,-1461.0,8.0,8.32189863920212
-228.5,-1461.0,8.0,8.24793255329132
-228.25,-1461.0,8.0,8.17396646738052
-228.0,-1461.0,8.0,8.10000038146973
-227.75,-1461.0,0.0,7.79166702429455
-227.5,-1461.0,0.0,7.48333366711933
-227.25,-1461.0,0.0,7.17500030994415
-227.0,-1461.0,0.0,6.86666695276898
-226.75,-1461.0,0.0,6.55833359559375
-226.5,-1461.0,0.0,6.25000023841858
-226.25,-1461.0,0.0,5.94166688124341
-226.0,-1461.0,0.0,5.63333352406818
-225.75,-1461.0,0.0,5.32500016689301
-225.5,-1461.0,0.0,5.01666680971783
-225.25,-1461.0,0.0,4.7083334525426
-225.0,-1461.0,0.0,4.40000009536743
-224.75,-1461.0,0.0,4.32500008742015
-224.5,-1461.0,0.0,4.25000007947285
-224.25,-1461.0,0.0,4.17500007152557
-224.0,-1461.0,0.0,4.10000006357829
-223.75,-1461.0,0.0,4.025000055631
-223.5,-1461.0,0.0,3.95000004768372
-223.25,-1461.0,0.0,3.87500003973643
-223.0,-1461.0,0.0,3.80000003178914
-222.75,-1461.0,0.0,3.72500002384186
-222.5,-1461.0,0.0,3.65000001589458
-222.25,-1461.0,0.0,3.57500000794728
-222.0,-1461.0,0.0,3.5
-252.0,-1460.0,8.0,11.023078918457
-251.75,-1460.0,8.0,11.0028626388974
-251.5,-1460.0,8.0,10.9826463593377
-251.25,-1460.0,8.0,10.962430079778
-251.0,-1460.0,8.0,10.9422138002184
-250.75,-1460.0,8.0,10.9219975206587
-250.5,-1460.0,8.0,10.901781241099
-250.25,-1460.0,8.0,10.8815649615394
-250.0,-1460.0,8.0,10.8613486819797
-249.75,-1460.0,8.0,10.84113240242
-249.5,-1460.0,8.0,10.8209161228604
-249.25,-1460.0,8.0,10.8006998433007
-249.0,-1460.0,8.0,10.780483563741
-248.75,-1460.0,8.0,10.7602672841814
-248.5,-1460.0,8.0,10.7400510046217
-248.25,-1460.0,8.0,10.7198347250621
-248.0,-1460.0,8.0,10.6996184455024
-247.75,-1460.0,8.0,10.6794021659427
-247.5,-1460.0,8.0,10.6591858863831
-247.25,-1460.0,8.0,10.6389696068234
-247.0,-1460.0,8.0,10.6187533272637
-246.75,-1460.0,8.0,10.5985370477041
-246.5,-1460.0,8.0,10.5783207681444
-246.25,-1460.0,8.0,10.5581044885847
-246.0,-1460.0,8.0,10.5378882090251
-245.75,-1460.0,8.0,10.5180812809202
-245.5,-1460.0,8.0,10.4982743528154
-245.25,-1460.0,8.0,10.4784674247106
-245.0,-1460.0,8.0,10.4586604966058
-244.75,-1460.0,8.0,10.4388535685009
-244.5,-1460.0,8.0,10.4190466403961
-244.25,-1460.0,8.0,10.3992397122913
-244.0,-1460.0,8.0,10.3794327841865
-243.75,-1460.0,8.0,10.3596258560816
-243.5,-1460.0,8.0,10.3398189279768
-243.25,-1460.0,8.0,10.320011999872
-243.0,-1460.0,8.0,10.3002050717672
-242.75,-1460.0,8.0,10.2803981436623
-242.5,-1460.0,8.0,10.2605912155575
-242.25,-1460.0,8.0,10.2407842874527
-242.0,-1460.0,8.0,10.2209773593479
-241.75,-1460.0,8.0,10.201170431243
-241.5,-1460.0,8.0,10.1813635031382
-241.25,-1460.0,8.0,10.1615565750334
-241.0,-1460.0,8.0,10.1417496469286
-240.75,-1460.0,8.0,10.1219427188238
-240.5,-1460.0,8.0,10.1021357907189
-240.25,-1460.0,8.0,10.0823288626141
-240.0,-1460.0,8.0,10.0625219345093
-239.75,-1460.0,8.0,10.0546975665622
-239.5,-1460.0,8.0,10.0468731986152
-239.25,-1460.0,8.0,10.0390488306681
-239.0,-1460.0,8.0,10.0312244627211
-238.75,-1460.0,8.0,10.023400094774
-238.5,-1460.0,8.0,10.015575726827
-238.25,-1460.0,8.0,10.0077513588799
-238.0,-1460.0,8.0,9.99992699093289
-237.75,-1460.0,8.0,9.99210262298584
-237.5,-1460.0,8.0,9.98427825503879
-237.25,-1460.0,8.0,9.97645388709174
-237.0,-1460.0,8.0,9.9686295191447
-236.75,-1460.0,8.0,9.96080515119765
-236.5,-1460.0,8.0,9.9529807832506
-236.25,-1460.0,8.0,9.94515641530355
-236.0,-1460.0,8.0,9.9373320473565
-235.75,-1460.0,8.0,9.92950767940945
-235.5,-1460.0,8.0,9.9216833114624
-235.25,-1460.0,8.0,9.91385894351535
-235.0,-1460.0,8.0,9.90603457556831
-234.75,-1460.0,8.0,9.89821020762126
-234.5,-1460.0,8.0,9.89038583967421
-234.25,-1460.0,8.0,9.88256147172716
-234.0,-1460.0,8.0,9.87473710378011
-233.75,-1460.0,8.0,9.80078974035052
-233.5,-1460.0,8.0,9.72684237692091
-233.25,-1460.0,8.0,9.65289501349131
-233.0,-1460.0,8.0,9.57894765006172
-232.75,-1460.0,8.0,9.50500028663211
-232.5,-1460.0,8.0,9.43105292320251
-232.25,-1460.0,8.0,9.35710555977292
-232.0,-1460.0,8.0,9.28315819634331
-231.75,-1460.0,8.0,9.20921083291372
-231.5,-1460.0,8.0,9.13526346948412
-231.25,-1460.0,8.0,9.06131610605451
-231.0,-1460.0,8.0,8.98736874262492
-230.75,-1460.0,8.0,8.91342137919532
-230.5,-1460.0,8.0,8.83947401576572
-230.25,-1460.0,8.0,8.76552665233612
-230.0,-1460.0,8.0,8.69157928890652
-229.75,-1460.0,8.0,8.61763192547692
-229.5,-1460.0,8.0,8.54368456204732
-229.25,-1460.0,8.0,8.46973719861773
-229.0,-1460.0,8.0,8.39578983518812
-228.75,-1460.0,8.0,8.32184247175853
-228.5,-1460.0,8.0,8.24789510832893
-228.25,-1460.0,8.0,8.17394774489932
-228.0,-1460.0,8.0,8.10000038146973
-227.75,-1460.0,0.0,7.79166702429455
-227.5,-1460.0,0.0,7.48333366711933
-227.25,-1460.0,0.0,7.17500030994415
-227.0,-1460.0,0.0,6.86666695276898
-226.75,-1460.0,0.0,6.55833359559375
-226.5,-1460.0,0.0,6.25000023841858
-226.25,-1460.0,0.0,5.94166688124341
-226.0,-1460.0,0.0,5.63333352406818
-225.75,-1460.0,0.0,5.32500016689301
-225.5,-1460.0,0.0,5.01666680971783
-225.25,-1460.0,0.0,4.70833345254261
-225.0,-1460.0,0.0,4.40000009536743
-224.75,-1460.0,0.0,4.32500008742015
-224.5,-1460.0,0.0,4.25000007947286
-224.25,-1460.0,0.0,4.17500007152557
-224.0,-1460.0,0.0,4.10000006357829
-223.75,-1460.0,0.0,4.025000055631
-223.5,-1460.0,0.0,3.95000004768372
-223.25,-1460.0,0.0,3.87500003973643
-223.0,-1460.0,0.0,3.80000003178914
-222.75,-1460.0,0.0,3.72500002384186
-222.5,-1460.0,0.0,3.65000001589458
-222.25,-1460.0,0.0,3.57500000794728
-222.0,-1460.0,0.0,3.5
-252.0,-1459.0,8.0,11.0219411849976
-251.75,-1459.0,8.0,11.001735024982
-251.5,-1459.0,8.0,10.9815288649665
-251.25,-1459.0,8.0,10.961322704951
-251.0,-1459.0,8.0,10.9411165449354
-250.75,-1459.0,8.0,10.9209103849199
-250.5,-1459.0,8.0,10.9007042249044
-250.25,-1459.0,8.0,10.8804980648888
-250.0,-1459.0,8.0,10.8602919048733
-249.75,-1459.0,8.0,10.8400857448578
-249.5,-1459.0,8.0,10.8198795848423
-249.25,-1459.0,8.0,10.7996734248267
-249.0,-1459.0,8.0,10.7794672648112
-248.75,-1459.0,8.0,10.7592611047957
-248.5,-1459.0,8.0,10.7390549447801
-248.25,-1459.0,8.0,10.7188487847646
-248.0,-1459.0,8.0,10.6986426247491
-247.75,-1459.0,8.0,10.6784364647335
-247.5,-1459.0,8.0,10.658230304718
-247.25,-1459.0,8.0,10.6380241447025
-247.0,-1459.0,8.0,10.617817984687
-246.75,-1459.0,8.0,10.5976118246714
-246.5,-1459.0,8.0,10.5774056646559
-246.25,-1459.0,8.0,10.5571995046404
-246.0,-1459.0,8.0,10.5369933446248
-245.75,-1459.0,8.0,10.518916633394
-245.5,-1459.0,8.0,10.5008399221632
-245.25,-1459.0,8.0,10.4827632109324
-245.0,-1459.0,8.0,10.4646864997016
-244.75,-1459.0,8.0,10.4466097884708
-244.5,-1459.0,8.0,10.42853307724
-244.25,-1459.0,8.0,10.4104563660092
-244.0,-1459.0,8.0,10.3923796547784
-243.75,-1459.0,8.0,10.3743029435476
-243.5,-1459.0,8.0,10.3562262323168
-243.25,-1459.0,8.0,10.338149521086
-243.0,-1459.0,8.0,10.3200728098551
-242.75,-1459.0,8.0,10.3019960986243
-242.5,-1459.0,8.0,10.2839193873935
-242.25,-1459.0,8.0,10.2658426761627
-242.0,-1459.0,8.0,10.2477659649319
-241.75,-1459.0,8.0,10.2296892537011
-241.5,-1459.0,8.0,10.2116125424703
-241.25,-1459.0,8.0,10.1935358312395
-241.0,-1459.0,8.0,10.1754591200087
-240.75,-1459.0,8.0,10.1573824087779
-240.5,-1459.0,8.0,10.1393056975471
-240.25,-1459.0,8.0,10.1212289863163
-240.0,-1459.0,8.0,10.1031522750854
-239.75,-1459.0,8.0,10.0936162537999
-239.5,-1459.0,8.0,10.0840802325143
-239.25,-1459.0,8.0,10.0745442112287
-239.0,-1459.0,8.0,10.0650081899431
-238.75,-1459.0,8.0,10.0554721686575
-238.5,-1459.0,8.0,10.0459361473719
-238.25,-1459.0,8.0,10.0364001260863
-238.0,-1459.0,8.0,10.0268641048008
-237.75,-1459.0,8.0,10.0173280835152
-237.5,-1459.0,8.0,10.0077920622296
-237.25,-1459.0,8.0,9.99825604094399
-237.0,-1459.0,8.0,9.98872001965841
-236.75,-1459.0,8.0,9.97918399837282
-236.5,-1459.0,8.0,9.96964797708723
-236.25,-1459.0,8.0,9.96011195580165
-236.0,-1459.0,8.0,9.95057593451606
-235.75,-1459.0,8.0,9.94103991323047
-235.5,-1459.0,8.0,9.93150389194489
-235.25,-1459.0,8.0,9.9219678706593
-235.0,-1459.0,8.0,9.91243184937371
-234.75,-1459.0,8.0,9.90289582808813
-234.5,-1459.0,8.0,9.89335980680254
-234.25,-1459.0,8.0,9.88382378551695
-234.0,-1459.0,8.0,9.87428776423137
-233.75,-1459.0,8.0,9.80035912328297
-233.5,-1459.0,8.0,9.72643048233456
-233.25,-1459.0,8.0,9.65250184138616
-233.0,-1459.0,8.0,9.57857320043776
-232.75,-1459.0,8.0,9.50464455948935
-232.5,-1459.0,8.0,9.43071591854095
-232.25,-1459.0,8.0,9.35678727759256
-232.0,-1459.0,8.0,9.28285863664415
-231.75,-1459.0,8.0,9.20892999569575
-231.5,-1459.0,8.0,9.13500135474735
-231.25,-1459.0,8.0,9.06107271379894
-231.0,-1459.0,8.0,8.98714407285055
-230.75,-1459.0,8.0,8.91321543190215
-230.5,-1459.0,8.0,8.83928679095374
-230.25,-1459.0,8.0,8.76535815000534
-230.0,-1459.0,8.0,8.69142950905694
-229.75,-1459.0,8.0,8.61750086810853
-229.5,-1459.0,8.0,8.54357222716014
-229.25,-1459.0,8.0,8.46964358621174
-229.0,-1459.0,8.0,8.39571494526333
-228.75,-1459.0,8.0,8.32178630431493
-228.5,-1459.0,8.0,8.24785766336653
-228.25,-1459.0,8.0,8.17392902241812
-228.0,-1459.0,8.0,8.10000038146973
-227.75,-1459.0,0.0,7.79166702429455
-227.5,-1459.0,0.0,7.48333366711933
-227.25,-1459.0,0.0,7.17500030994415
-227.0,-1459.0,0.0,6.86666695276898
-226.75,-1459.0,0.0,6.55833359559375
-226.5,-1459.0,0.0,6.25000023841858
-226.25,-1459.0,0.0,5.94166688124341
-226.0,-1459.0,0.0,5.63333352406818
-225.75,-1459.0,0.0,5.32500016689301
-225.5,-1459.0,0.0,5.01666680971783
-225.25,-1459.0,0.0,4.70833345254261
-225.0,-1459.0,0.0,4.40000009536743
-224.75,-1459.0,0.0,4.32500008742015
-224.5,-1459.0,0.0,4.25000007947285
-224.25,-1459.0,0.0,4.17500007152557
-224.0,-1459.0,0.0,4.10000006357829
-223.75,-1459.0,0.0,4.025000055631
-223.5,-1459.0,0.0,3.95000004768372
-223.25,-1459.0,0.0,3.87500003973643
-223.0,-1459.0,0.0,3.80000003178914
-222.75,-1459.0,0.0,3.72500002384186
-222.5,-1459.0,0.0,3.65000001589458
-222.25,-1459.0,0.0,3.57500000794728
-222.0,-1459.0,0.0,3.5
-252.0,-1458.0,8.0,11.0208034515381
-251.75,-1458.0,8.0,11.0006074110667
-251.5,-1458.0,8.0,10.9804113705953
-251.25,-1458.0,8.0,10.9602153301239
-251.0,-1458.0,8.0,10.9400192896525
-250.75,-1458.0,8.0,10.9198232491811
-250.5,-1458.0,8.0,10.8996272087097
-250.25,-1458.0,8.0,10.8794311682383
-250.0,-1458.0,8.0,10.8592351277669
-249.75,-1458.0,8.0,10.8390390872955
-249.5,-1458.0,8.0,10.8188430468241
-249.25,-1458.0,8.0,10.7986470063527
-249.0,-1458.0,8.0,10.7784509658813
-248.75,-1458.0,8.0,10.75825492541
-248.5,-1458.0,8.0,10.7380588849386
-248.25,-1458.0,8.0,10.7178628444672
-248.0,-1458.0,8.0,10.6976668039958
-247.75,-1458.0,8.0,10.6774707635244
-247.5,-1458.0,8.0,10.657274723053
-247.25,-1458.0,8.0,10.6370786825816
-247.0,-1458.0,8.0,10.6168826421102
-246.75,-1458.0,8.0,10.5966866016388
-246.5,-1458.0,8.0,10.5764905611674
-246.25,-1458.0,8.0,10.556294520696
-246.0,-1458.0,8.0,10.5360984802246
-245.75,-1458.0,8.0,10.5197519858678
-245.5,-1458.0,8.0,10.503405491511
-245.25,-1458.0,8.0,10.4870589971542
-245.0,-1458.0,8.0,10.4707125027974
-244.75,-1458.0,8.0,10.4543660084407
-244.5,-1458.0,8.0,10.4380195140839
-244.25,-1458.0,8.0,10.4216730197271
-244.0,-1458.0,8.0,10.4053265253703
-243.75,-1458.0,8.0,10.3889800310135
-243.5,-1458.0,8.0,10.3726335366567
-243.25,-1458.0,8.0,10.3562870422999
-243.0,-1458.0,8.0,10.3399405479431
-242.75,-1458.0,8.0,10.3235940535863
-242.5,-1458.0,8.0,10.3072475592295
-242.25,-1458.0,8.0,10.2909010648727
-242.0,-1458.0,8.0,10.274554570516
-241.75,-1458.0,8.0,10.2582080761592
-241.5,-1458.0,8.0,10.2418615818024
-241.25,-1458.0,8.0,10.2255150874456
-241.0,-1458.0,8.0,10.2091685930888
-240.75,-1458.0,8.0,10.192822098732
-240.5,-1458.0,8.0,10.1764756043752
-240.25,-1458.0,8.0,10.1601291100184
-240.0,-1458.0,8.0,10.1437826156616
-239.75,-1458.0,8.0,10.1325349410375
-239.5,-1458.0,8.0,10.1212872664134
-239.25,-1458.0,8.0,10.1100395917892
-239.0,-1458.0,8.0,10.0987919171651
-238.75,-1458.0,8.0,10.087544242541
-238.5,-1458.0,8.0,10.0762965679169
-238.25,-1458.0,8.0,10.0650488932927
-238.0,-1458.0,8.0,10.0538012186686
-237.75,-1458.0,8.0,10.0425535440445
-237.5,-1458.0,8.0,10.0313058694204
-237.25,-1458.0,8.0,10.0200581947962
-237.0,-1458.0,8.0,10.0088105201721
-236.75,-1458.0,8.0,9.99756284554799
-236.5,-1458.0,8.0,9.98631517092387
-236.25,-1458.0,8.0,9.97506749629974
-236.0,-1458.0,8.0,9.96381982167562
-235.75,-1458.0,8.0,9.95257214705149
-235.5,-1458.0,8.0,9.94132447242737
-235.25,-1458.0,8.0,9.93007679780324
-235.0,-1458.0,8.0,9.91882912317912
-234.75,-1458.0,8.0,9.90758144855499
-234.5,-1458.0,8.0,9.89633377393087
-234.25,-1458.0,8.0,9.88508609930674
-234.0,-1458.0,8.0,9.87383842468262
-233.75,-1458.0,8.0,9.79992850621542
-233.5,-1458.0,8.0,9.72601858774821
-233.25,-1458.0,8.0,9.65210866928101
-233.0,-1458.0,8.0,9.5781987508138
-232.75,-1458.0,8.0,9.50428883234659
-232.5,-1458.0,8.0,9.43037891387939
-232.25,-1458.0,8.0,9.35646899541219
-232.0,-1458.0,8.0,9.28255907694498
-231.75,-1458.0,8.0,9.20864915847778
-231.5,-1458.0,8.0,9.13473924001058
-231.25,-1458.0,8.0,9.06082932154337
-231.0,-1458.0,8.0,8.98691940307617
-230.75,-1458.0,8.0,8.91300948460897
-230.5,-1458.0,8.0,8.83909956614176
-230.25,-1458.0,8.0,8.76518964767456
-230.0,-1458.0,8.0,8.69127972920736
-229.75,-1458.0,8.0,8.61736981074015
-229.5,-1458.0,8.0,8.54345989227295
-229.25,-1458.0,8.0,8.46954997380575
-229.0,-1458.0,8.0,8.39564005533854
-228.75,-1458.0,8.0,8.32173013687134
-228.5,-1458.0,8.0,8.24782021840414
-228.25,-1458.0,8.0,8.17391029993693
-228.0,-1458.0,8.0,8.10000038146973
-227.75,-1458.0,0.0,7.79166702429455
-227.5,-1458.0,0.0,7.48333366711933
-227.25,-1458.0,0.0,7.17500030994415
-227.0,-1458.0,0.0,6.86666695276898
-226.75,-1458.0,0.0,6.55833359559375
-226.5,-1458.0,0.0,6.25000023841858
-226.25,-1458.0,0.0,5.94166688124341
-226.0,-1458.0,0.0,5.63333352406818
-225.75,-1458.0,0.0,5.32500016689301
-225.5,-1458.0,0.0,5.01666680971783
-225.25,-1458.0,0.0,4.7083334525426
-225.0,-1458.0,0.0,4.40000009536743
-224.75,-1458.0,0.0,4.32500008742015
-224.5,-1458.0,0.0,4.25000007947285
-224.25,-1458.0,0.0,4.17500007152557
-224.0,-1458.0,0.0,4.10000006357829
-223.75,-1458.0,0.0,4.025000055631
-223.5,-1458.0,0.0,3.95000004768372
-223.25,-1458.0,0.0,3.87500003973643
-223.0,-1458.0,0.0,3.80000003178914
-222.75,-1458.0,0.0,3.72500002384186
-222.5,-1458.0,0.0,3.65000001589458
-222.25,-1458.0,0.0,3.57500000794728
-222.0,-1458.0,0.0,3.5
-252.0,-1457.0,8.0,11.0197122891744
-251.75,-1457.0,8.0,10.9995244277848
-251.5,-1457.0,8.0,10.9793365663952
-251.25,-1457.0,8.0,10.9591487050056
-251.0,-1457.0,8.0,10.9389608436161
-250.75,-1457.0,8.0,10.9187729822265
-250.5,-1457.0,8.0,10.8985851208369
-250.25,-1457.0,8.0,10.8783972594473
-250.0,-1457.0,8.0,10.8582093980577
-249.75,-1457.0,8.0,10.8380215366681
-249.5,-1457.0,8.0,10.8178336752786
-249.25,-1457.0,8.0,10.797645813889
-249.0,-1457.0,8.0,10.7774579524994
-248.75,-1457.0,8.0,10.7572700911098
-248.5,-1457.0,8.0,10.7370822297202
-248.25,-1457.0,8.0,10.7168943683306
-248.0,-1457.0,8.0,10.6967065069411
-247.75,-1457.0,8.0,10.6765186455515
-247.5,-1457.0,8.0,10.6563307841619
-247.25,-1457.0,8.0,10.6361429227723
-247.0,-1457.0,8.0,10.6159550613827
-246.75,-1457.0,8.0,10.5957671999931
-246.5,-1457.0,8.0,10.5755793386035
-246.25,-1457.0,8.0,10.555391477214
-246.0,-1457.0,8.0,10.5352036158244
-245.75,-1457.0,8.0,10.5188690225283
-245.5,-1457.0,8.0,10.5025344292323
-245.25,-1457.0,8.0,10.4861998359362
-245.0,-1457.0,8.0,10.4698652426402
-244.75,-1457.0,8.0,10.4535306493441
-244.5,-1457.0,8.0,10.4371960560481
-244.25,-1457.0,8.0,10.420861462752
-244.0,-1457.0,8.0,10.404526869456
-243.75,-1457.0,8.0,10.3881922761599
-243.5,-1457.0,8.0,10.3718576828639
-243.25,-1457.0,8.0,10.3555230895678
-243.0,-1457.0,8.0,10.3391884962718
-242.75,-1457.0,8.0,10.3228539029757
-242.5,-1457.0,8.0,10.3065193096797
-242.25,-1457.0,8.0,10.2901847163836
-242.0,-1457.0,8.0,10.2738501230876
-241.75,-1457.0,8.0,10.2575155297915
-241.5,-1457.0,8.0,10.2411809364955
-241.25,-1457.0,8.0,10.2248463431994
-241.0,-1457.0,8.0,10.2085117499034
-240.75,-1457.0,8.0,10.1921771566073
-240.5,-1457.0,8.0,10.1758425633113
-240.25,-1457.0,8.0,10.1595079700152
-240.0,-1457.0,8.0,10.1431733767192
-239.75,-1457.0,8.0,10.1319323645698
-239.5,-1457.0,8.0,10.1206913524204
-239.25,-1457.0,8.0,10.109450340271
-239.0,-1457.0,8.0,10.0982093281216
-238.75,-1457.0,8.0,10.0869683159722
-238.5,-1457.0,8.0,10.0757273038228
-238.25,-1457.0,8.0,10.0644862916734
-238.0,-1457.0,8.0,10.0532452795241
-237.75,-1457.0,8.0,10.0420042673747
-237.5,-1457.0,8.0,10.0307632552253
-237.25,-1457.0,8.0,10.0195222430759
-237.0,-1457.0,8.0,10.0082812309265
-236.75,-1457.0,8.0,9.99704021877713
-236.5,-1457.0,8.0,9.98579920662774
-236.25,-1457.0,8.0,9.97455819447835
-236.0,-1457.0,8.0,9.96331718232897
-235.75,-1457.0,8.0,9.95207617017958
-235.5,-1457.0,8.0,9.94083515803019
-235.25,-1457.0,8.0,9.92959414588081
-235.0,-1457.0,8.0,9.91835313373142
-234.75,-1457.0,8.0,9.90711212158203
-234.5,-1457.0,8.0,9.89587110943264
-234.25,-1457.0,8.0,9.88463009728326
-234.0,-1457.0,8.0,9.87338908513387
-233.75,-1457.0,8.0,9.79949788914787
-233.5,-1457.0,8.0,9.72560669316185
-233.25,-1457.0,8.0,9.65171549717585
-233.0,-1457.0,8.0,9.57782430118985
-232.75,-1457.0,8.0,9.50393310520383
-232.5,-1457.0,8.0,9.43004190921783
-232.25,-1457.0,8.0,9.35615071323183
-232.0,-1457.0,8.0,9.28225951724582
-231.75,-1457.0,8.0,9.20836832125982
-231.5,-1457.0,8.0,9.13447712527381
-231.25,-1457.0,8.0,9.0605859292878
-231.0,-1457.0,8.0,8.9866947333018
-230.75,-1457.0,8.0,8.9128035373158
-230.5,-1457.0,8.0,8.83891234132978
-230.25,-1457.0,8.0,8.76502114534378
-230.0,-1457.0,8.0,8.69112994935778
-229.75,-1457.0,8.0,8.61723875337176
-229.5,-1457.0,8.0,8.54334755738576
-229.25,-1457.0,8.0,8.46945636139976
-229.0,-1457.0,8.0,8.39556516541375
-228.75,-1457.0,8.0,8.32167396942774
-228.5,-1457.0,8.0,8.24778277344174
-228.25,-1457.0,8.0,8.17389157745573
-228.0,-1457.0,8.0,8.10000038146973
-227.75,-1457.0,0.0,7.79166702429455
-227.5,-1457.0,0.0,7.48333366711933
-227.25,-1457.0,0.0,7.17500030994415
-227.0,-1457.0,0.0,6.86666695276898
-226.75,-1457.0,0.0,6.55833359559375
-226.5,-1457.0,0.0,6.25000023841858
-226.25,-1457.0,0.0,5.94166688124341
-226.0,-1457.0,0.0,5.63333352406818
-225.75,-1457.0,0.0,5.32500016689301
-225.5,-1457.0,0.0,5.01666680971783
-225.25,-1457.0,0.0,4.70833345254261
-225.0,-1457.0,0.0,4.40000009536743
-224.75,-1457.0,0.0,4.32500008742015
-224.5,-1457.0,0.0,4.25000007947286
-224.25,-1457.0,0.0,4.17500007152557
-224.0,-1457.0,0.0,4.10000006357829
-223.75,-1457.0,0.0,4.025000055631
-223.5,-1457.0,0.0,3.95000004768372
-223.25,-1457.0,0.0,3.87500003973643
-223.0,-1457.0,0.0,3.80000003178914
-222.75,-1457.0,0.0,3.72500002384186
-222.5,-1457.0,0.0,3.65000001589458
-222.25,-1457.0,0.0,3.57500000794728
-222.0,-1457.0,0.0,3.5
-252.0,-1456.0,8.0,11.0186211268107
-251.75,-1456.0,8.0,10.9984414445029
-251.5,-1456.0,8.0,10.9782617621952
-251.25,-1456.0,8.0,10.9580820798874
-251.0,-1456.0,8.0,10.9379023975796
-250.75,-1456.0,8.0,10.9177227152718
-250.5,-1456.0,8.0,10.8975430329641
-250.25,-1456.0,8.0,10.8773633506563
-250.0,-1456.0,8.0,10.8571836683485
-249.75,-1456.0,8.0,10.8370039860408
-249.5,-1456.0,8.0,10.816824303733
-249.25,-1456.0,8.0,10.7966446214252
-249.0,-1456.0,8.0,10.7764649391174
-248.75,-1456.0,8.0,10.7562852568097
-248.5,-1456.0,8.0,10.7361055745019
-248.25,-1456.0,8.0,10.7159258921941
-248.0,-1456.0,8.0,10.6957462098863
-247.75,-1456.0,8.0,10.6755665275786
-247.5,-1456.0,8.0,10.6553868452708
-247.25,-1456.0,8.0,10.635207162963
-247.0,-1456.0,8.0,10.6150274806552
-246.75,-1456.0,8.0,10.5948477983475
-246.5,-1456.0,8.0,10.5746681160397
-246.25,-1456.0,8.0,10.5544884337319
-246.0,-1456.0,8.0,10.5343087514242
-245.75,-1456.0,8.0,10.5179860591888
-245.5,-1456.0,8.0,10.5016633669535
-245.25,-1456.0,8.0,10.4853406747182
-245.0,-1456.0,8.0,10.4690179824829
-244.75,-1456.0,8.0,10.4526952902476
-244.5,-1456.0,8.0,10.4363725980123
-244.25,-1456.0,8.0,10.420049905777
-244.0,-1456.0,8.0,10.4037272135417
-243.75,-1456.0,8.0,10.3874045213064
-243.5,-1456.0,8.0,10.371081829071
-243.25,-1456.0,8.0,10.3547591368357
-243.0,-1456.0,8.0,10.3384364446004
-242.75,-1456.0,8.0,10.3221137523651
-242.5,-1456.0,8.0,10.3057910601298
-242.25,-1456.0,8.0,10.2894683678945
-242.0,-1456.0,8.0,10.2731456756592
-241.75,-1456.0,8.0,10.2568229834239
-241.5,-1456.0,8.0,10.2405002911886
-241.25,-1456.0,8.0,10.2241775989532
-241.0,-1456.0,8.0,10.2078549067179
-240.75,-1456.0,8.0,10.1915322144826
-240.5,-1456.0,8.0,10.1752095222473
-240.25,-1456.0,8.0,10.158886830012
-240.0,-1456.0,8.0,10.1425641377767
-239.75,-1456.0,8.0,10.131329788102
-239.5,-1456.0,8.0,10.1200954384274
-239.25,-1456.0,8.0,10.1088610887527
-239.0,-1456.0,8.0,10.0976267390781
-238.75,-1456.0,8.0,10.0863923894034
-238.5,-1456.0,8.0,10.0751580397288
-238.25,-1456.0,8.0,10.0639236900542
-238.0,-1456.0,8.0,10.0526893403795
-237.75,-1456.0,8.0,10.0414549907049
-237.5,-1456.0,8.0,10.0302206410302
-237.25,-1456.0,8.0,10.0189862913556
-237.0,-1456.0,8.0,10.0077519416809
-236.75,-1456.0,8.0,9.99651759200626
-236.5,-1456.0,8.0,9.98528324233161
-236.25,-1456.0,8.0,9.97404889265696
-236.0,-1456.0,8.0,9.96281454298231
-235.75,-1456.0,8.0,9.95158019330766
-235.5,-1456.0,8.0,9.94034584363302
-235.25,-1456.0,8.0,9.92911149395837
-235.0,-1456.0,8.0,9.91787714428372
-234.75,-1456.0,8.0,9.90664279460907
-234.5,-1456.0,8.0,9.89540844493442
-234.25,-1456.0,8.0,9.88417409525977
-234.0,-1456.0,8.0,9.87293974558512
-233.75,-1456.0,8.0,9.79906727208032
-233.5,-1456.0,8.0,9.7251947985755
-233.25,-1456.0,8.0,9.6513223250707
-233.0,-1456.0,8.0,9.5774498515659
-232.75,-1456.0,8.0,9.50357737806108
-232.5,-1456.0,8.0,9.42970490455627
-232.25,-1456.0,8.0,9.35583243105147
-232.0,-1456.0,8.0,9.28195995754665
-231.75,-1456.0,8.0,9.20808748404185
-231.5,-1456.0,8.0,9.13421501053705
-231.25,-1456.0,8.0,9.06034253703223
-231.0,-1456.0,8.0,8.98647006352743
-230.75,-1456.0,8.0,8.91259759002262
-230.5,-1456.0,8.0,8.8387251165178
-230.25,-1456.0,8.0,8.764852643013
-230.0,-1456.0,8.0,8.6909801695082
-229.75,-1456.0,8.0,8.61710769600338
-229.5,-1456.0,8.0,8.54323522249858
-229.25,-1456.0,8.0,8.46936274899377
-229.0,-1456.0,8.0,8.39549027548895
-228.75,-1456.0,8.0,8.32161780198415
-228.5,-1456.0,8.0,8.24774532847935
-228.25,-1456.0,8.0,8.17387285497453
-228.0,-1456.0,8.0,8.10000038146973
-227.75,-1456.0,0.0,7.79166702429455
-227.5,-1456.0,0.0,7.48333366711933
-227.25,-1456.0,0.0,7.17500030994415
-227.0,-1456.0,0.0,6.86666695276898
-226.75,-1456.0,0.0,6.55833359559375
-226.5,-1456.0,0.0,6.25000023841858
-226.25,-1456.0,0.0,5.94166688124341
-226.0,-1456.0,0.0,5.63333352406818
-225.75,-1456.0,0.0,5.32500016689301
-225.5,-1456.0,0.0,5.01666680971783
-225.25,-1456.0,0.0,4.70833345254261
-225.0,-1456.0,0.0,4.40000009536743
-224.75,-1456.0,0.0,4.32500008742015
-224.5,-1456.0,0.0,4.25000007947285
-224.25,-1456.0,0.0,4.17500007152557
-224.0,-1456.0,0.0,4.10000006357829
-223.75,-1456.0,0.0,4.025000055631
-223.5,-1456.0,0.0,3.95000004768372
-223.25,-1456.0,0.0,3.87500003973643
-223.0,-1456.0,0.0,3.80000003178914
-222.75,-1456.0,0.0,3.72500002384186
-222.5,-1456.0,0.0,3.65000001589458
-222.25,-1456.0,0.0,3.57500000794728
-222.0,-1456.0,0.0,3.5
-252.0,-1455.0,8.0,11.017529964447
-251.75,-1455.0,8.0,10.9973584612211
-251.5,-1455.0,8.0,10.9771869579951
-251.25,-1455.0,8.0,10.9570154547691
-251.0,-1455.0,8.0,10.9368439515432
-250.75,-1455.0,8.0,10.9166724483172
-250.5,-1455.0,8.0,10.8965009450912
-250.25,-1455.0,8.0,10.8763294418653
-250.0,-1455.0,8.0,10.8561579386393
-249.75,-1455.0,8.0,10.8359864354134
-249.5,-1455.0,8.0,10.8158149321874
-249.25,-1455.0,8.0,10.7956434289614
-249.0,-1455.0,8.0,10.7754719257355
-248.75,-1455.0,8.0,10.7553004225095
-248.5,-1455.0,8.0,10.7351289192836
-248.25,-1455.0,8.0,10.7149574160576
-248.0,-1455.0,8.0,10.6947859128316
-247.75,-1455.0,8.0,10.6746144096057
-247.5,-1455.0,8.0,10.6544429063797
-247.25,-1455.0,8.0,10.6342714031537
-247.0,-1455.0,8.0,10.6140998999278
-246.75,-1455.0,8.0,10.5939283967018
-246.5,-1455.0,8.0,10.5737568934758
-246.25,-1455.0,8.0,10.5535853902499
-246.0,-1455.0,8.0,10.5334138870239
-245.75,-1455.0,8.0,10.5171030958494
-245.5,-1455.0,8.0,10.5007923046748
-245.25,-1455.0,8.0,10.4844815135002
-245.0,-1455.0,8.0,10.4681707223256
-244.75,-1455.0,8.0,10.4518599311511
-244.5,-1455.0,8.0,10.4355491399765
-244.25,-1455.0,8.0,10.4192383488019
-244.0,-1455.0,8.0,10.4029275576274
-243.75,-1455.0,8.0,10.3866167664528
-243.5,-1455.0,8.0,10.3703059752782
-243.25,-1455.0,8.0,10.3539951841036
-243.0,-1455.0,8.0,10.3376843929291
-242.75,-1455.0,8.0,10.3213736017545
-242.5,-1455.0,8.0,10.3050628105799
-242.25,-1455.0,8.0,10.2887520194054
-242.0,-1455.0,8.0,10.2724412282308
-241.75,-1455.0,8.0,10.2561304370562
-241.5,-1455.0,8.0,10.2398196458817
-241.25,-1455.0,8.0,10.2235088547071
-241.0,-1455.0,8.0,10.2071980635325
-240.75,-1455.0,8.0,10.1908872723579
-240.5,-1455.0,8.0,10.1745764811834
-240.25,-1455.0,8.0,10.1582656900088
-240.0,-1455.0,8.0,10.1419548988342
-239.75,-1455.0,8.0,10.1307272116343
-239.5,-1455.0,8.0,10.1194995244344
-239.25,-1455.0,8.0,10.1082718372345
-239.0,-1455.0,8.0,10.0970441500346
-238.75,-1455.0,8.0,10.0858164628347
-238.5,-1455.0,8.0,10.0745887756348
-238.25,-1455.0,8.0,10.0633610884349
-238.0,-1455.0,8.0,10.0521334012349
-237.75,-1455.0,8.0,10.040905714035
-237.5,-1455.0,8.0,10.0296780268351
-237.25,-1455.0,8.0,10.0184503396352
-237.0,-1455.0,8.0,10.0072226524353
-236.75,-1455.0,8.0,9.99599496523539
-236.5,-1455.0,8.0,9.98476727803548
-236.25,-1455.0,8.0,9.97353959083557
-236.0,-1455.0,8.0,9.96231190363566
-235.75,-1455.0,8.0,9.95108421643575
-235.5,-1455.0,8.0,9.93985652923584
-235.25,-1455.0,8.0,9.92862884203593
-235.0,-1455.0,8.0,9.91740115483602
-234.75,-1455.0,8.0,9.90617346763611
-234.5,-1455.0,8.0,9.8949457804362
-234.25,-1455.0,8.0,9.88371809323629
-234.0,-1455.0,8.0,9.87249040603638
-233.75,-1455.0,8.0,9.79863665501277
-233.5,-1455.0,8.0,9.72478290398915
-233.25,-1455.0,8.0,9.65092915296555
-233.0,-1455.0,8.0,9.57707540194194
-232.75,-1455.0,8.0,9.50322165091832
-232.5,-1455.0,8.0,9.42936789989471
-232.25,-1455.0,8.0,9.35551414887111
-232.0,-1455.0,8.0,9.28166039784749
-231.75,-1455.0,8.0,9.20780664682388
-231.5,-1455.0,8.0,9.13395289580028
-231.25,-1455.0,8.0,9.06009914477666
-231.0,-1455.0,8.0,8.98624539375305
-230.75,-1455.0,8.0,8.91239164272945
-230.5,-1455.0,8.0,8.83853789170583
-230.25,-1455.0,8.0,8.76468414068222
-230.0,-1455.0,8.0,8.69083038965861
-229.75,-1455.0,8.0,8.61697663863499
-229.5,-1455.0,8.0,8.54312288761139
-229.25,-1455.0,8.0,8.46926913658778
-229.0,-1455.0,8.0,8.39541538556416
-228.75,-1455.0,8.0,8.32156163454056
-228.5,-1455.0,8.0,8.24770788351695
-228.25,-1455.0,8.0,8.17385413249333
-228.0,-1455.0,8.0,8.10000038146973
-227.75,-1455.0,0.0,7.79166702429455
-227.5,-1455.0,0.0,7.48333366711933
-227.25,-1455.0,0.0,7.17500030994415
-227.0,-1455.0,0.0,6.86666695276898
-226.75,-1455.0,0.0,6.55833359559375
-226.5,-1455.0,0.0,6.25000023841858
-226.25,-1455.0,0.0,5.94166688124341
-226.0,-1455.0,0.0,5.63333352406818
-225.75,-1455.0,0.0,5.32500016689301
-225.5,-1455.0,0.0,5.01666680971783
-225.25,-1455.0,0.0,4.7083334525426
-225.0,-1455.0,0.0,4.40000009536743
-224.75,-1455.0,0.0,4.32500008742015
-224.5,-1455.0,0.0,4.25000007947285
-224.25,-1455.0,0.0,4.17500007152557
-224.0,-1455.0,0.0,4.10000006357829
-223.75,-1455.0,0.0,4.025000055631
-223.5,-1455.0,0.0,3.95000004768372
-223.25,-1455.0,0.0,3.87500003973643
-223.0,-1455.0,0.0,3.80000003178914
-222.75,-1455.0,0.0,3.72500002384186
-222.5,-1455.0,0.0,3.65000001589458
-222.25,-1455.0,0.0,3.57500000794728
-222.0,-1455.0,0.0,3.5
-252.0,-1454.0,8.0,11.0164388020833
-251.75,-1454.0,8.0,10.9962754779392
-251.5,-1454.0,8.0,10.976112153795
-251.25,-1454.0,8.0,10.9559488296509
-251.0,-1454.0,8.0,10.9357855055067
-250.75,-1454.0,8.0,10.9156221813626
-250.5,-1454.0,8.0,10.8954588572184
-250.25,-1454.0,8.0,10.8752955330743
-250.0,-1454.0,8.0,10.8551322089301
-249.75,-1454.0,8.0,10.834968884786
-249.5,-1454.0,8.0,10.8148055606418
-249.25,-1454.0,8.0,10.7946422364977
-249.0,-1454.0,8.0,10.7744789123535
-248.75,-1454.0,8.0,10.7543155882094
-248.5,-1454.0,8.0,10.7341522640652
-248.25,-1454.0,8.0,10.7139889399211
-248.0,-1454.0,8.0,10.6938256157769
-247.75,-1454.0,8.0,10.6736622916328
-247.5,-1454.0,8.0,10.6534989674886
-247.25,-1454.0,8.0,10.6333356433445
-247.0,-1454.0,8.0,10.6131723192003
-246.75,-1454.0,8.0,10.5930089950562
-246.5,-1454.0,8.0,10.572845670912
-246.25,-1454.0,8.0,10.5526823467679
-246.0,-1454.0,8.0,10.5325190226237
-245.75,-1454.0,8.0,10.5162201325099
-245.5,-1454.0,8.0,10.499921242396
-245.25,-1454.0,8.0,10.4836223522822
-245.0,-1454.0,8.0,10.4673234621684
-244.75,-1454.0,8.0,10.4510245720545
-244.5,-1454.0,8.0,10.4347256819407
-244.25,-1454.0,8.0,10.4184267918269
-244.0,-1454.0,8.0,10.4021279017131
-243.75,-1454.0,8.0,10.3858290115992
-243.5,-1454.0,8.0,10.3695301214854
-243.25,-1454.0,8.0,10.3532312313716
-243.0,-1454.0,8.0,10.3369323412577
-242.75,-1454.0,8.0,10.3206334511439
-242.5,-1454.0,8.0,10.3043345610301
-242.25,-1454.0,8.0,10.2880356709162
-242.0,-1454.0,8.0,10.2717367808024
-241.75,-1454.0,8.0,10.2554378906886
-241.5,-1454.0,8.0,10.2391390005747
-241.25,-1454.0,8.0,10.2228401104609
-241.0,-1454.0,8.0,10.2065412203471
-240.75,-1454.0,8.0,10.1902423302333
-240.5,-1454.0,8.0,10.1739434401194
-240.25,-1454.0,8.0,10.1576445500056
-240.0,-1454.0,8.0,10.1413456598918
-239.75,-1454.0,8.0,10.1301246351666
-239.5,-1454.0,8.0,10.1189036104414
-239.25,-1454.0,8.0,10.1076825857162
-239.0,-1454.0,8.0,10.0964615609911
-238.75,-1454.0,8.0,10.0852405362659
-238.5,-1454.0,8.0,10.0740195115407
-238.25,-1454.0,8.0,10.0627984868156
-238.0,-1454.0,8.0,10.0515774620904
-237.75,-1454.0,8.0,10.0403564373652
-237.5,-1454.0,8.0,10.02913541264
-237.25,-1454.0,8.0,10.0179143879149
-237.0,-1454.0,8.0,10.0066933631897
-236.75,-1454.0,8.0,9.99547233846453
-236.5,-1454.0,8.0,9.98425131373935
-236.25,-1454.0,8.0,9.97303028901418
-236.0,-1454.0,8.0,9.96180926428901
-235.75,-1454.0,8.0,9.95058823956384
-235.5,-1454.0,8.0,9.93936721483866
-235.25,-1454.0,8.0,9.92814619011349
-235.0,-1454.0,8.0,9.91692516538832
-234.75,-1454.0,8.0,9.90570414066315
-234.5,-1454.0,8.0,9.89448311593797
-234.25,-1454.0,8.0,9.8832620912128
-234.0,-1454.0,8.0,9.87204106648763
-233.75,-1454.0,8.0,9.79820603794522
-233.5,-1454.0,8.0,9.7243710094028
-233.25,-1454.0,8.0,9.65053598086039
-233.0,-1454.0,8.0,9.57670095231798
-232.75,-1454.0,8.0,9.50286592377556
-232.5,-1454.0,8.0,9.42903089523315
-232.25,-1454.0,8.0,9.35519586669075
-232.0,-1454.0,8.0,9.28136083814832
-231.75,-1454.0,8.0,9.20752580960592
-231.5,-1454.0,8.0,9.13369078106351
-231.25,-1454.0,8.0,9.05985575252109
-231.0,-1454.0,8.0,8.98602072397868
-230.75,-1454.0,8.0,8.91218569543627
-230.5,-1454.0,8.0,8.83835066689385
-230.25,-1454.0,8.0,8.76451563835144
-230.0,-1454.0,8.0,8.69068060980903
-229.75,-1454.0,8.0,8.61684558126661
-229.5,-1454.0,8.0,8.5430105527242
-229.25,-1454.0,8.0,8.46917552418179
-229.0,-1454.0,8.0,8.39534049563937
-228.75,-1454.0,8.0,8.32150546709696
-228.5,-1454.0,8.0,8.24767043855456
-228.25,-1454.0,8.0,8.17383541001213
-228.0,-1454.0,8.0,8.10000038146973
-227.75,-1454.0,0.0,7.79166702429455
-227.5,-1454.0,0.0,7.48333366711933
-227.25,-1454.0,0.0,7.17500030994415
-227.0,-1454.0,0.0,6.86666695276898
-226.75,-1454.0,0.0,6.55833359559375
-226.5,-1454.0,0.0,6.25000023841858
-226.25,-1454.0,0.0,5.94166688124341
-226.0,-1454.0,0.0,5.63333352406818
-225.75,-1454.0,0.0,5.32500016689301
-225.5,-1454.0,0.0,5.01666680971783
-225.25,-1454.0,0.0,4.70833345254261
-225.0,-1454.0,0.0,4.40000009536743
-224.75,-1454.0,0.0,4.32500008742015
-224.5,-1454.0,0.0,4.25000007947286
-224.25,-1454.0,0.0,4.17500007152557
-224.0,-1454.0,0.0,4.10000006357829
-223.75,-1454.0,0.0,4.025000055631
-223.5,-1454.0,0.0,3.95000004768372
-223.25,-1454.0,0.0,3.87500003973643
-223.0,-1454.0,0.0,3.80000003178914
-222.75,-1454.0,0.0,3.72500002384186
-222.5,-1454.0,0.0,3.65000001589458
-222.25,-1454.0,0.0,3.57500000794728
-222.0,-1454.0,0.0,3.5
-252.0,-1453.0,8.0,11.0153476397196
-251.75,-1453.0,8.0,10.9951924946573
-251.5,-1453.0,8.0,10.975037349595
-251.25,-1453.0,8.0,10.9548822045326
-251.0,-1453.0,8.0,10.9347270594703
-250.75,-1453.0,8.0,10.9145719144079
-250.5,-1453.0,8.0,10.8944167693456
-250.25,-1453.0,8.0,10.8742616242833
-250.0,-1453.0,8.0,10.8541064792209
-249.75,-1453.0,8.0,10.8339513341586
-249.5,-1453.0,8.0,10.8137961890962
-249.25,-1453.0,8.0,10.7936410440339
-249.0,-1453.0,8.0,10.7734858989716
-248.75,-1453.0,8.0,10.7533307539092
-248.5,-1453.0,8.0,10.7331756088469
-248.25,-1453.0,8.0,10.7130204637845
-248.0,-1453.0,8.0,10.6928653187222
-247.75,-1453.0,8.0,10.6727101736599
-247.5,-1453.0,8.0,10.6525550285975
-247.25,-1453.0,8.0,10.6323998835352
-247.0,-1453.0,8.0,10.6122447384728
-246.75,-1453.0,8.0,10.5920895934105
-246.5,-1453.0,8.0,10.5719344483482
-246.25,-1453.0,8.0,10.5517793032858
-246.0,-1453.0,8.0,10.5316241582235
-245.75,-1453.0,8.0,10.5153371691704
-245.5,-1453.0,8.0,10.4990501801173
-245.25,-1453.0,8.0,10.4827631910642
-245.0,-1453.0,8.0,10.4664762020111
-244.75,-1453.0,8.0,10.450189212958
-244.5,-1453.0,8.0,10.4339022239049
-244.25,-1453.0,8.0,10.4176152348518
-244.0,-1453.0,8.0,10.4013282457987
-243.75,-1453.0,8.0,10.3850412567457
-243.5,-1453.0,8.0,10.3687542676926
-243.25,-1453.0,8.0,10.3524672786395
-243.0,-1453.0,8.0,10.3361802895864
-242.75,-1453.0,8.0,10.3198933005333
-242.5,-1453.0,8.0,10.3036063114802
-242.25,-1453.0,8.0,10.2873193224271
-242.0,-1453.0,8.0,10.271032333374
-241.75,-1453.0,8.0,10.2547453443209
-241.5,-1453.0,8.0,10.2384583552678
-241.25,-1453.0,8.0,10.2221713662148
-241.0,-1453.0,8.0,10.2058843771617
-240.75,-1453.0,8.0,10.1895973881086
-240.5,-1453.0,8.0,10.1733103990555
-240.25,-1453.0,8.0,10.1570234100024
-240.0,-1453.0,8.0,10.1407364209493
-239.75,-1453.0,8.0,10.1295220586989
-239.5,-1453.0,8.0,10.1183076964484
-239.25,-1453.0,8.0,10.107093334198
-239.0,-1453.0,8.0,10.0958789719476
-238.75,-1453.0,8.0,10.0846646096971
-238.5,-1453.0,8.0,10.0734502474467
-238.25,-1453.0,8.0,10.0622358851963
-238.0,-1453.0,8.0,10.0510215229458
-237.75,-1453.0,8.0,10.0398071606954
-237.5,-1453.0,8.0,10.028592798445
-237.25,-1453.0,8.0,10.0173784361945
-237.0,-1453.0,8.0,10.0061640739441
-236.75,-1453.0,8.0,9.99494971169366
-236.5,-1453.0,8.0,9.98373534944322
-236.25,-1453.0,8.0,9.97252098719279
-236.0,-1453.0,8.0,9.96130662494236
-235.75,-1453.0,8.0,9.95009226269192
-235.5,-1453.0,8.0,9.93887790044149
-235.25,-1453.0,8.0,9.92766353819106
-235.0,-1453.0,8.0,9.91644917594062
-234.75,-1453.0,8.0,9.90523481369019
-234.5,-1453.0,8.0,9.89402045143975
-234.25,-1453.0,8.0,9.88280608918932
-234.0,-1453.0,8.0,9.87159172693888
-233.75,-1453.0,8.0,9.79777542087767
-233.5,-1453.0,8.0,9.72395911481645
-233.25,-1453.0,8.0,9.65014280875524
-233.0,-1453.0,8.0,9.57632650269403
-232.75,-1453.0,8.0,9.50251019663281
-232.5,-1453.0,8.0,9.42869389057159
-232.25,-1453.0,8.0,9.35487758451039
-232.0,-1453.0,8.0,9.28106127844916
-231.75,-1453.0,8.0,9.20724497238795
-231.5,-1453.0,8.0,9.13342866632674
-231.25,-1453.0,8.0,9.05961236026552
-231.0,-1453.0,8.0,8.98579605420431
-230.75,-1453.0,8.0,8.91197974814309
-230.5,-1453.0,8.0,8.83816344208187
-230.25,-1453.0,8.0,8.76434713602066
-230.0,-1453.0,8.0,8.69053082995945
-229.75,-1453.0,8.0,8.61671452389823
-229.5,-1453.0,8.0,8.54289821783702
-229.25,-1453.0,8.0,8.4690819117758
-229.0,-1453.0,8.0,8.39526560571458
-228.75,-1453.0,8.0,8.32144929965337
-228.5,-1453.0,8.0,8.24763299359216
-228.25,-1453.0,8.0,8.17381668753094
-228.0,-1453.0,8.0,8.10000038146973
-227.75,-1453.0,0.0,7.79166702429455
-227.5,-1453.0,0.0,7.48333366711933
-227.25,-1453.0,0.0,7.17500030994415
-227.0,-1453.0,0.0,6.86666695276898
-226.75,-1453.0,0.0,6.55833359559375
-226.5,-1453.0,0.0,6.25000023841858
-226.25,-1453.0,0.0,5.94166688124341
-226.0,-1453.0,0.0,5.63333352406818
-225.75,-1453.0,0.0,5.32500016689301
-225.5,-1453.0,0.0,5.01666680971783
-225.25,-1453.0,0.0,4.70833345254261
-225.0,-1453.0,0.0,4.40000009536743
-224.75,-1453.0,0.0,4.32500008742015
-224.5,-1453.0,0.0,4.25000007947285
-224.25,-1453.0,0.0,4.17500007152557
-224.0,-1453.0,0.0,4.10000006357829
-223.75,-1453.0,0.0,4.025000055631
-223.5,-1453.0,0.0,3.95000004768372
-223.25,-1453.0,0.0,3.87500003973643
-223.0,-1453.0,0.0,3.80000003178914
-222.75,-1453.0,0.0,3.72500002384186
-222.5,-1453.0,0.0,3.65000001589458
-222.25,-1453.0,0.0,3.57500000794728
-222.0,-1453.0,0.0,3.5
-252.0,-1452.0,8.0,11.014256477356
-251.75,-1452.0,8.0,10.9941095113754
-251.5,-1452.0,8.0,10.9739625453949
-251.25,-1452.0,8.0,10.9538155794144
-251.0,-1452.0,8.0,10.9336686134338
-250.75,-1452.0,8.0,10.9135216474533
-250.5,-1452.0,8.0,10.8933746814728
-250.25,-1452.0,8.0,10.8732277154922
-250.0,-1452.0,8.0,10.8530807495117
-249.75,-1452.0,8.0,10.8329337835312
-249.5,-1452.0,8.0,10.8127868175507
-249.25,-1452.0,8.0,10.7926398515701
-249.0,-1452.0,8.0,10.7724928855896
-248.75,-1452.0,8.0,10.7523459196091
-248.5,-1452.0,8.0,10.7321989536285
-248.25,-1452.0,8.0,10.712051987648
-248.0,-1452.0,8.0,10.6919050216675
-247.75,-1452.0,8.0,10.671758055687
-247.5,-1452.0,8.0,10.6516110897064
-247.25,-1452.0,8.0,10.6314641237259
-247.0,-1452.0,8.0,10.6113171577454
-246.75,-1452.0,8.0,10.5911701917648
-246.5,-1452.0,8.0,10.5710232257843
-246.25,-1452.0,8.0,10.5508762598038
-246.0,-1452.0,8.0,10.5307292938232
-245.75,-1452.0,8.0,10.5144542058309
-245.5,-1452.0,8.0,10.4981791178385
-245.25,-1452.0,8.0,10.4819040298462
-245.0,-1452.0,8.0,10.4656289418538
-244.75,-1452.0,8.0,10.4493538538615
-244.5,-1452.0,8.0,10.4330787658691
-244.25,-1452.0,8.0,10.4168036778768
-244.0,-1452.0,8.0,10.4005285898844
-243.75,-1452.0,8.0,10.3842535018921
-243.5,-1452.0,8.0,10.3679784138997
-243.25,-1452.0,8.0,10.3517033259074
-243.0,-1452.0,8.0,10.335428237915
-242.75,-1452.0,8.0,10.3191531499227
-242.5,-1452.0,8.0,10.3028780619303
-242.25,-1452.0,8.0,10.286602973938
-242.0,-1452.0,8.0,10.2703278859456
-241.75,-1452.0,8.0,10.2540527979533
-241.5,-1452.0,8.0,10.2377777099609
-241.25,-1452.0,8.0,10.2215026219686
-241.0,-1452.0,8.0,10.2052275339762
-240.75,-1452.0,8.0,10.1889524459839
-240.5,-1452.0,8.0,10.1726773579915
-240.25,-1452.0,8.0,10.1564022699992
-240.0,-1452.0,8.0,10.1401271820068
-239.75,-1452.0,8.0,10.1289194822311
-239.5,-1452.0,8.0,10.1177117824554
-239.25,-1452.0,8.0,10.1065040826797
-239.0,-1452.0,8.0,10.0952963829041
-238.75,-1452.0,8.0,10.0840886831284
-238.5,-1452.0,8.0,10.0728809833527
-238.25,-1452.0,8.0,10.061673283577
-238.0,-1452.0,8.0,10.0504655838013
-237.75,-1452.0,8.0,10.0392578840256
-237.5,-1452.0,8.0,10.0280501842499
-237.25,-1452.0,8.0,10.0168424844742
-237.0,-1452.0,8.0,10.0056347846985
-236.75,-1452.0,8.0,9.99442708492279
-236.5,-1452.0,8.0,9.98321938514709
-236.25,-1452.0,8.0,9.9720116853714
-236.0,-1452.0,8.0,9.9608039855957
-235.75,-1452.0,8.0,9.94959628582001
-235.5,-1452.0,8.0,9.93838858604431
-235.25,-1452.0,8.0,9.92718088626862
-235.0,-1452.0,8.0,9.91597318649292
-234.75,-1452.0,8.0,9.90476548671722
-234.5,-1452.0,8.0,9.89355778694153
-234.25,-1452.0,8.0,9.88235008716583
-234.0,-1452.0,8.0,9.87114238739014
-233.75,-1452.0,8.0,9.79734480381012
-233.5,-1452.0,8.0,9.7235472202301
-233.25,-1452.0,8.0,9.64974963665009
-233.0,-1452.0,8.0,9.57595205307007
-232.75,-1452.0,8.0,9.50215446949005
-232.5,-1452.0,8.0,9.42835688591003
-232.25,-1452.0,8.0,9.35455930233002
-232.0,-1452.0,8.0,9.28076171875
-231.75,-1452.0,8.0,9.20696413516998
-231.5,-1452.0,8.0,9.13316655158997
-231.25,-1452.0,8.0,9.05936896800995
-231.0,-1452.0,8.0,8.98557138442993
-230.75,-1452.0,8.0,8.91177380084992
-230.5,-1452.0,8.0,8.83797621726989
-230.25,-1452.0,8.0,8.76417863368988
-230.0,-1452.0,8.0,8.69038105010987
-229.75,-1452.0,8.0,8.61658346652984
-229.5,-1452.0,8.0,8.54278588294983
-229.25,-1452.0,8.0,8.46898829936982
-229.0,-1452.0,8.0,8.39519071578979
-228.75,-1452.0,8.0,8.32139313220978
-228.5,-1452.0,8.0,8.24759554862976
-228.25,-1452.0,8.0,8.17379796504974
-228.0,-1452.0,8.0,8.10000038146973
-227.75,-1452.0,0.0,7.79166702429455
-227.5,-1452.0,0.0,7.48333366711933
-227.25,-1452.0,0.0,7.17500030994415
-227.0,-1452.0,0.0,6.86666695276898
-226.75,-1452.0,0.0,6.55833359559375
-226.5,-1452.0,0.0,6.25000023841858
-226.25,-1452.0,0.0,5.94166688124341
-226.0,-1452.0,0.0,5.63333352406818
-225.75,-1452.0,0.0,5.32500016689301
-225.5,-1452.0,0.0,5.01666680971783
-225.25,-1452.0,0.0,4.7083334525426
-225.0,-1452.0,0.0,4.40000009536743
-224.75,-1452.0,0.0,4.32500008742015
-224.5,-1452.0,0.0,4.25000007947285
-224.25,-1452.0,0.0,4.17500007152557
-224.0,-1452.0,0.0,4.10000006357829
-223.75,-1452.0,0.0,4.025000055631
-223.5,-1452.0,0.0,3.95000004768372
-223.25,-1452.0,0.0,3.87500003973643
-223.0,-1452.0,0.0,3.80000003178914
-222.75,-1452.0,0.0,3.72500002384186
-222.5,-1452.0,0.0,3.65000001589458
-222.25,-1452.0,0.0,3.57500000794728
-222.0,-1452.0,0.0,3.5
-252.0,-1451.0,8.0,11.0132360458374
-251.75,-1451.0,8.0,10.9930943118201
-251.5,-1451.0,8.0,10.9729525778029
-251.25,-1451.0,8.0,10.9528108437856
-251.0,-1451.0,8.0,10.9326691097683
-250.75,-1451.0,8.0,10.9125273757511
-250.5,-1451.0,8.0,10.8923856417338
-250.25,-1451.0,8.0,10.8722439077165
-250.0,-1451.0,8.0,10.8521021736993
-249.75,-1451.0,8.0,10.831960439682
-249.5,-1451.0,8.0,10.8118187056647
-249.25,-1451.0,8.0,10.7916769716475
-249.0,-1451.0,8.0,10.7715352376302
-248.75,-1451.0,8.0,10.7513935036129
-248.5,-1451.0,8.0,10.7312517695957
-248.25,-1451.0,8.0,10.7111100355784
-248.0,-1451.0,8.0,10.6909683015611
-247.75,-1451.0,8.0,10.6708265675439
-247.5,-1451.0,8.0,10.6506848335266
-247.25,-1451.0,8.0,10.6305430995093
-247.0,-1451.0,8.0,10.6104013654921
-246.75,-1451.0,8.0,10.5902596314748
-246.5,-1451.0,8.0,10.5701178974575
-246.25,-1451.0,8.0,10.5499761634403
-246.0,-1451.0,8.0,10.529834429423
-245.75,-1451.0,8.0,10.5135712358687
-245.5,-1451.0,8.0,10.4973080423143
-245.25,-1451.0,8.0,10.48104484876
-245.0,-1451.0,8.0,10.4647816552056
-244.75,-1451.0,8.0,10.4485184616513
-244.5,-1451.0,8.0,10.4322552680969
-244.25,-1451.0,8.0,10.4159920745426
-244.0,-1451.0,8.0,10.3997288809882
-243.75,-1451.0,8.0,10.3834656874339
-243.5,-1451.0,8.0,10.3672024938795
-243.25,-1451.0,8.0,10.3509393003252
-243.0,-1451.0,8.0,10.3346761067708
-242.75,-1451.0,8.0,10.3184129132165
-242.5,-1451.0,8.0,10.3021497196621
-242.25,-1451.0,8.0,10.2858865261078
-242.0,-1451.0,8.0,10.2696233325534
-241.75,-1451.0,8.0,10.2533601389991
-241.5,-1451.0,8.0,10.2370969454447
-241.25,-1451.0,8.0,10.2208337518904
-241.0,-1451.0,8.0,10.204570558336
-240.75,-1451.0,8.0,10.1883073647817
-240.5,-1451.0,8.0,10.1720441712274
-240.25,-1451.0,8.0,10.155780977673
-240.0,-1451.0,8.0,10.1395177841187
-239.75,-1451.0,8.0,10.1283167600632
-239.5,-1451.0,8.0,10.1171157360077
-239.25,-1451.0,8.0,10.1059147119522
-239.0,-1451.0,8.0,10.0947136878967
-238.75,-1451.0,8.0,10.0835126638412
-238.5,-1451.0,8.0,10.0723116397858
-238.25,-1451.0,8.0,10.0611106157303
-238.0,-1451.0,8.0,10.0499095916748
-237.75,-1451.0,8.0,10.0387085676193
-237.5,-1451.0,8.0,10.0275075435638
-237.25,-1451.0,8.0,10.0163065195084
-237.0,-1451.0,8.0,10.0051054954529
-236.75,-1451.0,8.0,9.9939044713974
-236.5,-1451.0,8.0,9.98270344734192
-236.25,-1451.0,8.0,9.97150242328644
-236.0,-1451.0,8.0,9.96030139923096
-235.75,-1451.0,8.0,9.94910037517548
-235.5,-1451.0,8.0,9.93789935112
-235.25,-1451.0,8.0,9.92669832706451
-235.0,-1451.0,8.0,9.91549730300903
-234.75,-1451.0,8.0,9.90429627895355
-234.5,-1451.0,8.0,9.89309525489807
-234.25,-1451.0,8.0,9.88189423084259
-234.0,-1451.0,8.0,9.87069320678711
-233.75,-1451.0,8.0,9.79691433906556
-233.5,-1451.0,8.0,9.72313547134399
-233.25,-1451.0,8.0,9.64935660362243
-233.0,-1451.0,8.0,9.57557773590088
-232.75,-1451.0,8.0,9.50179886817932
-232.5,-1451.0,8.0,9.42802000045776
-232.25,-1451.0,8.0,9.35424113273621
-232.0,-1451.0,8.0,9.28046226501464
-231.75,-1451.0,8.0,9.20668339729309
-231.5,-1451.0,8.0,9.13290452957154
-231.25,-1451.0,8.0,9.05912566184997
-231.0,-1451.0,8.0,8.98534679412842
-230.75,-1451.0,8.0,8.91156792640687
-230.5,-1451.0,8.0,8.8377890586853
-230.25,-1451.0,8.0,8.76401019096375
-230.0,-1451.0,8.0,8.69023132324219
-229.75,-1451.0,8.0,8.61645245552063
-229.5,-1451.0,8.0,8.54267358779907
-229.25,-1451.0,8.0,8.46889472007752
-229.0,-1451.0,8.0,8.39511585235595
-228.75,-1451.0,8.0,8.3213369846344
-228.5,-1451.0,8.0,8.24755811691285
-228.25,-1451.0,8.0,8.17377924919128
-228.0,-1451.0,8.0,8.10000038146973
-227.75,-1451.0,0.0,7.79166702429455
-227.5,-1451.0,0.0,7.48333366711933
-227.25,-1451.0,0.0,7.17500030994415
-227.0,-1451.0,0.0,6.86666695276898
-226.75,-1451.0,0.0,6.55833359559375
-226.5,-1451.0,0.0,6.25000023841858
-226.25,-1451.0,0.0,5.94166688124341
-226.0,-1451.0,0.0,5.63333352406818
-225.75,-1451.0,0.0,5.32500016689301
-225.5,-1451.0,0.0,5.01666680971783
-225.25,-1451.0,0.0,4.70833345254261
-225.0,-1451.0,0.0,4.40000009536743
-224.75,-1451.0,0.0,4.32500008742015
-224.5,-1451.0,0.0,4.25000007947286
-224.25,-1451.0,0.0,4.17500007152557
-224.0,-1451.0,0.0,4.10000006357829
-223.75,-1451.0,0.0,4.025000055631
-223.5,-1451.0,0.0,3.95000004768372
-223.25,-1451.0,0.0,3.87500003973643
-223.0,-1451.0,0.0,3.80000003178914
-222.75,-1451.0,0.0,3.72500002384186
-222.5,-1451.0,0.0,3.65000001589458
-222.25,-1451.0,0.0,3.57500000794728
-222.0,-1451.0,0.0,3.5
-252.0,-1450.0,8.0,11.0122156143188
-251.75,-1450.0,8.0,10.9920791122648
-251.5,-1450.0,8.0,10.9719426102108
-251.25,-1450.0,8.0,10.9518061081568
-251.0,-1450.0,8.0,10.9316696061028
-250.75,-1450.0,8.0,10.9115331040488
-250.5,-1450.0,8.0,10.8913966019948
-250.25,-1450.0,8.0,10.8712600999408
-250.0,-1450.0,8.0,10.8511235978868
-249.75,-1450.0,8.0,10.8309870958328
-249.5,-1450.0,8.0,10.8108505937788
-249.25,-1450.0,8.0,10.7907140917248
-249.0,-1450.0,8.0,10.7705775896708
-248.75,-1450.0,8.0,10.7504410876168
-248.5,-1450.0,8.0,10.7303045855628
-248.25,-1450.0,8.0,10.7101680835088
-248.0,-1450.0,8.0,10.6900315814548
-247.75,-1450.0,8.0,10.6698950794008
-247.5,-1450.0,8.0,10.6497585773468
-247.25,-1450.0,8.0,10.6296220752928
-247.0,-1450.0,8.0,10.6094855732388
-246.75,-1450.0,8.0,10.5893490711848
-246.5,-1450.0,8.0,10.5692125691308
-246.25,-1450.0,8.0,10.5490760670768
-246.0,-1450.0,8.0,10.5289395650228
-245.75,-1450.0,8.0,10.5126882659064
-245.5,-1450.0,8.0,10.4964369667901
-245.25,-1450.0,8.0,10.4801856676737
-245.0,-1450.0,8.0,10.4639343685574
-244.75,-1450.0,8.0,10.4476830694411
-244.5,-1450.0,8.0,10.4314317703247
-244.25,-1450.0,8.0,10.4151804712084
-244.0,-1450.0,8.0,10.398929172092
-243.75,-1450.0,8.0,10.3826778729757
-243.5,-1450.0,8.0,10.3664265738593
-243.25,-1450.0,8.0,10.350175274743
-243.0,-1450.0,8.0,10.3339239756266
-242.75,-1450.0,8.0,10.3176726765103
-242.5,-1450.0,8.0,10.3014213773939
-242.25,-1450.0,8.0,10.2851700782776
-242.0,-1450.0,8.0,10.2689187791612
-241.75,-1450.0,8.0,10.2526674800449
-241.5,-1450.0,8.0,10.2364161809285
-241.25,-1450.0,8.0,10.2201648818122
-241.0,-1450.0,8.0,10.2039135826959
-240.75,-1450.0,8.0,10.1876622835795
-240.5,-1450.0,8.0,10.1714109844632
-240.25,-1450.0,8.0,10.1551596853468
-240.0,-1450.0,8.0,10.1389083862305
-239.75,-1450.0,8.0,10.1277140378952
-239.5,-1450.0,8.0,10.1165196895599
-239.25,-1450.0,8.0,10.1053253412247
-239.0,-1450.0,8.0,10.0941309928894
-238.75,-1450.0,8.0,10.0829366445541
-238.5,-1450.0,8.0,10.0717422962189
-238.25,-1450.0,8.0,10.0605479478836
-238.0,-1450.0,8.0,10.0493535995483
-237.75,-1450.0,8.0,10.0381592512131
-237.5,-1450.0,8.0,10.0269649028778
-237.25,-1450.0,8.0,10.0157705545425
-237.0,-1450.0,8.0,10.0045762062073
-236.75,-1450.0,8.0,9.99338185787201
-236.5,-1450.0,8.0,9.98218750953674
-236.25,-1450.0,8.0,9.97099316120148
-236.0,-1450.0,8.0,9.95979881286621
-235.75,-1450.0,8.0,9.94860446453094
-235.5,-1450.0,8.0,9.93741011619568
-235.25,-1450.0,8.0,9.92621576786041
-235.0,-1450.0,8.0,9.91502141952515
-234.75,-1450.0,8.0,9.90382707118988
-234.5,-1450.0,8.0,9.89263272285461
-234.25,-1450.0,8.0,9.88143837451935
-234.0,-1450.0,8.0,9.87024402618408
-233.75,-1450.0,8.0,9.79648387432099
-233.5,-1450.0,8.0,9.72272372245788
-233.25,-1450.0,8.0,9.64896357059479
-233.0,-1450.0,8.0,9.57520341873169
-232.75,-1450.0,8.0,9.50144326686859
-232.5,-1450.0,8.0,9.42768311500549
-232.25,-1450.0,8.0,9.3539229631424
-232.0,-1450.0,8.0,9.28016281127929
-231.75,-1450.0,8.0,9.2064026594162
-231.5,-1450.0,8.0,9.1326425075531
-231.25,-1450.0,8.0,9.05888235569
-231.0,-1450.0,8.0,8.9851222038269
-230.75,-1450.0,8.0,8.91136205196381
-230.5,-1450.0,8.0,8.8376019001007
-230.25,-1450.0,8.0,8.76384174823761
-230.0,-1450.0,8.0,8.69008159637452
-229.75,-1450.0,8.0,8.61632144451141
-229.5,-1450.0,8.0,8.54256129264832
-229.25,-1450.0,8.0,8.46880114078522
-229.0,-1450.0,8.0,8.39504098892212
-228.75,-1450.0,8.0,8.32128083705902
-228.5,-1450.0,8.0,8.24752068519593
-228.25,-1450.0,8.0,8.17376053333282
-228.0,-1450.0,8.0,8.10000038146973
-227.75,-1450.0,0.0,7.79166702429455
-227.5,-1450.0,0.0,7.48333366711933
-227.25,-1450.0,0.0,7.17500030994415
-227.0,-1450.0,0.0,6.86666695276898
-226.75,-1450.0,0.0,6.55833359559375
-226.5,-1450.0,0.0,6.25000023841858
-226.25,-1450.0,0.0,5.94166688124341
-226.0,-1450.0,0.0,5.63333352406818
-225.75,-1450.0,0.0,5.32500016689301
-225.5,-1450.0,0.0,5.01666680971783
-225.25,-1450.0,0.0,4.70833345254261
-225.0,-1450.0,0.0,4.40000009536743
-224.75,-1450.0,0.0,4.32500008742015
-224.5,-1450.0,0.0,4.25000007947285
-224.25,-1450.0,0.0,4.17500007152557
-224.0,-1450.0,0.0,4.10000006357829
-223.75,-1450.0,0.0,4.025000055631
-223.5,-1450.0,0.0,3.95000004768372
-223.25,-1450.0,0.0,3.87500003973643
-223.0,-1450.0,0.0,3.80000003178914
-222.75,-1450.0,0.0,3.72500002384186
-222.5,-1450.0,0.0,3.65000001589458
-222.25,-1450.0,0.0,3.57500000794728
-222.0,-1450.0,0.0,3.5
-252.0,-1449.0,8.0,11.0111951828003
-251.75,-1449.0,8.0,10.9910639127096
-251.5,-1449.0,8.0,10.9709326426188
-251.25,-1449.0,8.0,10.9508013725281
-251.0,-1449.0,8.0,10.9306701024373
-250.75,-1449.0,8.0,10.9105388323466
-250.5,-1449.0,8.0,10.8904075622559
-250.25,-1449.0,8.0,10.8702762921651
-250.0,-1449.0,8.0,10.8501450220744
-249.75,-1449.0,8.0,10.8300137519836
-249.5,-1449.0,8.0,10.8098824818929
-249.25,-1449.0,8.0,10.7897512118022
-249.0,-1449.0,8.0,10.7696199417114
-248.75,-1449.0,8.0,10.7494886716207
-248.5,-1449.0,8.0,10.7293574015299
-248.25,-1449.0,8.0,10.7092261314392
-248.0,-1449.0,8.0,10.6890948613485
-247.75,-1449.0,8.0,10.6689635912577
-247.5,-1449.0,8.0,10.648832321167
-247.25,-1449.0,8.0,10.6287010510763
-247.0,-1449.0,8.0,10.6085697809855
-246.75,-1449.0,8.0,10.5884385108948
-246.5,-1449.0,8.0,10.568307240804
-246.25,-1449.0,8.0,10.5481759707133
-246.0,-1449.0,8.0,10.5280447006226
-245.75,-1449.0,8.0,10.5118052959442
-245.5,-1449.0,8.0,10.4955658912659
-245.25,-1449.0,8.0,10.4793264865875
-245.0,-1449.0,8.0,10.4630870819092
-244.75,-1449.0,8.0,10.4468476772308
-244.5,-1449.0,8.0,10.4306082725525
-244.25,-1449.0,8.0,10.4143688678741
-244.0,-1449.0,8.0,10.3981294631958
-243.75,-1449.0,8.0,10.3818900585175
-243.5,-1449.0,8.0,10.3656506538391
-243.25,-1449.0,8.0,10.3494112491608
-243.0,-1449.0,8.0,10.3331718444824
-242.75,-1449.0,8.0,10.3169324398041
-242.5,-1449.0,8.0,10.3006930351257
-242.25,-1449.0,8.0,10.2844536304474
-242.0,-1449.0,8.0,10.268214225769
-241.75,-1449.0,8.0,10.2519748210907
-241.5,-1449.0,8.0,10.2357354164124
-241.25,-1449.0,8.0,10.219496011734
-241.0,-1449.0,8.0,10.2032566070557
-240.75,-1449.0,8.0,10.1870172023773
-240.5,-1449.0,8.0,10.170777797699
-240.25,-1449.0,8.0,10.1545383930206
-240.0,-1449.0,8.0,10.1382989883423
-239.75,-1449.0,8.0,10.1271113157272
-239.5,-1449.0,8.0,10.1159236431122
-239.25,-1449.0,8.0,10.1047359704971
-239.0,-1449.0,8.0,10.0935482978821
-238.75,-1449.0,8.0,10.082360625267
-238.5,-1449.0,8.0,10.071172952652
-238.25,-1449.0,8.0,10.0599852800369
-238.0,-1449.0,8.0,10.0487976074219
-237.75,-1449.0,8.0,10.0376099348068
-237.5,-1449.0,8.0,10.0264222621918
-237.25,-1449.0,8.0,10.0152345895767
-237.0,-1449.0,8.0,10.0040469169617
-236.75,-1449.0,8.0,9.99285924434662
-236.5,-1449.0,8.0,9.98167157173157
-236.25,-1449.0,8.0,9.97048389911652
-236.0,-1449.0,8.0,9.95929622650146
-235.75,-1449.0,8.0,9.94810855388641
-235.5,-1449.0,8.0,9.93692088127136
-235.25,-1449.0,8.0,9.92573320865631
-235.0,-1449.0,8.0,9.91454553604126
-234.75,-1449.0,8.0,9.90335786342621
-234.5,-1449.0,8.0,9.89217019081116
-234.25,-1449.0,8.0,9.88098251819611
-234.0,-1449.0,8.0,9.86979484558105
-233.75,-1449.0,8.0,9.79605340957642
-233.5,-1449.0,8.0,9.72231197357177
-233.25,-1449.0,8.0,9.64857053756714
-233.0,-1449.0,8.0,9.5748291015625
-232.75,-1449.0,8.0,9.50108766555786
-232.5,-1449.0,8.0,9.42734622955322
-232.25,-1449.0,8.0,9.35360479354859
-232.0,-1449.0,8.0,9.27986335754394
-231.75,-1449.0,8.0,9.20612192153931
-231.5,-1449.0,8.0,9.13238048553467
-231.25,-1449.0,8.0,9.05863904953003
-231.0,-1449.0,8.0,8.98489761352539
-230.75,-1449.0,8.0,8.91115617752076
-230.5,-1449.0,8.0,8.83741474151611
-230.25,-1449.0,8.0,8.76367330551147
-230.0,-1449.0,8.0,8.68993186950684
-229.75,-1449.0,8.0,8.61619043350219
-229.5,-1449.0,8.0,8.54244899749756
-229.25,-1449.0,8.0,8.46870756149292
-229.0,-1449.0,8.0,8.39496612548828
-228.75,-1449.0,8.0,8.32122468948364
-228.5,-1449.0,8.0,8.24748325347901
-228.25,-1449.0,8.0,8.17374181747436
-228.0,-1449.0,8.0,8.10000038146973
-227.75,-1449.0,0.0,7.79166702429455
-227.5,-1449.0,0.0,7.48333366711933
-227.25,-1449.0,0.0,7.17500030994415
-227.0,-1449.0,0.0,6.86666695276898
-226.75,-1449.0,0.0,6.55833359559375
-226.5,-1449.0,0.0,6.25000023841858
-226.25,-1449.0,0.0,5.94166688124341
-226.0,-1449.0,0.0,5.63333352406818
-225.75,-1449.0,0.0,5.32500016689301
-225.5,-1449.0,0.0,5.01666680971783
-225.25,-1449.0,0.0,4.7083334525426
-225.0,-1449.0,0.0,4.40000009536743
-224.75,-1449.0,0.0,4.32500008742015
-224.5,-1449.0,0.0,4.25000007947285
-224.25,-1449.0,0.0,4.17500007152557
-224.0,-1449.0,0.0,4.10000006357829
-223.75,-1449.0,0.0,4.025000055631
-223.5,-1449.0,0.0,3.95000004768372
-223.25,-1449.0,0.0,3.87500003973643
-223.0,-1449.0,0.0,3.80000003178914
-222.75,-1449.0,0.0,3.72500002384186
-222.5,-1449.0,0.0,3.65000001589458
-222.25,-1449.0,0.0,3.57500000794728
-222.0,-1449.0,0.0,3.5
-252.0,-1448.0,8.0,11.0101747512817
-251.75,-1448.0,8.0,10.9900487131543
-251.5,-1448.0,8.0,10.9699226750268
-251.25,-1448.0,8.0,10.9497966368993
-251.0,-1448.0,8.0,10.9296705987718
-250.75,-1448.0,8.0,10.9095445606444
-250.5,-1448.0,8.0,10.8894185225169
-250.25,-1448.0,8.0,10.8692924843894
-250.0,-1448.0,8.0,10.8491664462619
-249.75,-1448.0,8.0,10.8290404081345
-249.5,-1448.0,8.0,10.808914370007
-249.25,-1448.0,8.0,10.7887883318795
-249.0,-1448.0,8.0,10.768662293752
-248.75,-1448.0,8.0,10.7485362556246
-248.5,-1448.0,8.0,10.7284102174971
-248.25,-1448.0,8.0,10.7082841793696
-248.0,-1448.0,8.0,10.6881581412421
-247.75,-1448.0,8.0,10.6680321031147
-247.5,-1448.0,8.0,10.6479060649872
-247.25,-1448.0,8.0,10.6277800268597
-247.0,-1448.0,8.0,10.6076539887322
-246.75,-1448.0,8.0,10.5875279506048
-246.5,-1448.0,8.0,10.5674019124773
-246.25,-1448.0,8.0,10.5472758743498
-246.0,-1448.0,8.0,10.5271498362223
-245.75,-1448.0,8.0,10.510922325982
-245.5,-1448.0,8.0,10.4946948157416
-245.25,-1448.0,8.0,10.4784673055013
-245.0,-1448.0,8.0,10.462239795261
-244.75,-1448.0,8.0,10.4460122850206
-244.5,-1448.0,8.0,10.4297847747803
-244.25,-1448.0,8.0,10.4135572645399
-244.0,-1448.0,8.0,10.3973297542996
-243.75,-1448.0,8.0,10.3811022440592
-243.5,-1448.0,8.0,10.3648747338189
-243.25,-1448.0,8.0,10.3486472235786
-243.0,-1448.0,8.0,10.3324197133382
-242.75,-1448.0,8.0,10.3161922030979
-242.5,-1448.0,8.0,10.2999646928575
-242.25,-1448.0,8.0,10.2837371826172
-242.0,-1448.0,8.0,10.2675096723768
-241.75,-1448.0,8.0,10.2512821621365
-241.5,-1448.0,8.0,10.2350546518962
-241.25,-1448.0,8.0,10.2188271416558
-241.0,-1448.0,8.0,10.2025996314155
-240.75,-1448.0,8.0,10.1863721211751
-240.5,-1448.0,8.0,10.1701446109348
-240.25,-1448.0,8.0,10.1539171006944
-240.0,-1448.0,8.0,10.1376895904541
-239.75,-1448.0,8.0,10.1265085935593
-239.5,-1448.0,8.0,10.1153275966644
-239.25,-1448.0,8.0,10.1041465997696
-239.0,-1448.0,8.0,10.0929656028748
-238.75,-1448.0,8.0,10.0817846059799
-238.5,-1448.0,8.0,10.0706036090851
-238.25,-1448.0,8.0,10.0594226121902
-238.0,-1448.0,8.0,10.0482416152954
-237.75,-1448.0,8.0,10.0370606184006
-237.5,-1448.0,8.0,10.0258796215057
-237.25,-1448.0,8.0,10.0146986246109
-237.0,-1448.0,8.0,10.0035176277161
-236.75,-1448.0,8.0,9.99233663082123
-236.5,-1448.0,8.0,9.98115563392639
-236.25,-1448.0,8.0,9.96997463703156
-236.0,-1448.0,8.0,9.95879364013672
-235.75,-1448.0,8.0,9.94761264324188
-235.5,-1448.0,8.0,9.93643164634705
-235.25,-1448.0,8.0,9.92525064945221
-235.0,-1448.0,8.0,9.91406965255737
-234.75,-1448.0,8.0,9.90288865566254
-234.5,-1448.0,8.0,9.8917076587677
-234.25,-1448.0,8.0,9.88052666187286
-234.0,-1448.0,8.0,9.86934566497803
-233.75,-1448.0,8.0,9.79562294483185
-233.5,-1448.0,8.0,9.72190022468567
-233.25,-1448.0,8.0,9.64817750453949
-233.0,-1448.0,8.0,9.57445478439331
-232.75,-1448.0,8.0,9.50073206424713
-232.5,-1448.0,8.0,9.42700934410095
-232.25,-1448.0,8.0,9.35328662395478
-232.0,-1448.0,8.0,9.27956390380859
-231.75,-1448.0,8.0,9.20584118366241
-231.5,-1448.0,8.0,9.13211846351624
-231.25,-1448.0,8.0,9.05839574337005
-231.0,-1448.0,8.0,8.98467302322388
-230.75,-1448.0,8.0,8.9109503030777
-230.5,-1448.0,8.0,8.83722758293152
-230.25,-1448.0,8.0,8.76350486278534
-230.0,-1448.0,8.0,8.68978214263916
-229.75,-1448.0,8.0,8.61605942249298
-229.5,-1448.0,8.0,8.5423367023468
-229.25,-1448.0,8.0,8.46861398220063
-229.0,-1448.0,8.0,8.39489126205444
-228.75,-1448.0,8.0,8.32116854190826
-228.5,-1448.0,8.0,8.24744582176209
-228.25,-1448.0,8.0,8.1737231016159
-228.0,-1448.0,8.0,8.10000038146973
-227.75,-1448.0,0.0,7.79166702429455
-227.5,-1448.0,0.0,7.48333366711933
-227.25,-1448.0,0.0,7.17500030994415
-227.0,-1448.0,0.0,6.86666695276898
-226.75,-1448.0,0.0,6.55833359559375
-226.5,-1448.0,0.0,6.25000023841858
-226.25,-1448.0,0.0,5.94166688124341
-226.0,-1448.0,0.0,5.63333352406818
-225.75,-1448.0,0.0,5.32500016689301
-225.5,-1448.0,0.0,5.01666680971783
-225.25,-1448.0,0.0,4.70833345254261
-225.0,-1448.0,0.0,4.40000009536743
-224.75,-1448.0,0.0,4.32500008742015
-224.5,-1448.0,0.0,4.25000007947286
-224.25,-1448.0,0.0,4.17500007152557
-224.0,-1448.0,0.0,4.10000006357829
-223.75,-1448.0,0.0,4.025000055631
-223.5,-1448.0,0.0,3.95000004768372
-223.25,-1448.0,0.0,3.87500003973643
-223.0,-1448.0,0.0,3.80000003178914
-222.75,-1448.0,0.0,3.72500002384186
-222.5,-1448.0,0.0,3.65000001589458
-222.25,-1448.0,0.0,3.57500000794728
-222.0,-1448.0,0.0,3.5
-252.0,-1447.0,8.0,11.0091543197632
-251.75,-1447.0,8.0,10.989033513599
-251.5,-1447.0,8.0,10.9689127074348
-251.25,-1447.0,8.0,10.9487919012705
-251.0,-1447.0,8.0,10.9286710951063
-250.75,-1447.0,8.0,10.9085502889421
-250.5,-1447.0,8.0,10.8884294827779
-250.25,-1447.0,8.0,10.8683086766137
-250.0,-1447.0,8.0,10.8481878704495
-249.75,-1447.0,8.0,10.8280670642853
-249.5,-1447.0,8.0,10.8079462581211
-249.25,-1447.0,8.0,10.7878254519569
-249.0,-1447.0,8.0,10.7677046457926
-248.75,-1447.0,8.0,10.7475838396284
-248.5,-1447.0,8.0,10.7274630334642
-248.25,-1447.0,8.0,10.7073422273
-248.0,-1447.0,8.0,10.6872214211358
-247.75,-1447.0,8.0,10.6671006149716
-247.5,-1447.0,8.0,10.6469798088074
-247.25,-1447.0,8.0,10.6268590026432
-247.0,-1447.0,8.0,10.606738196479
-246.75,-1447.0,8.0,10.5866173903147
-246.5,-1447.0,8.0,10.5664965841505
-246.25,-1447.0,8.0,10.5463757779863
-246.0,-1447.0,8.0,10.5262549718221
-245.75,-1447.0,8.0,10.5100393560198
-245.5,-1447.0,8.0,10.4938237402174
-245.25,-1447.0,8.0,10.4776081244151
-245.0,-1447.0,8.0,10.4613925086127
-244.75,-1447.0,8.0,10.4451768928104
-244.5,-1447.0,8.0,10.4289612770081
-244.25,-1447.0,8.0,10.4127456612057
-244.0,-1447.0,8.0,10.3965300454034
-243.75,-1447.0,8.0,10.380314429601
-243.5,-1447.0,8.0,10.3640988137987
-243.25,-1447.0,8.0,10.3478831979964
-243.0,-1447.0,8.0,10.331667582194
-242.75,-1447.0,8.0,10.3154519663917
-242.5,-1447.0,8.0,10.2992363505893
-242.25,-1447.0,8.0,10.283020734787
-242.0,-1447.0,8.0,10.2668051189846
-241.75,-1447.0,8.0,10.2505895031823
-241.5,-1447.0,8.0,10.23437388738
-241.25,-1447.0,8.0,10.2181582715776
-241.0,-1447.0,8.0,10.2019426557753
-240.75,-1447.0,8.0,10.1857270399729
-240.5,-1447.0,8.0,10.1695114241706
-240.25,-1447.0,8.0,10.1532958083683
-240.0,-1447.0,8.0,10.1370801925659
-239.75,-1447.0,8.0,10.1259058713913
-239.5,-1447.0,8.0,10.1147315502167
-239.25,-1447.0,8.0,10.1035572290421
-239.0,-1447.0,8.0,10.0923829078674
-238.75,-1447.0,8.0,10.0812085866928
-238.5,-1447.0,8.0,10.0700342655182
-238.25,-1447.0,8.0,10.0588599443436
-238.0,-1447.0,8.0,10.0476856231689
-237.75,-1447.0,8.0,10.0365113019943
-237.5,-1447.0,8.0,10.0253369808197
-237.25,-1447.0,8.0,10.0141626596451
-237.0,-1447.0,8.0,10.0029883384705
-236.75,-1447.0,8.0,9.99181401729584
-236.5,-1447.0,8.0,9.98063969612122
-236.25,-1447.0,8.0,9.96946537494659
-236.0,-1447.0,8.0,9.95829105377197
-235.75,-1447.0,8.0,9.94711673259735
-235.5,-1447.0,8.0,9.93594241142273
-235.25,-1447.0,8.0,9.92476809024811
-235.0,-1447.0,8.0,9.91359376907349
-234.75,-1447.0,8.0,9.90241944789886
-234.5,-1447.0,8.0,9.89124512672424
-234.25,-1447.0,8.0,9.88007080554962
-234.0,-1447.0,8.0,9.868896484375
-233.75,-1447.0,8.0,9.79519248008728
-233.5,-1447.0,8.0,9.72148847579956
-233.25,-1447.0,8.0,9.64778447151184
-233.0,-1447.0,8.0,9.57408046722413
-232.75,-1447.0,8.0,9.5003764629364
-232.5,-1447.0,8.0,9.42667245864868
-232.25,-1447.0,8.0,9.35296845436097
-232.0,-1447.0,8.0,9.27926445007324
-231.75,-1447.0,8.0,9.20556044578552
-231.5,-1447.0,8.0,9.13185644149781
-231.25,-1447.0,8.0,9.05815243721008
-231.0,-1447.0,8.0,8.98444843292236
-230.75,-1447.0,8.0,8.91074442863465
-230.5,-1447.0,8.0,8.83704042434692
-230.25,-1447.0,8.0,8.7633364200592
-230.0,-1447.0,8.0,8.68963241577149
-229.75,-1447.0,8.0,8.61592841148376
-229.5,-1447.0,8.0,8.54222440719604
-229.25,-1447.0,8.0,8.46852040290833
-229.0,-1447.0,8.0,8.3948163986206
-228.75,-1447.0,8.0,8.32111239433289
-228.5,-1447.0,8.0,8.24740839004517
-228.25,-1447.0,8.0,8.17370438575744
-228.0,-1447.0,8.0,8.10000038146973
-227.75,-1447.0,0.0,7.79166702429455
-227.5,-1447.0,0.0,7.48333366711933
-227.25,-1447.0,0.0,7.17500030994415
-227.0,-1447.0,0.0,6.86666695276898
-226.75,-1447.0,0.0,6.55833359559375
-226.5,-1447.0,0.0,6.25000023841858
-226.25,-1447.0,0.0,5.94166688124341
-226.0,-1447.0,0.0,5.63333352406818
-225.75,-1447.0,0.0,5.32500016689301
-225.5,-1447.0,0.0,5.01666680971783
-225.25,-1447.0,0.0,4.70833345254261
-225.0,-1447.0,0.0,4.40000009536743
-224.75,-1447.0,0.0,4.32500008742015
-224.5,-1447.0,0.0,4.25000007947285
-224.25,-1447.0,0.0,4.17500007152557
-224.0,-1447.0,0.0,4.10000006357829
-223.75,-1447.0,0.0,4.025000055631
-223.5,-1447.0,0.0,3.95000004768372
-223.25,-1447.0,0.0,3.87500003973643
-223.0,-1447.0,0.0,3.80000003178914
-222.75,-1447.0,0.0,3.72500002384186
-222.5,-1447.0,0.0,3.65000001589458
-222.25,-1447.0,0.0,3.57500000794728
-222.0,-1447.0,0.0,3.5
-252.0,-1446.0,8.0,11.0081338882446
-251.75,-1446.0,8.0,10.9880183140437
-251.5,-1446.0,8.0,10.9679027398427
-251.25,-1446.0,8.0,10.9477871656418
-251.0,-1446.0,8.0,10.9276715914408
-250.75,-1446.0,8.0,10.9075560172399
-250.5,-1446.0,8.0,10.8874404430389
-250.25,-1446.0,8.0,10.867324868838
-250.0,-1446.0,8.0,10.847209294637
-249.75,-1446.0,8.0,10.8270937204361
-249.5,-1446.0,8.0,10.8069781462351
-249.25,-1446.0,8.0,10.7868625720342
-249.0,-1446.0,8.0,10.7667469978333
-248.75,-1446.0,8.0,10.7466314236323
-248.5,-1446.0,8.0,10.7265158494314
-248.25,-1446.0,8.0,10.7064002752304
-248.0,-1446.0,8.0,10.6862847010295
-247.75,-1446.0,8.0,10.6661691268285
-247.5,-1446.0,8.0,10.6460535526276
-247.25,-1446.0,8.0,10.6259379784266
-247.0,-1446.0,8.0,10.6058224042257
-246.75,-1446.0,8.0,10.5857068300247
-246.5,-1446.0,8.0,10.5655912558238
-246.25,-1446.0,8.0,10.5454756816228
-246.0,-1446.0,8.0,10.5253601074219
-245.75,-1446.0,8.0,10.5091563860575
-245.5,-1446.0,8.0,10.4929526646932
-245.25,-1446.0,8.0,10.4767489433289
-245.0,-1446.0,8.0,10.4605452219645
-244.75,-1446.0,8.0,10.4443415006002
-244.5,-1446.0,8.0,10.4281377792358
-244.25,-1446.0,8.0,10.4119340578715
-244.0,-1446.0,8.0,10.3957303365072
-243.75,-1446.0,8.0,10.3795266151428
-243.5,-1446.0,8.0,10.3633228937785
-243.25,-1446.0,8.0,10.3471191724141
-243.0,-1446.0,8.0,10.3309154510498
-242.75,-1446.0,8.0,10.3147117296855
-242.5,-1446.0,8.0,10.2985080083211
-242.25,-1446.0,8.0,10.2823042869568
-242.0,-1446.0,8.0,10.2661005655924
-241.75,-1446.0,8.0,10.2498968442281
-241.5,-1446.0,8.0,10.2336931228638
-241.25,-1446.0,8.0,10.2174894014994
-241.0,-1446.0,8.0,10.2012856801351
-240.75,-1446.0,8.0,10.1850819587708
-240.5,-1446.0,8.0,10.1688782374064
-240.25,-1446.0,8.0,10.1526745160421
-240.0,-1446.0,8.0,10.1364707946777
-239.75,-1446.0,8.0,10.1253031492233
-239.5,-1446.0,8.0,10.1141355037689
-239.25,-1446.0,8.0,10.1029678583145
-239.0,-1446.0,8.0,10.0918002128601
-238.75,-1446.0,8.0,10.0806325674057
-238.5,-1446.0,8.0,10.0694649219513
-238.25,-1446.0,8.0,10.0582972764969
-238.0,-1446.0,8.0,10.0471296310425
-237.75,-1446.0,8.0,10.0359619855881
-237.5,-1446.0,8.0,10.0247943401337
-237.25,-1446.0,8.0,10.0136266946793
-237.0,-1446.0,8.0,10.0024590492249
-236.75,-1446.0,8.0,9.99129140377045
-236.5,-1446.0,8.0,9.98012375831604
-236.25,-1446.0,8.0,9.96895611286163
-236.0,-1446.0,8.0,9.95778846740723
-235.75,-1446.0,8.0,9.94662082195282
-235.5,-1446.0,8.0,9.93545317649841
-235.25,-1446.0,8.0,9.92428553104401
-235.0,-1446.0,8.0,9.9131178855896
-234.75,-1446.0,8.0,9.90195024013519
-234.5,-1446.0,8.0,9.89078259468079
-234.25,-1446.0,8.0,9.87961494922638
-234.0,-1446.0,8.0,9.86844730377197
-233.75,-1446.0,8.0,9.79476201534272
-233.5,-1446.0,8.0,9.72107672691345
-233.25,-1446.0,8.0,9.64739143848419
-233.0,-1446.0,8.0,9.57370615005494
-232.75,-1446.0,8.0,9.50002086162567
-232.5,-1446.0,8.0,9.42633557319641
-232.25,-1446.0,8.0,9.35265028476715
-232.0,-1446.0,8.0,9.27896499633789
-231.75,-1446.0,8.0,9.20527970790863
-231.5,-1446.0,8.0,9.13159441947937
-231.25,-1446.0,8.0,9.05790913105011
-231.0,-1446.0,8.0,8.98422384262085
-230.75,-1446.0,8.0,8.91053855419159
-230.5,-1446.0,8.0,8.83685326576233
-230.25,-1446.0,8.0,8.76316797733307
-230.0,-1446.0,8.0,8.68948268890381
-229.75,-1446.0,8.0,8.61579740047454
-229.5,-1446.0,8.0,8.54211211204529
-229.25,-1446.0,8.0,8.46842682361603
-229.0,-1446.0,8.0,8.39474153518676
-228.75,-1446.0,8.0,8.32105624675751
-228.5,-1446.0,8.0,8.24737095832825
-228.25,-1446.0,8.0,8.17368566989898
-228.0,-1446.0,8.0,8.10000038146973
-227.75,-1446.0,0.0,7.79166702429455
-227.5,-1446.0,0.0,7.48333366711933
-227.25,-1446.0,0.0,7.17500030994415
-227.0,-1446.0,0.0,6.86666695276898
-226.75,-1446.0,0.0,6.55833359559375
-226.5,-1446.0,0.0,6.25000023841858
-226.25,-1446.0,0.0,5.94166688124341
-226.0,-1446.0,0.0,5.63333352406818
-225.75,-1446.0,0.0,5.32500016689301
-225.5,-1446.0,0.0,5.01666680971783
-225.25,-1446.0,0.0,4.7083334525426
-225.0,-1446.0,0.0,4.40000009536743
-224.75,-1446.0,0.0,4.32500008742015
-224.5,-1446.0,0.0,4.25000007947285
-224.25,-1446.0,0.0,4.17500007152557
-224.0,-1446.0,0.0,4.10000006357829
-223.75,-1446.0,0.0,4.025000055631
-223.5,-1446.0,0.0,3.95000004768372
-223.25,-1446.0,0.0,3.87500003973643
-223.0,-1446.0,0.0,3.80000003178914
-222.75,-1446.0,0.0,3.72500002384186
-222.5,-1446.0,0.0,3.65000001589458
-222.25,-1446.0,0.0,3.57500000794728
-222.0,-1446.0,0.0,3.5
-252.0,-1445.0,8.0,10.9371039072673
-251.75,-1445.0,8.0,10.9174942175547
-251.5,-1445.0,8.0,10.8978845278422
-251.25,-1445.0,8.0,10.8782748381297
-251.0,-1445.0,8.0,10.8586651484172
-250.75,-1445.0,8.0,10.8390554587046
-250.5,-1445.0,8.0,10.8194457689921
-250.25,-1445.0,8.0,10.7998360792796
-250.0,-1445.0,8.0,10.7802263895671
-249.75,-1445.0,8.0,10.7606166998545
-249.5,-1445.0,8.0,10.741007010142
-249.25,-1445.0,8.0,10.7213973204295
-249.0,-1445.0,8.0,10.701787630717
-248.75,-1445.0,8.0,10.6821779410044
-248.5,-1445.0,8.0,10.6625682512919
-248.25,-1445.0,8.0,10.6429585615794
-248.0,-1445.0,8.0,10.6233488718669
-247.75,-1445.0,8.0,10.6037391821543
-247.5,-1445.0,8.0,10.5841294924418
-247.25,-1445.0,8.0,10.5645198027293
-247.0,-1445.0,8.0,10.5449101130168
-246.75,-1445.0,8.0,10.5253004233042
-246.5,-1445.0,8.0,10.5056907335917
-246.25,-1445.0,8.0,10.4860810438792
-246.0,-1445.0,8.0,10.4664713541667
-245.75,-1445.0,8.0,10.4506941901313
-245.5,-1445.0,8.0,10.4349170260959
-245.25,-1445.0,8.0,10.4191398620605
-245.0,-1445.0,8.0,10.4033626980252
-244.75,-1445.0,8.0,10.3875855339898
-244.5,-1445.0,8.0,10.3718083699544
-244.25,-1445.0,8.0,10.3560312059191
-244.0,-1445.0,8.0,10.3402540418837
-243.75,-1445.0,8.0,10.3244768778483
-243.5,-1445.0,8.0,10.3086997138129
-243.25,-1445.0,8.0,10.2929225497776
-243.0,-1445.0,8.0,10.2771453857422
-242.75,-1445.0,8.0,10.2613682217068
-242.5,-1445.0,8.0,10.2455910576714
-242.25,-1445.0,8.0,10.2298138936361
-242.0,-1445.0,8.0,10.2140367296007
-241.75,-1445.0,8.0,10.1982595655653
-241.5,-1445.0,8.0,10.1824824015299
-241.25,-1445.0,8.0,10.1667052374946
-241.0,-1445.0,8.0,10.1509280734592
-240.75,-1445.0,8.0,10.1351509094238
-240.5,-1445.0,8.0,10.1193737453885
-240.25,-1445.0,8.0,10.1035965813531
-240.0,-1445.0,8.0,10.0878194173177
-239.75,-1445.0,8.0,10.0751025279363
-239.5,-1445.0,8.0,10.0623856385549
-239.25,-1445.0,8.0,10.0496687491735
-239.0,-1445.0,8.0,10.0369518597921
-238.75,-1445.0,8.0,10.0242349704107
-238.5,-1445.0,8.0,10.0115180810293
-238.25,-1445.0,8.0,9.99880119164785
-238.0,-1445.0,8.0,9.98608430226644
-237.75,-1445.0,8.0,9.97336741288503
-237.5,-1445.0,8.0,9.96065052350362
-237.25,-1445.0,8.0,9.94793363412221
-237.0,-1445.0,8.0,9.9352167447408
-236.75,-1445.0,8.0,9.9224998553594
-236.5,-1445.0,8.0,9.90978296597799
-236.25,-1445.0,8.0,9.89706607659658
-236.0,-1445.0,8.0,9.88434918721517
-235.75,-1445.0,8.0,9.87163229783376
-235.5,-1445.0,8.0,9.85891540845235
-235.25,-1445.0,8.0,9.84619851907094
-235.0,-1445.0,8.0,9.83348162968954
-234.75,-1445.0,8.0,9.82076474030812
-234.5,-1445.0,8.0,9.80804785092672
-234.25,-1445.0,8.0,9.79533096154531
-234.0,-1445.0,8.0,9.7826140721639
-233.75,-1445.0,8.0,9.71222739087211
-233.5,-1445.0,8.0,9.64184070958031
-233.25,-1445.0,8.0,9.57145402828852
-233.0,-1445.0,8.0,9.50106734699673
-232.75,-1445.0,8.0,9.43068066570494
-232.5,-1445.0,8.0,9.36029398441315
-232.25,-1445.0,8.0,9.28990730312136
-232.0,-1445.0,8.0,9.21952062182956
-231.75,-1445.0,8.0,9.14913394053777
-231.5,-1445.0,8.0,9.07874725924598
-231.25,-1445.0,8.0,9.00836057795418
-231.0,-1445.0,8.0,8.93797389666239
-230.75,-1445.0,8.0,8.86758721537061
-230.5,-1445.0,8.0,8.79720053407881
-230.25,-1445.0,8.0,8.72681385278702
-230.0,-1445.0,8.0,8.65642717149523
-229.75,-1445.0,8.0,8.58604049020343
-229.5,-1445.0,8.0,8.51565380891164
-229.25,-1445.0,8.0,8.44526712761985
-229.0,-1445.0,8.0,8.37488044632805
-228.75,-1445.0,8.0,8.30449376503626
-228.5,-1445.0,8.0,8.23410708374448
-228.25,-1445.0,8.0,8.16372040245268
-228.0,-1445.0,8.0,8.09333372116089
-227.75,-1445.0,0.0,7.76055591636236
-227.5,-1445.0,0.0,7.42777811156377
-227.25,-1445.0,0.0,7.09500030676524
-227.0,-1445.0,0.0,6.76222250196671
-226.75,-1445.0,0.0,6.42944469716812
-226.5,-1445.0,0.0,6.09666689236959
-226.25,-1445.0,0.0,5.76388908757106
-226.0,-1445.0,0.0,5.43111128277247
-225.75,-1445.0,0.0,5.09833347797394
-225.5,-1445.0,0.0,4.76555567317541
-225.25,-1445.0,0.0,4.43277786837682
-225.0,-1445.0,0.0,4.10000006357829
-224.75,-1445.0,0.0,4.02500005894237
-224.5,-1445.0,0.0,3.95000005430645
-224.25,-1445.0,0.0,3.87500004967053
-224.0,-1445.0,0.0,3.80000004503462
-223.75,-1445.0,0.0,3.7250000403987
-223.5,-1445.0,0.0,3.65000003576278
-223.25,-1445.0,0.0,3.57500003112687
-223.0,-1445.0,0.0,3.50000002649095
-222.75,-1445.0,0.0,3.42500002185503
-222.5,-1445.0,0.0,3.35000001721912
-222.25,-1445.0,0.0,3.2750000125832
-222.0,-1445.0,0.0,3.20000000794728
-252.0,-1444.0,8.0,10.8660739262899
-251.75,-1444.0,8.0,10.8469701210658
-251.5,-1444.0,8.0,10.8278663158417
-251.25,-1444.0,8.0,10.8087625106176
-251.0,-1444.0,8.0,10.7896587053935
-250.75,-1444.0,8.0,10.7705549001694
-250.5,-1444.0,8.0,10.7514510949453
-250.25,-1444.0,8.0,10.7323472897212
-250.0,-1444.0,8.0,10.7132434844971
-249.75,-1444.0,8.0,10.694139679273
-249.5,-1444.0,8.0,10.6750358740489
-249.25,-1444.0,8.0,10.6559320688248
-249.0,-1444.0,8.0,10.6368282636007
-248.75,-1444.0,8.0,10.6177244583766
-248.5,-1444.0,8.0,10.5986206531525
-248.25,-1444.0,8.0,10.5795168479284
-248.0,-1444.0,8.0,10.5604130427043
-247.75,-1444.0,8.0,10.5413092374802
-247.5,-1444.0,8.0,10.5222054322561
-247.25,-1444.0,8.0,10.503101627032
-247.0,-1444.0,8.0,10.4839978218079
-246.75,-1444.0,8.0,10.4648940165838
-246.5,-1444.0,8.0,10.4457902113597
-246.25,-1444.0,8.0,10.4266864061356
-246.0,-1444.0,8.0,10.4075826009115
-245.75,-1444.0,8.0,10.3922319942051
-245.5,-1444.0,8.0,10.3768813874986
-245.25,-1444.0,8.0,10.3615307807922
-245.0,-1444.0,8.0,10.3461801740858
-244.75,-1444.0,8.0,10.3308295673794
-244.5,-1444.0,8.0,10.315478960673
-244.25,-1444.0,8.0,10.3001283539666
-244.0,-1444.0,8.0,10.2847777472602
-243.75,-1444.0,8.0,10.2694271405538
-243.5,-1444.0,8.0,10.2540765338474
-243.25,-1444.0,8.0,10.238725927141
-243.0,-1444.0,8.0,10.2233753204346
-242.75,-1444.0,8.0,10.2080247137282
-242.5,-1444.0,8.0,10.1926741070218
-242.25,-1444.0,8.0,10.1773235003153
-242.0,-1444.0,8.0,10.1619728936089
-241.75,-1444.0,8.0,10.1466222869025
-241.5,-1444.0,8.0,10.1312716801961
-241.25,-1444.0,8.0,10.1159210734897
-241.0,-1444.0,8.0,10.1005704667833
-240.75,-1444.0,8.0,10.0852198600769
-240.5,-1444.0,8.0,10.0698692533705
-240.25,-1444.0,8.0,10.0545186466641
-240.0,-1444.0,8.0,10.0391680399577
-239.75,-1444.0,8.0,10.0249019066493
-239.5,-1444.0,8.0,10.0106357733409
-239.25,-1444.0,8.0,9.99636964003245
-239.0,-1444.0,8.0,9.98210350672404
-238.75,-1444.0,8.0,9.96783737341563
-238.5,-1444.0,8.0,9.95357124010722
-238.25,-1444.0,8.0,9.93930510679881
-238.0,-1444.0,8.0,9.9250389734904
-237.75,-1444.0,8.0,9.91077284018199
-237.5,-1444.0,8.0,9.89650670687358
-237.25,-1444.0,8.0,9.88224057356516
-237.0,-1444.0,8.0,9.86797444025676
-236.75,-1444.0,8.0,9.85370830694834
-236.5,-1444.0,8.0,9.83944217363993
-236.25,-1444.0,8.0,9.82517604033152
-236.0,-1444.0,8.0,9.81090990702311
-235.75,-1444.0,8.0,9.7966437737147
-235.5,-1444.0,8.0,9.78237764040629
-235.25,-1444.0,8.0,9.76811150709788
-235.0,-1444.0,8.0,9.75384537378947
-234.75,-1444.0,8.0,9.73957924048106
-234.5,-1444.0,8.0,9.72531310717265
-234.25,-1444.0,8.0,9.71104697386424
-234.0,-1444.0,8.0,9.69678084055583
-233.75,-1444.0,8.0,9.62969276640151
-233.5,-1444.0,8.0,9.56260469224718
-233.25,-1444.0,8.0,9.49551661809286
-233.0,-1444.0,8.0,9.42842854393854
-232.75,-1444.0,8.0,9.3613404697842
-232.5,-1444.0,8.0,9.29425239562988
-232.25,-1444.0,8.0,9.22716432147556
-232.0,-1444.0,8.0,9.16007624732123
-231.75,-1444.0,8.0,9.09298817316691
-231.5,-1444.0,8.0,9.02590009901259
-231.25,-1444.0,8.0,8.95881202485826
-231.0,-1444.0,8.0,8.89172395070394
-230.75,-1444.0,8.0,8.82463587654962
-230.5,-1444.0,8.0,8.75754780239529
-230.25,-1444.0,8.0,8.69045972824097
-230.0,-1444.0,8.0,8.62337165408665
-229.75,-1444.0,8.0,8.55628357993231
-229.5,-1444.0,8.0,8.489195505778
-229.25,-1444.0,8.0,8.42210743162367
-229.0,-1444.0,8.0,8.35501935746934
-228.75,-1444.0,8.0,8.28793128331502
-228.5,-1444.0,8.0,8.2208432091607
-228.25,-1444.0,8.0,8.15375513500637
-228.0,-1444.0,8.0,8.08666706085205
-227.75,-1444.0,0.0,7.72944480843016
-227.5,-1444.0,0.0,7.37222255600821
-227.25,-1444.0,0.0,7.01500030358632
-227.0,-1444.0,0.0,6.65777805116444
-226.75,-1444.0,0.0,6.30055579874249
-226.5,-1444.0,0.0,5.9433335463206
-226.25,-1444.0,0.0,5.58611129389871
-226.0,-1444.0,0.0,5.22888904147676
-225.75,-1444.0,0.0,4.87166678905487
-225.5,-1444.0,0.0,4.51444453663298
-225.25,-1444.0,0.0,4.15722228421103
-225.0,-1444.0,0.0,3.80000003178915
-224.75,-1444.0,0.0,3.7250000304646
-224.5,-1444.0,0.0,3.65000002914005
-224.25,-1444.0,0.0,3.5750000278155
-224.0,-1444.0,0.0,3.50000002649096
-223.75,-1444.0,0.0,3.4250000251664
-223.5,-1444.0,0.0,3.35000002384186
-223.25,-1444.0,0.0,3.27500002251732
-223.0,-1444.0,0.0,3.20000002119276
-222.75,-1444.0,0.0,3.12500001986822
-222.5,-1444.0,0.0,3.05000001854367
-222.25,-1444.0,0.0,2.97500001721912
-222.0,-1444.0,0.0,2.90000001589457
-252.0,-1443.0,8.0,10.7950439453125
-251.75,-1443.0,8.0,10.7764460245768
-251.5,-1443.0,8.0,10.7578481038411
-251.25,-1443.0,8.0,10.7392501831055
-251.0,-1443.0,8.0,10.7206522623698
-250.75,-1443.0,8.0,10.7020543416341
-250.5,-1443.0,8.0,10.6834564208984
-250.25,-1443.0,8.0,10.6648585001628
-250.0,-1443.0,8.0,10.6462605794271
-249.75,-1443.0,8.0,10.6276626586914
-249.5,-1443.0,8.0,10.6090647379557
-249.25,-1443.0,8.0,10.5904668172201
-249.0,-1443.0,8.0,10.5718688964844
-248.75,-1443.0,8.0,10.5532709757487
-248.5,-1443.0,8.0,10.534673055013
-248.25,-1443.0,8.0,10.5160751342773
-248.0,-1443.0,8.0,10.4974772135417
-247.75,-1443.0,8.0,10.478879292806
-247.5,-1443.0,8.0,10.4602813720703
-247.25,-1443.0,8.0,10.4416834513346
-247.0,-1443.0,8.0,10.423085530599
-246.75,-1443.0,8.0,10.4044876098633
-246.5,-1443.0,8.0,10.3858896891276
-246.25,-1443.0,8.0,10.3672917683919
-246.0,-1443.0,8.0,10.3486938476562
-245.75,-1443.0,8.0,10.3337697982788
-245.5,-1443.0,8.0,10.3188457489014
-245.25,-1443.0,8.0,10.3039216995239
-245.0,-1443.0,8.0,10.2889976501465
-244.75,-1443.0,8.0,10.274073600769
-244.5,-1443.0,8.0,10.2591495513916
-244.25,-1443.0,8.0,10.2442255020142
-244.0,-1443.0,8.0,10.2293014526367
-243.75,-1443.0,8.0,10.2143774032593
-243.5,-1443.0,8.0,10.1994533538818
-243.25,-1443.0,8.0,10.1845293045044
-243.0,-1443.0,8.0,10.169605255127
-242.75,-1443.0,8.0,10.1546812057495
-242.5,-1443.0,8.0,10.1397571563721
-242.25,-1443.0,8.0,10.1248331069946
-242.0,-1443.0,8.0,10.1099090576172
-241.75,-1443.0,8.0,10.0949850082397
-241.5,-1443.0,8.0,10.0800609588623
-241.25,-1443.0,8.0,10.0651369094849
-241.0,-1443.0,8.0,10.0502128601074
-240.75,-1443.0,8.0,10.03528881073
-240.5,-1443.0,8.0,10.0203647613525
-240.25,-1443.0,8.0,10.0054407119751
-240.0,-1443.0,8.0,9.99051666259766
-239.75,-1443.0,8.0,9.97470128536224
-239.5,-1443.0,8.0,9.95888590812683
-239.25,-1443.0,8.0,9.94307053089142
-239.0,-1443.0,8.0,9.927255153656
-238.75,-1443.0,8.0,9.91143977642059
-238.5,-1443.0,8.0,9.89562439918518
-238.25,-1443.0,8.0,9.87980902194977
-238.0,-1443.0,8.0,9.86399364471436
-237.75,-1443.0,8.0,9.84817826747894
-237.5,-1443.0,8.0,9.83236289024353
-237.25,-1443.0,8.0,9.81654751300812
-237.0,-1443.0,8.0,9.80073213577271
-236.75,-1443.0,8.0,9.78491675853729
-236.5,-1443.0,8.0,9.76910138130188
-236.25,-1443.0,8.0,9.75328600406647
-236.0,-1443.0,8.0,9.73747062683105
-235.75,-1443.0,8.0,9.72165524959564
-235.5,-1443.0,8.0,9.70583987236023
-235.25,-1443.0,8.0,9.69002449512482
-235.0,-1443.0,8.0,9.6742091178894
-234.75,-1443.0,8.0,9.65839374065399
-234.5,-1443.0,8.0,9.64257836341858
-234.25,-1443.0,8.0,9.62676298618317
-234.0,-1443.0,8.0,9.61094760894775
-233.75,-1443.0,8.0,9.5471581419309
-233.5,-1443.0,8.0,9.48336867491404
-233.25,-1443.0,8.0,9.41957920789719
-233.0,-1443.0,8.0,9.35578974088033
-232.75,-1443.0,8.0,9.29200027386347
-232.5,-1443.0,8.0,9.22821080684662
-232.25,-1443.0,8.0,9.16442133982977
-232.0,-1443.0,8.0,9.1006318728129
-231.75,-1443.0,8.0,9.03684240579605
-231.5,-1443.0,8.0,8.9730529387792
-231.25,-1443.0,8.0,8.90926347176234
-231.0,-1443.0,8.0,8.84547400474548
-230.75,-1443.0,8.0,8.78168453772863
-230.5,-1443.0,8.0,8.71789507071177
-230.25,-1443.0,8.0,8.65410560369492
-230.0,-1443.0,8.0,8.59031613667806
-229.75,-1443.0,8.0,8.5265266696612
-229.5,-1443.0,8.0,8.46273720264435
-229.25,-1443.0,8.0,8.39894773562749
-229.0,-1443.0,8.0,8.33515826861063
-228.75,-1443.0,8.0,8.27136880159378
-228.5,-1443.0,8.0,8.20757933457693
-228.25,-1443.0,8.0,8.14378986756007
-228.0,-1443.0,8.0,8.08000040054321
-227.75,-1443.0,0.0,7.69833370049797
-227.5,-1443.0,0.0,7.31666700045266
-227.25,-1443.0,0.0,6.93500030040741
-227.0,-1443.0,0.0,6.55333360036216
-226.75,-1443.0,0.0,6.17166690031685
-226.5,-1443.0,0.0,5.79000020027161
-226.25,-1443.0,0.0,5.40833350022636
-226.0,-1443.0,0.0,5.02666680018105
-225.75,-1443.0,0.0,4.6450001001358
-225.5,-1443.0,0.0,4.26333340009056
-225.25,-1443.0,0.0,3.88166670004525
-225.0,-1443.0,0.0,3.5
-224.75,-1443.0,0.0,3.42500000198683
-224.5,-1443.0,0.0,3.35000000397364
-224.25,-1443.0,0.0,3.27500000596046
-224.0,-1443.0,0.0,3.20000000794729
-223.75,-1443.0,0.0,3.1250000099341
-223.5,-1443.0,0.0,3.05000001192093
-223.25,-1443.0,0.0,2.97500001390775
-223.0,-1443.0,0.0,2.90000001589457
-222.75,-1443.0,0.0,2.82500001788139
-222.5,-1443.0,0.0,2.75000001986822
-222.25,-1443.0,0.0,2.67500002185503
-222.0,-1443.0,0.0,2.60000002384186
-252.0,-1442.0,8.0,10.7240139643351
-251.75,-1442.0,8.0,10.7059219280879
-251.5,-1442.0,8.0,10.6878298918406
-251.25,-1442.0,8.0,10.6697378555934
-251.0,-1442.0,8.0,10.6516458193461
-250.75,-1442.0,8.0,10.6335537830989
-250.5,-1442.0,8.0,10.6154617468516
-250.25,-1442.0,8.0,10.5973697106043
-250.0,-1442.0,8.0,10.5792776743571
-249.75,-1442.0,8.0,10.5611856381098
-249.5,-1442.0,8.0,10.5430936018626
-249.25,-1442.0,8.0,10.5250015656153
-249.0,-1442.0,8.0,10.5069095293681
-248.75,-1442.0,8.0,10.4888174931208
-248.5,-1442.0,8.0,10.4707254568736
-248.25,-1442.0,8.0,10.4526334206263
-248.0,-1442.0,8.0,10.4345413843791
-247.75,-1442.0,8.0,10.4164493481318
-247.5,-1442.0,8.0,10.3983573118846
-247.25,-1442.0,8.0,10.3802652756373
-247.0,-1442.0,8.0,10.3621732393901
-246.75,-1442.0,8.0,10.3440812031428
-246.5,-1442.0,8.0,10.3259891668955
-246.25,-1442.0,8.0,10.3078971306483
-246.0,-1442.0,8.0,10.289805094401
-245.75,-1442.0,8.0,10.2753076023526
-245.5,-1442.0,8.0,10.2608101103041
-245.25,-1442.0,8.0,10.2463126182556
-245.0,-1442.0,8.0,10.2318151262071
-244.75,-1442.0,8.0,10.2173176341587
-244.5,-1442.0,8.0,10.2028201421102
-244.25,-1442.0,8.0,10.1883226500617
-244.0,-1442.0,8.0,10.1738251580132
-243.75,-1442.0,8.0,10.1593276659648
-243.5,-1442.0,8.0,10.1448301739163
-243.25,-1442.0,8.0,10.1303326818678
-243.0,-1442.0,8.0,10.1158351898193
-242.75,-1442.0,8.0,10.1013376977709
-242.5,-1442.0,8.0,10.0868402057224
-242.25,-1442.0,8.0,10.0723427136739
-242.0,-1442.0,8.0,10.0578452216254
-241.75,-1442.0,8.0,10.043347729577
-241.5,-1442.0,8.0,10.0288502375285
-241.25,-1442.0,8.0,10.01435274548
-241.0,-1442.0,8.0,9.99985525343153
-240.75,-1442.0,8.0,9.98535776138306
-240.5,-1442.0,8.0,9.97086026933458
-240.25,-1442.0,8.0,9.95636277728611
-240.0,-1442.0,8.0,9.94186528523763
-239.75,-1442.0,8.0,9.92450066407522
-239.5,-1442.0,8.0,9.9071360429128
-239.25,-1442.0,8.0,9.88977142175039
-239.0,-1442.0,8.0,9.87240680058797
-238.75,-1442.0,8.0,9.85504217942556
-238.5,-1442.0,8.0,9.83767755826314
-238.25,-1442.0,8.0,9.82031293710073
-238.0,-1442.0,8.0,9.80294831593831
-237.75,-1442.0,8.0,9.7855836947759
-237.5,-1442.0,8.0,9.76821907361348
-237.25,-1442.0,8.0,9.75085445245107
-237.0,-1442.0,8.0,9.73348983128865
-236.75,-1442.0,8.0,9.71612521012624
-236.5,-1442.0,8.0,9.69876058896383
-236.25,-1442.0,8.0,9.68139596780141
-236.0,-1442.0,8.0,9.664031346639
-235.75,-1442.0,8.0,9.64666672547658
-235.5,-1442.0,8.0,9.62930210431417
-235.25,-1442.0,8.0,9.61193748315175
-235.0,-1442.0,8.0,9.59457286198934
-234.75,-1442.0,8.0,9.57720824082692
-234.5,-1442.0,8.0,9.55984361966451
-234.25,-1442.0,8.0,9.5424789985021
-234.0,-1442.0,8.0,9.52511437733968
-233.75,-1442.0,8.0,9.4646235174603
-233.5,-1442.0,8.0,9.4041326575809
-233.25,-1442.0,8.0,9.34364179770152
-233.0,-1442.0,8.0,9.28315093782213
-232.75,-1442.0,8.0,9.22266007794274
-232.5,-1442.0,8.0,9.16216921806335
-232.25,-1442.0,8.0,9.10167835818397
-232.0,-1442.0,8.0,9.04118749830458
-231.75,-1442.0,8.0,8.98069663842519
-231.5,-1442.0,8.0,8.92020577854581
-231.25,-1442.0,8.0,8.85971491866641
-231.0,-1442.0,8.0,8.79922405878703
-230.75,-1442.0,8.0,8.73873319890764
-230.5,-1442.0,8.0,8.67824233902825
-230.25,-1442.0,8.0,8.61775147914886
-230.0,-1442.0,8.0,8.55726061926948
-229.75,-1442.0,8.0,8.49676975939009
-229.5,-1442.0,8.0,8.4362788995107
-229.25,-1442.0,8.0,8.37578803963132
-229.0,-1442.0,8.0,8.31529717975192
-228.75,-1442.0,8.0,8.25480631987254
-228.5,-1442.0,8.0,8.19431545999315
-228.25,-1442.0,8.0,8.13382460011376
-228.0,-1442.0,8.0,8.07333374023438
-227.75,-1442.0,0.0,7.66722259918851
-227.5,-1442.0,0.0,7.26111145814258
-227.25,-1442.0,0.0,6.85500031709671
-227.0,-1442.0,0.0,6.44888917605084
-226.75,-1442.0,0.0,6.04277803500491
-226.5,-1442.0,0.0,5.63666689395904
-226.25,-1442.0,0.0,5.23055575291318
-226.0,-1442.0,0.0,4.82444461186724
-225.75,-1442.0,0.0,4.41833347082138
-225.5,-1442.0,0.0,4.01222232977551
-225.25,-1442.0,0.0,3.60611118872958
-225.0,-1442.0,0.0,3.20000004768371
-224.75,-1442.0,0.0,3.12500004635917
-224.5,-1442.0,0.0,3.05000004503461
-224.25,-1442.0,0.0,2.97500004371007
-224.0,-1442.0,0.0,2.90000004238553
-223.75,-1442.0,0.0,2.82500004106097
-223.5,-1442.0,0.0,2.75000003973643
-223.25,-1442.0,0.0,2.67500003841188
-223.0,-1442.0,0.0,2.60000003708733
-222.75,-1442.0,0.0,2.52500003576278
-222.5,-1442.0,0.0,2.45000003443824
-222.25,-1442.0,0.0,2.37500003311369
-222.0,-1442.0,0.0,2.30000003178914
-252.0,-1441.0,8.0,10.6529839833577
-251.75,-1441.0,8.0,10.6353978315989
-251.5,-1441.0,8.0,10.6178116798401
-251.25,-1441.0,8.0,10.6002255280813
-251.0,-1441.0,8.0,10.5826393763224
-250.75,-1441.0,8.0,10.5650532245636
-250.5,-1441.0,8.0,10.5474670728048
-250.25,-1441.0,8.0,10.5298809210459
-250.0,-1441.0,8.0,10.5122947692871
-249.75,-1441.0,8.0,10.4947086175283
-249.5,-1441.0,8.0,10.4771224657695
-249.25,-1441.0,8.0,10.4595363140106
-249.0,-1441.0,8.0,10.4419501622518
-248.75,-1441.0,8.0,10.424364010493
-248.5,-1441.0,8.0,10.4067778587341
-248.25,-1441.0,8.0,10.3891917069753
-248.0,-1441.0,8.0,10.3716055552165
-247.75,-1441.0,8.0,10.3540194034576
-247.5,-1441.0,8.0,10.3364332516988
-247.25,-1441.0,8.0,10.31884709994
-247.0,-1441.0,8.0,10.3012609481812
-246.75,-1441.0,8.0,10.2836747964223
-246.5,-1441.0,8.0,10.2660886446635
-246.25,-1441.0,8.0,10.2485024929047
-246.0,-1441.0,8.0,10.2309163411458
-245.75,-1441.0,8.0,10.2168454064263
-245.5,-1441.0,8.0,10.2027744717068
-245.25,-1441.0,8.0,10.1887035369873
-245.0,-1441.0,8.0,10.1746326022678
-244.75,-1441.0,8.0,10.1605616675483
-244.5,-1441.0,8.0,10.1464907328288
-244.25,-1441.0,8.0,10.1324197981093
-244.0,-1441.0,8.0,10.1183488633898
-243.75,-1441.0,8.0,10.1042779286702
-243.5,-1441.0,8.0,10.0902069939507
-243.25,-1441.0,8.0,10.0761360592312
-243.0,-1441.0,8.0,10.0620651245117
-242.75,-1441.0,8.0,10.0479941897922
-242.5,-1441.0,8.0,10.0339232550727
-242.25,-1441.0,8.0,10.0198523203532
-242.0,-1441.0,8.0,10.0057813856337
-241.75,-1441.0,8.0,9.99171045091417
-241.5,-1441.0,8.0,9.97763951619466
-241.25,-1441.0,8.0,9.96356858147515
-241.0,-1441.0,8.0,9.94949764675564
-240.75,-1441.0,8.0,9.93542671203613
-240.5,-1441.0,8.0,9.92135577731662
-240.25,-1441.0,8.0,9.90728484259711
-240.0,-1441.0,8.0,9.8932139078776
-239.75,-1441.0,8.0,9.87430004278819
-239.5,-1441.0,8.0,9.85538617769877
-239.25,-1441.0,8.0,9.83647231260936
-239.0,-1441.0,8.0,9.81755844751994
-238.75,-1441.0,8.0,9.79864458243052
-238.5,-1441.0,8.0,9.77973071734111
-238.25,-1441.0,8.0,9.76081685225169
-238.0,-1441.0,8.0,9.74190298716227
-237.75,-1441.0,8.0,9.72298912207286
-237.5,-1441.0,8.0,9.70407525698344
-237.25,-1441.0,8.0,9.68516139189402
-237.0,-1441.0,8.0,9.66624752680461
-236.75,-1441.0,8.0,9.64733366171519
-236.5,-1441.0,8.0,9.62841979662577
-236.25,-1441.0,8.0,9.60950593153636
-236.0,-1441.0,8.0,9.59059206644694
-235.75,-1441.0,8.0,9.57167820135752
-235.5,-1441.0,8.0,9.55276433626811
-235.25,-1441.0,8.0,9.53385047117869
-235.0,-1441.0,8.0,9.51493660608928
-234.75,-1441.0,8.0,9.49602274099986
-234.5,-1441.0,8.0,9.47710887591044
-234.25,-1441.0,8.0,9.45819501082103
-234.0,-1441.0,8.0,9.43928114573161
-233.75,-1441.0,8.0,9.38208889298969
-233.5,-1441.0,8.0,9.32489664024777
-233.25,-1441.0,8.0,9.26770438750585
-233.0,-1441.0,8.0,9.21051213476393
-232.75,-1441.0,8.0,9.15331988202201
-232.5,-1441.0,8.0,9.09612762928009
-232.25,-1441.0,8.0,9.03893537653817
-232.0,-1441.0,8.0,8.98174312379625
-231.75,-1441.0,8.0,8.92455087105433
-231.5,-1441.0,8.0,8.86735861831242
-231.25,-1441.0,8.0,8.81016636557049
-231.0,-1441.0,8.0,8.75297411282857
-230.75,-1441.0,8.0,8.69578186008666
-230.5,-1441.0,8.0,8.63858960734473
-230.25,-1441.0,8.0,8.58139735460281
-230.0,-1441.0,8.0,8.5242051018609
-229.75,-1441.0,8.0,8.46701284911897
-229.5,-1441.0,8.0,8.40982059637706
-229.25,-1441.0,8.0,8.35262834363514
-229.0,-1441.0,8.0,8.29543609089321
-228.75,-1441.0,8.0,8.23824383815129
-228.5,-1441.0,8.0,8.18105158540938
-228.25,-1441.0,8.0,8.12385933266745
-228.0,-1441.0,8.0,8.06666707992554
-227.75,-1441.0,0.0,7.63611149787905
-227.5,-1441.0,0.0,7.20555591583249
-227.25,-1441.0,0.0,6.77500033378601
-227.0,-1441.0,0.0,6.34444475173953
-226.75,-1441.0,0.0,5.91388916969297
-226.5,-1441.0,0.0,5.48333358764649
-226.25,-1441.0,0.0,5.0527780056
-226.0,-1441.0,0.0,4.62222242355344
-225.75,-1441.0,0.0,4.19166684150696
-225.5,-1441.0,0.0,3.76111125946048
-225.25,-1441.0,0.0,3.33055567741392
-225.0,-1441.0,0.0,2.90000009536743
-224.75,-1441.0,0.0,2.82500009073152
-224.5,-1441.0,0.0,2.7500000860956
-224.25,-1441.0,0.0,2.67500008145968
-224.0,-1441.0,0.0,2.60000007682377
-223.75,-1441.0,0.0,2.52500007218785
-223.5,-1441.0,0.0,2.45000006755193
-223.25,-1441.0,0.0,2.37500006291602
-223.0,-1441.0,0.0,2.3000000582801
-222.75,-1441.0,0.0,2.22500005364418
-222.5,-1441.0,0.0,2.15000004900827
-222.25,-1441.0,0.0,2.07500004437234
-222.0,-1441.0,0.0,2.00000003973643
-252.0,-1440.0,8.0,10.5819540023804
-251.75,-1440.0,8.0,10.56487373511
-251.5,-1440.0,8.0,10.5477934678396
-251.25,-1440.0,8.0,10.5307132005692
-251.0,-1440.0,8.0,10.5136329332987
-250.75,-1440.0,8.0,10.4965526660283
-250.5,-1440.0,8.0,10.4794723987579
-250.25,-1440.0,8.0,10.4623921314875
-250.0,-1440.0,8.0,10.4453118642171
-249.75,-1440.0,8.0,10.4282315969467
-249.5,-1440.0,8.0,10.4111513296763
-249.25,-1440.0,8.0,10.3940710624059
-249.0,-1440.0,8.0,10.3769907951355
-248.75,-1440.0,8.0,10.3599105278651
-248.5,-1440.0,8.0,10.3428302605947
-248.25,-1440.0,8.0,10.3257499933243
-248.0,-1440.0,8.0,10.3086697260539
-247.75,-1440.0,8.0,10.2915894587835
-247.5,-1440.0,8.0,10.2745091915131
-247.25,-1440.0,8.0,10.2574289242427
-247.0,-1440.0,8.0,10.2403486569722
-246.75,-1440.0,8.0,10.2232683897018
-246.5,-1440.0,8.0,10.2061881224314
-246.25,-1440.0,8.0,10.189107855161
-246.0,-1440.0,8.0,10.1720275878906
-245.75,-1440.0,8.0,10.1583832105001
-245.5,-1440.0,8.0,10.1447388331095
-245.25,-1440.0,8.0,10.131094455719
-245.0,-1440.0,8.0,10.1174500783285
-244.75,-1440.0,8.0,10.1038057009379
-244.5,-1440.0,8.0,10.0901613235474
-244.25,-1440.0,8.0,10.0765169461568
-244.0,-1440.0,8.0,10.0628725687663
-243.75,-1440.0,8.0,10.0492281913757
-243.5,-1440.0,8.0,10.0355838139852
-243.25,-1440.0,8.0,10.0219394365946
-243.0,-1440.0,8.0,10.0082950592041
-242.75,-1440.0,8.0,9.99465068181356
-242.5,-1440.0,8.0,9.98100630442302
-242.25,-1440.0,8.0,9.96736192703247
-242.0,-1440.0,8.0,9.95371754964193
-241.75,-1440.0,8.0,9.94007317225138
-241.5,-1440.0,8.0,9.92642879486084
-241.25,-1440.0,8.0,9.9127844174703
-241.0,-1440.0,8.0,9.89914004007975
-240.75,-1440.0,8.0,9.88549566268921
-240.5,-1440.0,8.0,9.87185128529867
-240.25,-1440.0,8.0,9.85820690790812
-240.0,-1440.0,8.0,9.84456253051758
-239.75,-1440.0,8.0,9.82409942150116
-239.5,-1440.0,8.0,9.80363631248474
-239.25,-1440.0,8.0,9.78317320346832
-239.0,-1440.0,8.0,9.7627100944519
-238.75,-1440.0,8.0,9.74224698543549
-238.5,-1440.0,8.0,9.72178387641907
-238.25,-1440.0,8.0,9.70132076740265
-238.0,-1440.0,8.0,9.68085765838623
-237.75,-1440.0,8.0,9.66039454936981
-237.5,-1440.0,8.0,9.63993144035339
-237.25,-1440.0,8.0,9.61946833133698
-237.0,-1440.0,8.0,9.59900522232056
-236.75,-1440.0,8.0,9.57854211330414
-236.5,-1440.0,8.0,9.55807900428772
-236.25,-1440.0,8.0,9.5376158952713
-236.0,-1440.0,8.0,9.51715278625488
-235.75,-1440.0,8.0,9.49668967723846
-235.5,-1440.0,8.0,9.47622656822205
-235.25,-1440.0,8.0,9.45576345920563
-235.0,-1440.0,8.0,9.43530035018921
-234.75,-1440.0,8.0,9.41483724117279
-234.5,-1440.0,8.0,9.39437413215637
-234.25,-1440.0,8.0,9.37391102313996
-234.0,-1440.0,8.0,9.35344791412354
-233.75,-1440.0,8.0,9.29955426851909
-233.5,-1440.0,8.0,9.24566062291463
-233.25,-1440.0,8.0,9.19176697731018
-233.0,-1440.0,8.0,9.13787333170573
-232.75,-1440.0,8.0,9.08397968610127
-232.5,-1440.0,8.0,9.03008604049683
-232.25,-1440.0,8.0,8.97619239489238
-232.0,-1440.0,8.0,8.92229874928792
-231.75,-1440.0,8.0,8.86840510368347
-231.5,-1440.0,8.0,8.81451145807902
-231.25,-1440.0,8.0,8.76061781247457
-231.0,-1440.0,8.0,8.70672416687012
-230.75,-1440.0,8.0,8.65283052126567
-230.5,-1440.0,8.0,8.59893687566121
-230.25,-1440.0,8.0,8.54504323005676
-230.0,-1440.0,8.0,8.49114958445231
-229.75,-1440.0,8.0,8.43725593884786
-229.5,-1440.0,8.0,8.38336229324341
-229.25,-1440.0,8.0,8.32946864763896
-229.0,-1440.0,8.0,8.2755750020345
-228.75,-1440.0,8.0,8.22168135643005
-228.5,-1440.0,8.0,8.16778771082561
-228.25,-1440.0,8.0,8.11389406522115
-228.0,-1440.0,8.0,8.0600004196167
-227.75,-1440.0,0.0,7.6050003965696
-227.5,-1440.0,0.0,7.15000037352241
-227.25,-1440.0,0.0,6.69500035047531
-227.0,-1440.0,0.0,6.24000032742821
-226.75,-1440.0,0.0,5.78500030438103
-226.5,-1440.0,0.0,5.33000028133392
-226.25,-1440.0,0.0,4.87500025828682
-226.0,-1440.0,0.0,4.42000023523964
-225.75,-1440.0,0.0,3.96500021219254
-225.5,-1440.0,0.0,3.51000018914543
-225.25,-1440.0,0.0,3.05500016609825
-225.0,-1440.0,0.0,2.60000014305115
-224.75,-1440.0,0.0,2.52500013510387
-224.5,-1440.0,0.0,2.45000012715657
-224.25,-1440.0,0.0,2.37500011920929
-224.0,-1440.0,0.0,2.30000011126201
-223.75,-1440.0,0.0,2.22500010331471
-223.5,-1440.0,0.0,2.15000009536743
-223.25,-1440.0,0.0,2.07500008742015
-223.0,-1440.0,0.0,2.00000007947286
-222.75,-1440.0,0.0,1.92500007152557
-222.5,-1440.0,0.0,1.85000006357829
-222.25,-1440.0,0.0,1.775000055631
-222.0,-1440.0,0.0,1.70000004768372
-252.0,-1439.0,8.0,10.505077679952
-251.75,-1439.0,8.0,10.4893177482817
-251.5,-1439.0,8.0,10.4735578166114
-251.25,-1439.0,8.0,10.4577978849411
-251.0,-1439.0,8.0,10.4420379532708
-250.75,-1439.0,8.0,10.4262780216005
-250.5,-1439.0,8.0,10.4105180899302
-250.25,-1439.0,8.0,10.3947581582599
-250.0,-1439.0,8.0,10.3789982265896
-249.75,-1439.0,8.0,10.3632382949193
-249.5,-1439.0,8.0,10.347478363249
-249.25,-1439.0,8.0,10.3317184315787
-249.0,-1439.0,8.0,10.3159584999084
-248.75,-1439.0,8.0,10.3001985682382
-248.5,-1439.0,8.0,10.2844386365679
-248.25,-1439.0,8.0,10.2686787048976
-248.0,-1439.0,8.0,10.2529187732273
-247.75,-1439.0,8.0,10.237158841557
-247.5,-1439.0,8.0,10.2213989098867
-247.25,-1439.0,8.0,10.2056389782164
-247.0,-1439.0,8.0,10.1898790465461
-246.75,-1439.0,8.0,10.1741191148758
-246.5,-1439.0,8.0,10.1583591832055
-246.25,-1439.0,8.0,10.1425992515352
-246.0,-1439.0,8.0,10.1268393198649
-245.75,-1439.0,8.0,10.1145269672076
-245.5,-1439.0,8.0,10.1022146145503
-245.25,-1439.0,8.0,10.089902261893
-245.0,-1439.0,8.0,10.0775899092356
-244.75,-1439.0,8.0,10.0652775565783
-244.5,-1439.0,8.0,10.052965203921
-244.25,-1439.0,8.0,10.0406528512637
-244.0,-1439.0,8.0,10.0283404986064
-243.75,-1439.0,8.0,10.016028145949
-243.5,-1439.0,8.0,10.0037157932917
-243.25,-1439.0,8.0,9.99140344063441
-243.0,-1439.0,8.0,9.97909108797709
-242.75,-1439.0,8.0,9.96677873531977
-242.5,-1439.0,8.0,9.95446638266245
-242.25,-1439.0,8.0,9.94215403000514
-242.0,-1439.0,8.0,9.92984167734782
-241.75,-1439.0,8.0,9.9175293246905
-241.5,-1439.0,8.0,9.90521697203318
-241.25,-1439.0,8.0,9.89290461937586
-241.0,-1439.0,8.0,9.88059226671855
-240.75,-1439.0,8.0,9.86827991406123
-240.5,-1439.0,8.0,9.85596756140391
-240.25,-1439.0,8.0,9.84365520874659
-240.0,-1439.0,8.0,9.83134285608927
-239.75,-1439.0,8.0,9.81324521700541
-239.5,-1439.0,8.0,9.79514757792155
-239.25,-1439.0,8.0,9.77704993883769
-239.0,-1439.0,8.0,9.75895229975382
-238.75,-1439.0,8.0,9.74085466066996
-238.5,-1439.0,8.0,9.7227570215861
-238.25,-1439.0,8.0,9.70465938250224
-238.0,-1439.0,8.0,9.68656174341838
-237.75,-1439.0,8.0,9.66846410433451
-237.5,-1439.0,8.0,9.65036646525065
-237.25,-1439.0,8.0,9.63226882616679
-237.0,-1439.0,8.0,9.61417118708293
-236.75,-1439.0,8.0,9.59607354799906
-236.5,-1439.0,8.0,9.5779759089152
-236.25,-1439.0,8.0,9.55987826983134
-236.0,-1439.0,8.0,9.54178063074748
-235.75,-1439.0,8.0,9.52368299166362
-235.5,-1439.0,8.0,9.50558535257975
-235.25,-1439.0,8.0,9.48748771349589
-235.0,-1439.0,8.0,9.46939007441203
-234.75,-1439.0,8.0,9.45129243532817
-234.5,-1439.0,8.0,9.4331947962443
-234.25,-1439.0,8.0,9.41509715716044
-234.0,-1439.0,8.0,9.39699951807658
-233.75,-1439.0,8.0,9.33774955272675
-233.5,-1439.0,8.0,9.27849958737691
-233.25,-1439.0,8.0,9.21924962202708
-233.0,-1439.0,8.0,9.15999965667725
-232.75,-1439.0,8.0,9.10074969132741
-232.5,-1439.0,8.0,9.04149972597758
-232.25,-1439.0,8.0,8.98224976062775
-232.0,-1439.0,8.0,8.92299979527791
-231.75,-1439.0,8.0,8.86374982992808
-231.5,-1439.0,8.0,8.80449986457825
-231.25,-1439.0,8.0,8.74524989922841
-231.0,-1439.0,8.0,8.68599993387858
-230.75,-1439.0,8.0,8.62674996852875
-230.5,-1439.0,8.0,8.56750000317891
-230.25,-1439.0,8.0,8.50825003782908
-230.0,-1439.0,8.0,8.44900007247925
-229.75,-1439.0,8.0,8.38975010712941
-229.5,-1439.0,8.0,8.33050014177958
-229.25,-1439.0,8.0,8.27125017642975
-229.0,-1439.0,8.0,8.21200021107991
-228.75,-1439.0,8.0,8.15275024573008
-228.5,-1439.0,8.0,8.09350028038025
-228.25,-1439.0,8.0,8.03425031503041
-228.0,-1439.0,8.0,7.89000027974446
-227.75,-1439.0,0.0,7.40480038642887
-227.5,-1439.0,0.0,6.80000035579384
-227.25,-1439.0,0.0,6.24000032742818
-227.0,-1439.0,0.0,5.72000030108863
-226.75,-1439.0,0.0,5.23586234553104
-226.5,-1439.0,0.0,4.78400025367736
-226.25,-1439.0,0.0,4.36129055484651
-226.0,-1439.0,0.0,3.96500021219251
-225.75,-1439.0,0.0,3.59272746606306
-225.5,-1439.0,0.0,3.24235311676476
-225.25,-1439.0,0.0,2.91200015885487
-225.0,-1439.0,0.0,2.60000014305115
-224.75,-1439.0,0.0,2.52500013510387
-224.5,-1439.0,0.0,2.45000012715657
-224.25,-1439.0,0.0,2.37500011920929
-224.0,-1439.0,0.0,2.30000011126201
-223.75,-1439.0,0.0,2.22500010331471
-223.5,-1439.0,0.0,2.15000009536743
-223.25,-1439.0,0.0,2.07500008742015
-223.0,-1439.0,0.0,2.00000007947286
-222.75,-1439.0,0.0,1.92500007152557
-222.5,-1439.0,0.0,1.85000006357829
-222.25,-1439.0,0.0,1.775000055631
-222.0,-1439.0,0.0,1.70000004768372
-252.0,-1438.0,8.0,10.4282013575236
-251.75,-1438.0,8.0,10.4137617614534
-251.5,-1438.0,8.0,10.3993221653832
-251.25,-1438.0,8.0,10.384882569313
-251.0,-1438.0,8.0,10.3704429732429
-250.75,-1438.0,8.0,10.3560033771727
-250.5,-1438.0,8.0,10.3415637811025
-250.25,-1438.0,8.0,10.3271241850323
-250.0,-1438.0,8.0,10.3126845889621
-249.75,-1438.0,8.0,10.2982449928919
-249.5,-1438.0,8.0,10.2838053968218
-249.25,-1438.0,8.0,10.2693658007516
-249.0,-1438.0,8.0,10.2549262046814
-248.75,-1438.0,8.0,10.2404866086112
-248.5,-1438.0,8.0,10.226047012541
-248.25,-1438.0,8.0,10.2116074164708
-248.0,-1438.0,8.0,10.1971678204007
-247.75,-1438.0,8.0,10.1827282243305
-247.5,-1438.0,8.0,10.1682886282603
-247.25,-1438.0,8.0,10.1538490321901
-247.0,-1438.0,8.0,10.1394094361199
-246.75,-1438.0,8.0,10.1249698400497
-246.5,-1438.0,8.0,10.1105302439796
-246.25,-1438.0,8.0,10.0960906479094
-246.0,-1438.0,8.0,10.0816510518392
-245.75,-1438.0,8.0,10.0706707239151
-245.5,-1438.0,8.0,10.059690395991
-245.25,-1438.0,8.0,10.0487100680669
-245.0,-1438.0,8.0,10.0377297401428
-244.75,-1438.0,8.0,10.0267494122187
-244.5,-1438.0,8.0,10.0157690842946
-244.25,-1438.0,8.0,10.0047887563705
-244.0,-1438.0,8.0,9.99380842844645
-243.75,-1438.0,8.0,9.98282810052236
-243.5,-1438.0,8.0,9.97184777259826
-243.25,-1438.0,8.0,9.96086744467417
-243.0,-1438.0,8.0,9.94988711675008
-242.75,-1438.0,8.0,9.93890678882599
-242.5,-1438.0,8.0,9.9279264609019
-242.25,-1438.0,8.0,9.9169461329778
-242.0,-1438.0,8.0,9.90596580505371
-241.75,-1438.0,8.0,9.89498547712962
-241.5,-1438.0,8.0,9.88400514920552
-241.25,-1438.0,8.0,9.87302482128143
-241.0,-1438.0,8.0,9.86204449335734
-240.75,-1438.0,8.0,9.85106416543325
-240.5,-1438.0,8.0,9.84008383750916
-240.25,-1438.0,8.0,9.82910350958506
-240.0,-1438.0,8.0,9.81812318166097
-239.75,-1438.0,8.0,9.80239101250967
-239.5,-1438.0,8.0,9.78665884335836
-239.25,-1438.0,8.0,9.77092667420705
-239.0,-1438.0,8.0,9.75519450505574
-238.75,-1438.0,8.0,9.73946233590444
-238.5,-1438.0,8.0,9.72373016675313
-238.25,-1438.0,8.0,9.70799799760183
-238.0,-1438.0,8.0,9.69226582845052
-237.75,-1438.0,8.0,9.67653365929921
-237.5,-1438.0,8.0,9.66080149014791
-237.25,-1438.0,8.0,9.6450693209966
-237.0,-1438.0,8.0,9.6293371518453
-236.75,-1438.0,8.0,9.61360498269399
-236.5,-1438.0,8.0,9.59787281354268
-236.25,-1438.0,8.0,9.58214064439138
-236.0,-1438.0,8.0,9.56640847524007
-235.75,-1438.0,8.0,9.55067630608876
-235.5,-1438.0,8.0,9.53494413693746
-235.25,-1438.0,8.0,9.51921196778615
-235.0,-1438.0,8.0,9.50347979863485
-234.75,-1438.0,8.0,9.48774762948354
-234.5,-1438.0,8.0,9.47201546033223
-234.25,-1438.0,8.0,9.45628329118093
-234.0,-1438.0,8.0,9.44055112202962
-233.75,-1438.0,8.0,9.37594483693441
-233.5,-1438.0,8.0,9.31133855183919
-233.25,-1438.0,8.0,9.24673226674398
-233.0,-1438.0,8.0,9.18212598164877
-232.75,-1438.0,8.0,9.11751969655355
-232.5,-1438.0,8.0,9.05291341145833
-232.25,-1438.0,8.0,8.98830712636312
-232.0,-1438.0,8.0,8.9237008412679
-231.75,-1438.0,8.0,8.85909455617269
-231.5,-1438.0,8.0,8.79448827107748
-231.25,-1438.0,8.0,8.72988198598226
-231.0,-1438.0,8.0,8.66527570088704
-230.75,-1438.0,8.0,8.60066941579183
-230.5,-1438.0,8.0,8.53606313069661
-230.25,-1438.0,8.0,8.4714568456014
-230.0,-1438.0,8.0,8.40685056050619
-229.75,-1438.0,8.0,8.34224427541097
-229.5,-1438.0,8.0,8.27763799031576
-229.25,-1438.0,8.0,8.21303170522055
-229.0,-1438.0,8.0,8.14842542012532
-228.75,-1438.0,8.0,8.08381913503011
-228.5,-1438.0,8.0,8.0192128499349
-228.25,-1438.0,8.0,7.95460656483968
-228.0,-1438.0,8.0,7.72000013987224
-227.75,-1438.0,0.0,6.89000036035272
-227.5,-1438.0,0.0,6.01250031590458
-227.25,-1438.0,0.0,5.33000028133393
-227.0,-1438.0,0.0,4.78400025367741
-226.75,-1438.0,0.0,4.33727295832199
-226.5,-1438.0,0.0,3.96500021219254
-226.25,-1438.0,0.0,3.65000019623685
-226.0,-1438.0,0.0,3.3800001825605
-225.75,-1438.0,0.0,3.14600017070771
-225.5,-1438.0,0.0,2.94125016033651
-225.25,-1438.0,0.0,2.76058838647954
-225.0,-1438.0,0.0,2.60000014305115
-224.75,-1438.0,0.0,2.52500013510387
-224.5,-1438.0,0.0,2.45000012715657
-224.25,-1438.0,0.0,2.37500011920929
-224.0,-1438.0,0.0,2.30000011126201
-223.75,-1438.0,0.0,2.22500010331471
-223.5,-1438.0,0.0,2.15000009536743
-223.25,-1438.0,0.0,2.07500008742015
-223.0,-1438.0,0.0,2.00000007947286
-222.75,-1438.0,0.0,1.92500007152557
-222.5,-1438.0,0.0,1.85000006357829
-222.25,-1438.0,0.0,1.775000055631
-222.0,-1438.0,0.0,1.70000004768372
-252.0,-1437.0,8.0,10.3513250350952
-251.75,-1437.0,8.0,10.3382057746251
-251.5,-1437.0,8.0,10.3250865141551
-251.25,-1437.0,8.0,10.311967253685
-251.0,-1437.0,8.0,10.2988479932149
-250.75,-1437.0,8.0,10.2857287327449
-250.5,-1437.0,8.0,10.2726094722748
-250.25,-1437.0,8.0,10.2594902118047
-250.0,-1437.0,8.0,10.2463709513346
-249.75,-1437.0,8.0,10.2332516908646
-249.5,-1437.0,8.0,10.2201324303945
-249.25,-1437.0,8.0,10.2070131699244
-249.0,-1437.0,8.0,10.1938939094543
-248.75,-1437.0,8.0,10.1807746489843
-248.5,-1437.0,8.0,10.1676553885142
-248.25,-1437.0,8.0,10.1545361280441
-248.0,-1437.0,8.0,10.1414168675741
-247.75,-1437.0,8.0,10.128297607104
-247.5,-1437.0,8.0,10.1151783466339
-247.25,-1437.0,8.0,10.1020590861638
-247.0,-1437.0,8.0,10.0889398256938
-246.75,-1437.0,8.0,10.0758205652237
-246.5,-1437.0,8.0,10.0627013047536
-246.25,-1437.0,8.0,10.0495820442836
-246.0,-1437.0,8.0,10.0364627838135
-245.75,-1437.0,8.0,10.0268144806226
-245.5,-1437.0,8.0,10.0171661774317
-245.25,-1437.0,8.0,10.0075178742409
-245.0,-1437.0,8.0,9.99786957105001
-244.75,-1437.0,8.0,9.98822126785914
-244.5,-1437.0,8.0,9.97857296466827
-244.25,-1437.0,8.0,9.96892466147741
-244.0,-1437.0,8.0,9.95927635828654
-243.75,-1437.0,8.0,9.94962805509567
-243.5,-1437.0,8.0,9.9399797519048
-243.25,-1437.0,8.0,9.93033144871394
-243.0,-1437.0,8.0,9.92068314552307
-242.75,-1437.0,8.0,9.9110348423322
-242.5,-1437.0,8.0,9.90138653914134
-242.25,-1437.0,8.0,9.89173823595047
-242.0,-1437.0,8.0,9.8820899327596
-241.75,-1437.0,8.0,9.87244162956874
-241.5,-1437.0,8.0,9.86279332637787
-241.25,-1437.0,8.0,9.853145023187
-241.0,-1437.0,8.0,9.84349671999613
-240.75,-1437.0,8.0,9.83384841680527
-240.5,-1437.0,8.0,9.8242001136144
-240.25,-1437.0,8.0,9.81455181042353
-240.0,-1437.0,8.0,9.80490350723267
-239.75,-1437.0,8.0,9.79153680801392
-239.5,-1437.0,8.0,9.77817010879517
-239.25,-1437.0,8.0,9.76480340957642
-239.0,-1437.0,8.0,9.75143671035767
-238.75,-1437.0,8.0,9.73807001113892
-238.5,-1437.0,8.0,9.72470331192017
-238.25,-1437.0,8.0,9.71133661270142
-238.0,-1437.0,8.0,9.69796991348267
-237.75,-1437.0,8.0,9.68460321426392
-237.5,-1437.0,8.0,9.67123651504517
-237.25,-1437.0,8.0,9.65786981582642
-237.0,-1437.0,8.0,9.64450311660767
-236.75,-1437.0,8.0,9.63113641738892
-236.5,-1437.0,8.0,9.61776971817017
-236.25,-1437.0,8.0,9.60440301895142
-236.0,-1437.0,8.0,9.59103631973267
-235.75,-1437.0,8.0,9.57766962051392
-235.5,-1437.0,8.0,9.56430292129517
-235.25,-1437.0,8.0,9.55093622207642
-235.0,-1437.0,8.0,9.53756952285767
-234.75,-1437.0,8.0,9.52420282363892
-234.5,-1437.0,8.0,9.51083612442017
-234.25,-1437.0,8.0,9.49746942520142
-234.0,-1437.0,8.0,9.48410272598267
-233.75,-1437.0,8.0,9.41414012114207
-233.5,-1437.0,8.0,9.34417751630147
-233.25,-1437.0,8.0,9.27421491146088
-233.0,-1437.0,8.0,9.20425230662028
-232.75,-1437.0,8.0,9.13428970177968
-232.5,-1437.0,8.0,9.06432709693909
-232.25,-1437.0,8.0,8.99436449209849
-232.0,-1437.0,8.0,8.92440188725789
-231.75,-1437.0,8.0,8.8544392824173
-231.5,-1437.0,8.0,8.78447667757671
-231.25,-1437.0,8.0,8.7145140727361
-231.0,-1437.0,8.0,8.64455146789551
-230.75,-1437.0,8.0,8.57458886305491
-230.5,-1437.0,8.0,8.50462625821431
-230.25,-1437.0,8.0,8.43466365337372
-230.0,-1437.0,8.0,8.36470104853313
-229.75,-1437.0,8.0,8.29473844369252
-229.5,-1437.0,8.0,8.22477583885193
-229.25,-1437.0,8.0,8.15481323401134
-229.0,-1437.0,8.0,8.08485062917073
-228.75,-1437.0,8.0,8.01488802433014
-228.5,-1437.0,8.0,7.94492541948955
-228.25,-1437.0,8.0,7.87496281464894
-228.0,-1437.0,8.0,-inf
-227.75,-1437.0,0.0,2.60000014305115
-227.5,-1437.0,0.0,2.60000014305115
-227.25,-1437.0,0.0,2.60000014305115
-227.0,-1437.0,0.0,2.60000014305115
-226.75,-1437.0,0.0,2.60000014305115
-226.5,-1437.0,0.0,2.60000014305115
-226.25,-1437.0,0.0,2.60000014305115
-226.0,-1437.0,0.0,2.60000014305115
-225.75,-1437.0,0.0,2.60000014305115
-225.5,-1437.0,0.0,2.60000014305115
-225.25,-1437.0,0.0,2.60000014305115
-225.0,-1437.0,0.0,2.60000014305115
-224.75,-1437.0,0.0,2.52500013510387
-224.5,-1437.0,0.0,2.45000012715657
-224.25,-1437.0,0.0,2.37500011920929
-224.0,-1437.0,0.0,2.30000011126201
-223.75,-1437.0,0.0,2.22500010331471
-223.5,-1437.0,0.0,2.15000009536743
-223.25,-1437.0,0.0,2.07500008742015
-223.0,-1437.0,0.0,2.00000007947286
-222.75,-1437.0,0.0,1.92500007152557
-222.5,-1437.0,0.0,1.85000006357829
-222.25,-1437.0,0.0,1.775000055631
-222.0,-1437.0,0.0,1.70000004768372
-252.0,-1436.0,8.0,10.2744487126668
-251.75,-1436.0,8.0,10.2626497877969
-251.5,-1436.0,8.0,10.2508508629269
-251.25,-1436.0,8.0,10.2390519380569
-251.0,-1436.0,8.0,10.227253013187
-250.75,-1436.0,8.0,10.215454088317
-250.5,-1436.0,8.0,10.2036551634471
-250.25,-1436.0,8.0,10.1918562385771
-250.0,-1436.0,8.0,10.1800573137071
-249.75,-1436.0,8.0,10.1682583888372
-249.5,-1436.0,8.0,10.1564594639672
-249.25,-1436.0,8.0,10.1446605390973
-249.0,-1436.0,8.0,10.1328616142273
-248.75,-1436.0,8.0,10.1210626893573
-248.5,-1436.0,8.0,10.1092637644874
-248.25,-1436.0,8.0,10.0974648396174
-248.0,-1436.0,8.0,10.0856659147474
-247.75,-1436.0,8.0,10.0738669898775
-247.5,-1436.0,8.0,10.0620680650075
-247.25,-1436.0,8.0,10.0502691401376
-247.0,-1436.0,8.0,10.0384702152676
-246.75,-1436.0,8.0,10.0266712903976
-246.5,-1436.0,8.0,10.0148723655277
-246.25,-1436.0,8.0,10.0030734406577
-246.0,-1436.0,8.0,9.99127451578776
-245.75,-1436.0,8.0,9.98295823733012
-245.5,-1436.0,8.0,9.97464195887248
-245.25,-1436.0,8.0,9.96632568041484
-245.0,-1436.0,8.0,9.9580094019572
-244.75,-1436.0,8.0,9.94969312349955
-244.5,-1436.0,8.0,9.94137684504191
-244.25,-1436.0,8.0,9.93306056658427
-244.0,-1436.0,8.0,9.92474428812663
-243.75,-1436.0,8.0,9.91642800966899
-243.5,-1436.0,8.0,9.90811173121134
-243.25,-1436.0,8.0,9.8997954527537
-243.0,-1436.0,8.0,9.89147917429606
-242.75,-1436.0,8.0,9.88316289583842
-242.5,-1436.0,8.0,9.87484661738078
-242.25,-1436.0,8.0,9.86653033892314
-242.0,-1436.0,8.0,9.85821406046549
-241.75,-1436.0,8.0,9.84989778200785
-241.5,-1436.0,8.0,9.84158150355021
-241.25,-1436.0,8.0,9.83326522509257
-241.0,-1436.0,8.0,9.82494894663493
-240.75,-1436.0,8.0,9.81663266817729
-240.5,-1436.0,8.0,9.80831638971964
-240.25,-1436.0,8.0,9.800000111262
-240.0,-1436.0,8.0,9.79168383280436
-239.75,-1436.0,8.0,9.78068260351817
-239.5,-1436.0,8.0,9.76968137423197
-239.25,-1436.0,8.0,9.75868014494578
-239.0,-1436.0,8.0,9.74767891565959
-238.75,-1436.0,8.0,9.73667768637339
-238.5,-1436.0,8.0,9.7256764570872
-238.25,-1436.0,8.0,9.714675227801
-238.0,-1436.0,8.0,9.70367399851481
-237.75,-1436.0,8.0,9.69267276922862
-237.5,-1436.0,8.0,9.68167153994242
-237.25,-1436.0,8.0,9.67067031065623
-237.0,-1436.0,8.0,9.65966908137004
-236.75,-1436.0,8.0,9.6449906428655
-236.5,-1436.0,8.0,9.63031220436096
-236.25,-1436.0,8.0,9.61563376585643
-236.0,-1436.0,8.0,9.60095532735189
-235.75,-1436.0,8.0,9.58627688884735
-235.5,-1436.0,8.0,9.57159845034282
-235.25,-1436.0,8.0,9.55692001183828
-235.0,-1436.0,8.0,9.54224157333374
-234.75,-1436.0,8.0,9.5275631348292
-234.5,-1436.0,8.0,9.51288469632467
-234.25,-1436.0,8.0,9.49820625782013
-234.0,-1436.0,8.0,9.48352781931559
-233.75,-1436.0,8.0,9.41188610394796
-233.5,-1436.0,8.0,9.34024438858032
-233.25,-1436.0,8.0,9.26860267321269
-233.0,-1436.0,8.0,9.19696095784506
-232.75,-1436.0,8.0,9.12531924247741
-232.5,-1436.0,8.0,9.05367752710978
-232.25,-1436.0,8.0,8.98203581174215
-232.0,-1436.0,8.0,8.91039409637451
-231.75,-1436.0,8.0,8.83875238100688
-231.5,-1436.0,8.0,8.76711066563925
-231.25,-1436.0,8.0,8.6954689502716
-231.0,-1436.0,8.0,8.62382723490397
-230.75,-1436.0,8.0,8.548508310318
-230.5,-1436.0,8.0,8.47318938573201
-230.25,-1436.0,8.0,8.39787046114604
-230.0,-1436.0,8.0,8.32255153656006
-229.75,-1436.0,8.0,8.24723261197408
-229.5,-1436.0,8.0,8.1719136873881
-229.25,-1436.0,8.0,8.09659476280213
-229.0,-1436.0,8.0,8.02127583821614
-228.75,-1436.0,8.0,7.94595691363017
-228.5,-1436.0,8.0,7.87063798904419
-228.25,-1436.0,8.0,7.79531906445821
-228.0,-1436.0,8.0,-inf
-227.75,-1436.0,0.0,2.300000111262
-227.5,-1436.0,0.0,2.300000111262
-227.25,-1436.0,0.0,2.300000111262
-227.0,-1436.0,0.0,2.300000111262
-226.75,-1436.0,0.0,2.300000111262
-226.5,-1436.0,0.0,2.300000111262
-226.25,-1436.0,0.0,2.300000111262
-226.0,-1436.0,0.0,2.300000111262
-225.75,-1436.0,0.0,2.300000111262
-225.5,-1436.0,0.0,2.300000111262
-225.25,-1436.0,0.0,2.300000111262
-225.0,-1436.0,0.0,2.300000111262
-224.75,-1436.0,0.0,2.25000010596381
-224.5,-1436.0,0.0,2.20000010066562
-224.25,-1436.0,0.0,2.15000009536743
-224.0,-1436.0,0.0,2.10000009006924
-223.75,-1436.0,0.0,2.05000008477105
-223.5,-1436.0,0.0,2.00000007947286
-223.25,-1436.0,0.0,1.95000007417467
-223.0,-1436.0,0.0,1.90000006887647
-222.75,-1436.0,0.0,1.85000006357829
-222.5,-1436.0,0.0,1.8000000582801
-222.25,-1436.0,0.0,1.7500000529819
-222.0,-1436.0,0.0,1.70000004768372
-252.0,-1435.0,8.0,10.1975723902384
-251.75,-1435.0,8.0,10.1870938009686
-251.5,-1435.0,8.0,10.1766152116987
-251.25,-1435.0,8.0,10.1661366224289
-251.0,-1435.0,8.0,10.155658033159
-250.75,-1435.0,8.0,10.1451794438892
-250.5,-1435.0,8.0,10.1347008546193
-250.25,-1435.0,8.0,10.1242222653495
-250.0,-1435.0,8.0,10.1137436760796
-249.75,-1435.0,8.0,10.1032650868098
-249.5,-1435.0,8.0,10.0927864975399
-249.25,-1435.0,8.0,10.0823079082701
-249.0,-1435.0,8.0,10.0718293190002
-248.75,-1435.0,8.0,10.0613507297304
-248.5,-1435.0,8.0,10.0508721404605
-248.25,-1435.0,8.0,10.0403935511907
-248.0,-1435.0,8.0,10.0299149619208
-247.75,-1435.0,8.0,10.019436372651
-247.5,-1435.0,8.0,10.0089577833811
-247.25,-1435.0,8.0,9.9984791941113
-247.0,-1435.0,8.0,9.98800060484144
-246.75,-1435.0,8.0,9.97752201557159
-246.5,-1435.0,8.0,9.96704342630174
-246.25,-1435.0,8.0,9.95656483703189
-246.0,-1435.0,8.0,9.94608624776204
-245.75,-1435.0,8.0,9.93910199403763
-245.5,-1435.0,8.0,9.93211774031321
-245.25,-1435.0,8.0,9.92513348658879
-245.0,-1435.0,8.0,9.91814923286438
-244.75,-1435.0,8.0,9.91116497913996
-244.5,-1435.0,8.0,9.90418072541555
-244.25,-1435.0,8.0,9.89719647169113
-244.0,-1435.0,8.0,9.89021221796672
-243.75,-1435.0,8.0,9.8832279642423
-243.5,-1435.0,8.0,9.87624371051788
-243.25,-1435.0,8.0,9.86925945679347
-243.0,-1435.0,8.0,9.86227520306905
-242.75,-1435.0,8.0,9.85529094934464
-242.5,-1435.0,8.0,9.84830669562022
-242.25,-1435.0,8.0,9.8413224418958
-242.0,-1435.0,8.0,9.83433818817139
-241.75,-1435.0,8.0,9.82735393444697
-241.5,-1435.0,8.0,9.82036968072255
-241.25,-1435.0,8.0,9.81338542699814
-241.0,-1435.0,8.0,9.80640117327372
-240.75,-1435.0,8.0,9.79941691954931
-240.5,-1435.0,8.0,9.79243266582489
-240.25,-1435.0,8.0,9.78544841210048
-240.0,-1435.0,8.0,9.77846415837606
-239.75,-1435.0,8.0,9.76982839902242
-239.5,-1435.0,8.0,9.76119263966878
-239.25,-1435.0,8.0,9.75255688031514
-239.0,-1435.0,8.0,9.74392112096151
-238.75,-1435.0,8.0,9.73528536160787
-238.5,-1435.0,8.0,9.72664960225423
-238.25,-1435.0,8.0,9.71801384290059
-238.0,-1435.0,8.0,9.70937808354696
-237.75,-1435.0,8.0,9.70074232419332
-237.5,-1435.0,8.0,9.69210656483968
-237.25,-1435.0,8.0,9.68347080548604
-237.0,-1435.0,8.0,9.67483504613241
-236.75,-1435.0,8.0,9.65884486834208
-236.5,-1435.0,8.0,9.64285469055176
-236.25,-1435.0,8.0,9.62686451276143
-236.0,-1435.0,8.0,9.61087433497111
-235.75,-1435.0,8.0,9.59488415718079
-235.5,-1435.0,8.0,9.57889397939046
-235.25,-1435.0,8.0,9.56290380160014
-235.0,-1435.0,8.0,9.54691362380981
-234.75,-1435.0,8.0,9.53092344601949
-234.5,-1435.0,8.0,9.51493326822917
-234.25,-1435.0,8.0,9.49894309043884
-234.0,-1435.0,8.0,9.48295291264852
-233.75,-1435.0,8.0,9.40963208675385
-233.5,-1435.0,8.0,9.33631126085917
-233.25,-1435.0,8.0,9.2629904349645
-233.0,-1435.0,8.0,9.18966960906983
-232.75,-1435.0,8.0,9.11634878317515
-232.5,-1435.0,8.0,9.04302795728048
-232.25,-1435.0,8.0,8.96970713138581
-232.0,-1435.0,8.0,8.89638630549113
-231.75,-1435.0,8.0,8.82306547959646
-231.5,-1435.0,8.0,8.74974465370179
-231.25,-1435.0,8.0,8.6764238278071
-231.0,-1435.0,8.0,8.60310300191244
-230.75,-1435.0,8.0,8.52242775758108
-230.5,-1435.0,8.0,8.44175251324971
-230.25,-1435.0,8.0,8.36107726891836
-230.0,-1435.0,8.0,8.280402024587
-229.75,-1435.0,8.0,8.19972678025563
-229.5,-1435.0,8.0,8.11905153592428
-229.25,-1435.0,8.0,8.03837629159292
-229.0,-1435.0,8.0,7.95770104726155
-228.75,-1435.0,8.0,7.8770258029302
-228.5,-1435.0,8.0,7.79635055859884
-228.25,-1435.0,8.0,7.71567531426747
-228.0,-1435.0,8.0,-inf
-227.75,-1435.0,0.0,2.00000007947286
-227.5,-1435.0,0.0,2.00000007947286
-227.25,-1435.0,0.0,2.00000007947286
-227.0,-1435.0,0.0,2.00000007947286
-226.75,-1435.0,0.0,2.00000007947286
-226.5,-1435.0,0.0,2.00000007947286
-226.25,-1435.0,0.0,2.00000007947286
-226.0,-1435.0,0.0,2.00000007947286
-225.75,-1435.0,0.0,2.00000007947286
-225.5,-1435.0,0.0,2.00000007947286
-225.25,-1435.0,0.0,2.00000007947286
-225.0,-1435.0,0.0,2.00000007947286
-224.75,-1435.0,0.0,1.97500007682377
-224.5,-1435.0,0.0,1.95000007417467
-224.25,-1435.0,0.0,1.92500007152558
-224.0,-1435.0,0.0,1.90000006887648
-223.75,-1435.0,0.0,1.87500006622738
-223.5,-1435.0,0.0,1.85000006357829
-223.25,-1435.0,0.0,1.82500006092919
-223.0,-1435.0,0.0,1.8000000582801
-222.75,-1435.0,0.0,1.775000055631
-222.5,-1435.0,0.0,1.75000005298191
-222.25,-1435.0,0.0,1.72500005033281
-222.0,-1435.0,0.0,1.70000004768372
-252.0,-1434.0,8.0,10.1206960678101
-251.75,-1434.0,8.0,10.1115378141403
-251.5,-1434.0,8.0,10.1023795604706
-251.25,-1434.0,8.0,10.0932213068008
-251.0,-1434.0,8.0,10.0840630531311
-250.75,-1434.0,8.0,10.0749047994614
-250.5,-1434.0,8.0,10.0657465457916
-250.25,-1434.0,8.0,10.0565882921219
-250.0,-1434.0,8.0,10.0474300384521
-249.75,-1434.0,8.0,10.0382717847824
-249.5,-1434.0,8.0,10.0291135311127
-249.25,-1434.0,8.0,10.0199552774429
-249.0,-1434.0,8.0,10.0107970237732
-248.75,-1434.0,8.0,10.0016387701035
-248.5,-1434.0,8.0,9.99248051643372
-248.25,-1434.0,8.0,9.98332226276398
-248.0,-1434.0,8.0,9.97416400909424
-247.75,-1434.0,8.0,9.9650057554245
-247.5,-1434.0,8.0,9.95584750175476
-247.25,-1434.0,8.0,9.94668924808502
-247.0,-1434.0,8.0,9.93753099441528
-246.75,-1434.0,8.0,9.92837274074554
-246.5,-1434.0,8.0,9.91921448707581
-246.25,-1434.0,8.0,9.91005623340607
-246.0,-1434.0,8.0,9.90089797973633
-245.75,-1434.0,8.0,9.89524575074514
-245.5,-1434.0,8.0,9.88959352175395
-245.25,-1434.0,8.0,9.88394129276276
-245.0,-1434.0,8.0,9.87828906377157
-244.75,-1434.0,8.0,9.87263683478038
-244.5,-1434.0,8.0,9.86698460578918
-244.25,-1434.0,8.0,9.86133237679799
-244.0,-1434.0,8.0,9.8556801478068
-243.75,-1434.0,8.0,9.85002791881561
-243.5,-1434.0,8.0,9.84437568982442
-243.25,-1434.0,8.0,9.83872346083323
-243.0,-1434.0,8.0,9.83307123184204
-242.75,-1434.0,8.0,9.82741900285085
-242.5,-1434.0,8.0,9.82176677385966
-242.25,-1434.0,8.0,9.81611454486847
-242.0,-1434.0,8.0,9.81046231587728
-241.75,-1434.0,8.0,9.80481008688609
-241.5,-1434.0,8.0,9.7991578578949
-241.25,-1434.0,8.0,9.79350562890371
-241.0,-1434.0,8.0,9.78785339991252
-240.75,-1434.0,8.0,9.78220117092133
-240.5,-1434.0,8.0,9.77654894193014
-240.25,-1434.0,8.0,9.77089671293894
-240.0,-1434.0,8.0,9.76524448394775
-239.75,-1434.0,8.0,9.75897419452667
-239.5,-1434.0,8.0,9.75270390510559
-239.25,-1434.0,8.0,9.74643361568451
-239.0,-1434.0,8.0,9.74016332626343
-238.75,-1434.0,8.0,9.73389303684235
-238.5,-1434.0,8.0,9.72762274742126
-238.25,-1434.0,8.0,9.72135245800018
-238.0,-1434.0,8.0,9.7150821685791
-237.75,-1434.0,8.0,9.70881187915802
-237.5,-1434.0,8.0,9.70254158973694
-237.25,-1434.0,8.0,9.69627130031586
-237.0,-1434.0,8.0,9.69000101089478
-236.75,-1434.0,8.0,9.67269909381866
-236.5,-1434.0,8.0,9.65539717674256
-236.25,-1434.0,8.0,9.63809525966644
-236.0,-1434.0,8.0,9.62079334259033
-235.75,-1434.0,8.0,9.60349142551422
-235.5,-1434.0,8.0,9.58618950843811
-235.25,-1434.0,8.0,9.568887591362
-235.0,-1434.0,8.0,9.55158567428589
-234.75,-1434.0,8.0,9.53428375720978
-234.5,-1434.0,8.0,9.51698184013367
-234.25,-1434.0,8.0,9.49967992305756
-234.0,-1434.0,8.0,9.48237800598145
-233.75,-1434.0,8.0,9.40737806955974
-233.5,-1434.0,8.0,9.33237813313802
-233.25,-1434.0,8.0,9.25737819671631
-233.0,-1434.0,8.0,9.1823782602946
-232.75,-1434.0,8.0,9.10737832387288
-232.5,-1434.0,8.0,9.03237838745117
-232.25,-1434.0,8.0,8.95737845102946
-232.0,-1434.0,8.0,8.88237851460774
-231.75,-1434.0,8.0,8.80737857818604
-231.5,-1434.0,8.0,8.73237864176433
-231.25,-1434.0,8.0,8.65737870534261
-231.0,-1434.0,8.0,8.5823787689209
-230.75,-1434.0,8.0,8.49634720484416
-230.5,-1434.0,8.0,8.41031564076741
-230.25,-1434.0,8.0,8.32428407669067
-230.0,-1434.0,8.0,8.23825251261394
-229.75,-1434.0,8.0,8.15222094853719
-229.5,-1434.0,8.0,8.06618938446045
-229.25,-1434.0,8.0,7.98015782038371
-229.0,-1434.0,8.0,7.89412625630696
-228.75,-1434.0,8.0,7.80809469223023
-228.5,-1434.0,8.0,7.72206312815349
-228.25,-1434.0,8.0,7.63603156407674
-228.0,-1434.0,8.0,-inf
-227.75,-1434.0,0.0,1.70000004768372
-227.5,-1434.0,0.0,1.70000004768372
-227.25,-1434.0,0.0,1.70000004768372
-227.0,-1434.0,0.0,1.70000004768372
-226.75,-1434.0,0.0,1.70000004768372
-226.5,-1434.0,0.0,1.70000004768372
-226.25,-1434.0,0.0,1.70000004768372
-226.0,-1434.0,0.0,1.70000004768372
-225.75,-1434.0,0.0,1.70000004768372
-225.5,-1434.0,0.0,1.70000004768372
-225.25,-1434.0,0.0,1.70000004768372
-225.0,-1434.0,0.0,1.70000004768372
-224.75,-1434.0,0.0,1.70000004768372
-224.5,-1434.0,0.0,1.70000004768372
-224.25,-1434.0,0.0,1.70000004768372
-224.0,-1434.0,0.0,1.70000004768372
-223.75,-1434.0,0.0,1.70000004768372
-223.5,-1434.0,0.0,1.70000004768372
-223.25,-1434.0,0.0,1.70000004768372
-223.0,-1434.0,0.0,1.70000004768372
-222.75,-1434.0,0.0,1.70000004768372
-222.5,-1434.0,0.0,1.70000004768372
-222.25,-1434.0,0.0,1.70000004768372
-222.0,-1434.0,0.0,1.70000004768372
-252.0,-1433.0,8.0,10.0821007092794
-251.75,-1433.0,8.0,10.0737627413538
-251.5,-1433.0,8.0,10.0654247734282
-251.25,-1433.0,8.0,10.0570868055026
-251.0,-1433.0,8.0,10.048748837577
-250.75,-1433.0,8.0,10.0404108696514
-250.5,-1433.0,8.0,10.0320729017258
-250.25,-1433.0,8.0,10.0237349338002
-250.0,-1433.0,8.0,10.0153969658746
-249.75,-1433.0,8.0,10.007058997949
-249.5,-1433.0,8.0,9.99872103002336
-249.25,-1433.0,8.0,9.99038306209776
-249.0,-1433.0,8.0,9.98204509417216
-248.75,-1433.0,8.0,9.97370712624656
-248.5,-1433.0,8.0,9.96536915832096
-248.25,-1433.0,8.0,9.95703119039535
-248.0,-1433.0,8.0,9.94869322246976
-247.75,-1433.0,8.0,9.94035525454415
-247.5,-1433.0,8.0,9.93201728661855
-247.25,-1433.0,8.0,9.92367931869295
-247.0,-1433.0,8.0,9.91534135076735
-246.75,-1433.0,8.0,9.90700338284175
-246.5,-1433.0,8.0,9.89866541491614
-246.25,-1433.0,8.0,9.89032744699054
-246.0,-1433.0,8.0,9.88198947906494
-245.75,-1433.0,8.0,9.87692685921987
-245.5,-1433.0,8.0,9.8718642393748
-245.25,-1433.0,8.0,9.86680161952972
-245.0,-1433.0,8.0,9.86173899968465
-244.75,-1433.0,8.0,9.85667637983958
-244.5,-1433.0,8.0,9.85161375999451
-244.25,-1433.0,8.0,9.84655114014943
-244.0,-1433.0,8.0,9.84148852030436
-243.75,-1433.0,8.0,9.83642590045929
-243.5,-1433.0,8.0,9.83136328061422
-243.25,-1433.0,8.0,9.82630066076915
-243.0,-1433.0,8.0,9.82123804092407
-242.75,-1433.0,8.0,9.816175421079
-242.5,-1433.0,8.0,9.81111280123393
-242.25,-1433.0,8.0,9.80605018138885
-242.0,-1433.0,8.0,9.80098756154378
-241.75,-1433.0,8.0,9.79592494169871
-241.5,-1433.0,8.0,9.79086232185364
-241.25,-1433.0,8.0,9.78579970200857
-241.0,-1433.0,8.0,9.78073708216349
-240.75,-1433.0,8.0,9.77567446231842
-240.5,-1433.0,8.0,9.77061184247335
-240.25,-1433.0,8.0,9.76554922262828
-240.0,-1433.0,8.0,9.7604866027832
-239.75,-1433.0,8.0,9.75495503346125
-239.5,-1433.0,8.0,9.7494234641393
-239.25,-1433.0,8.0,9.74389189481735
-239.0,-1433.0,8.0,9.7383603254954
-238.75,-1433.0,8.0,9.73282875617345
-238.5,-1433.0,8.0,9.7272971868515
-238.25,-1433.0,8.0,9.72176561752955
-238.0,-1433.0,8.0,9.7162340482076
-237.75,-1433.0,8.0,9.71070247888565
-237.5,-1433.0,8.0,9.7051709095637
-237.25,-1433.0,8.0,9.69963934024175
-237.0,-1433.0,8.0,9.6941077709198
-236.75,-1433.0,8.0,9.67700411876043
-236.5,-1433.0,8.0,9.65990046660106
-236.25,-1433.0,8.0,9.64279681444168
-236.0,-1433.0,8.0,9.62569316228231
-235.75,-1433.0,8.0,9.60858951012294
-235.5,-1433.0,8.0,9.59148585796356
-235.25,-1433.0,8.0,9.57438220580419
-235.0,-1433.0,8.0,9.55727855364482
-234.75,-1433.0,8.0,9.54017490148544
-234.5,-1433.0,8.0,9.52307124932607
-234.25,-1433.0,8.0,9.5059675971667
-234.0,-1433.0,8.0,9.48886394500732
-233.75,-1433.0,8.0,9.4138639887174
-233.5,-1433.0,8.0,9.33886403242747
-233.25,-1433.0,8.0,9.26386407613754
-233.0,-1433.0,8.0,9.18886411984762
-232.75,-1433.0,8.0,9.11386416355768
-232.5,-1433.0,8.0,9.03886420726776
-232.25,-1433.0,8.0,8.96386425097784
-232.0,-1433.0,8.0,8.8888642946879
-231.75,-1433.0,8.0,8.81386433839798
-231.5,-1433.0,8.0,8.73886438210806
-231.25,-1433.0,8.0,8.66386442581812
-231.0,-1433.0,8.0,8.5888644695282
-230.75,-1433.0,8.0,8.50229243040085
-230.5,-1433.0,8.0,8.41572039127349
-230.25,-1433.0,8.0,8.32914835214615
-230.0,-1433.0,8.0,8.2425763130188
-229.75,-1433.0,8.0,8.15600427389144
-229.5,-1433.0,8.0,8.0694322347641
-229.25,-1433.0,8.0,7.98286019563675
-229.0,-1433.0,8.0,7.8962881565094
-228.75,-1433.0,8.0,7.80971611738205
-228.5,-1433.0,8.0,7.72314407825471
-228.25,-1433.0,8.0,7.63657203912735
-228.0,-1433.0,8.0,-inf
-227.75,-1433.0,0.0,1.70000004768372
-227.5,-1433.0,0.0,1.70000004768372
-227.25,-1433.0,0.0,1.70000004768372
-227.0,-1433.0,0.0,1.70000004768372
-226.75,-1433.0,0.0,1.70000004768372
-226.5,-1433.0,0.0,1.70000004768372
-226.25,-1433.0,0.0,1.70000004768372
-226.0,-1433.0,0.0,1.70000004768372
-225.75,-1433.0,0.0,1.70000004768372
-225.5,-1433.0,0.0,1.70000004768372
-225.25,-1433.0,0.0,1.70000004768372
-225.0,-1433.0,0.0,1.70000004768372
-224.75,-1433.0,0.0,1.70000004768372
-224.5,-1433.0,0.0,1.70000004768372
-224.25,-1433.0,0.0,1.70000004768372
-224.0,-1433.0,0.0,1.70000004768372
-223.75,-1433.0,0.0,1.70000004768372
-223.5,-1433.0,0.0,1.70000004768372
-223.25,-1433.0,0.0,1.70000004768372
-223.0,-1433.0,0.0,1.70000004768372
-222.75,-1433.0,0.0,1.70000004768372
-222.5,-1433.0,0.0,1.70000004768372
-222.25,-1433.0,0.0,1.70000004768372
-222.0,-1433.0,0.0,1.70000004768372
-252.0,-1432.0,8.0,10.0435053507487
-251.75,-1432.0,8.0,10.0359876685672
-251.5,-1432.0,8.0,10.0284699863858
-251.25,-1432.0,8.0,10.0209523042043
-251.0,-1432.0,8.0,10.0134346220228
-250.75,-1432.0,8.0,10.0059169398414
-250.5,-1432.0,8.0,9.99839925765991
-250.25,-1432.0,8.0,9.99088157547845
-250.0,-1432.0,8.0,9.98336389329698
-249.75,-1432.0,8.0,9.97584621111552
-249.5,-1432.0,8.0,9.96832852893405
-249.25,-1432.0,8.0,9.96081084675259
-249.0,-1432.0,8.0,9.95329316457113
-248.75,-1432.0,8.0,9.94577548238966
-248.5,-1432.0,8.0,9.9382578002082
-248.25,-1432.0,8.0,9.93074011802673
-248.0,-1432.0,8.0,9.92322243584527
-247.75,-1432.0,8.0,9.9157047536638
-247.5,-1432.0,8.0,9.90818707148234
-247.25,-1432.0,8.0,9.90066938930087
-247.0,-1432.0,8.0,9.89315170711941
-246.75,-1432.0,8.0,9.88563402493795
-246.5,-1432.0,8.0,9.87811634275648
-246.25,-1432.0,8.0,9.87059866057502
-246.0,-1432.0,8.0,9.86308097839355
-245.75,-1432.0,8.0,9.8586079676946
-245.5,-1432.0,8.0,9.85413495699565
-245.25,-1432.0,8.0,9.84966194629669
-245.0,-1432.0,8.0,9.84518893559774
-244.75,-1432.0,8.0,9.84071592489878
-244.5,-1432.0,8.0,9.83624291419983
-244.25,-1432.0,8.0,9.83176990350088
-244.0,-1432.0,8.0,9.82729689280192
-243.75,-1432.0,8.0,9.82282388210297
-243.5,-1432.0,8.0,9.81835087140401
-243.25,-1432.0,8.0,9.81387786070506
-243.0,-1432.0,8.0,9.8094048500061
-242.75,-1432.0,8.0,9.80493183930715
-242.5,-1432.0,8.0,9.80045882860819
-242.25,-1432.0,8.0,9.79598581790924
-242.0,-1432.0,8.0,9.79151280721029
-241.75,-1432.0,8.0,9.78703979651133
-241.5,-1432.0,8.0,9.78256678581238
-241.25,-1432.0,8.0,9.77809377511342
-241.0,-1432.0,8.0,9.77362076441447
-240.75,-1432.0,8.0,9.76914775371552
-240.5,-1432.0,8.0,9.76467474301656
-240.25,-1432.0,8.0,9.76020173231761
-240.0,-1432.0,8.0,9.75572872161865
-239.75,-1432.0,8.0,9.75093587239583
-239.5,-1432.0,8.0,9.74614302317301
-239.25,-1432.0,8.0,9.7413501739502
-239.0,-1432.0,8.0,9.73655732472738
-238.75,-1432.0,8.0,9.73176447550456
-238.5,-1432.0,8.0,9.72697162628174
-238.25,-1432.0,8.0,9.72217877705892
-238.0,-1432.0,8.0,9.7173859278361
-237.75,-1432.0,8.0,9.71259307861328
-237.5,-1432.0,8.0,9.70780022939046
-237.25,-1432.0,8.0,9.70300738016764
-237.0,-1432.0,8.0,9.69821453094482
-236.75,-1432.0,8.0,9.68130914370219
-236.5,-1432.0,8.0,9.66440375645955
-236.25,-1432.0,8.0,9.64749836921692
-236.0,-1432.0,8.0,9.63059298197428
-235.75,-1432.0,8.0,9.61368759473165
-235.5,-1432.0,8.0,9.59678220748901
-235.25,-1432.0,8.0,9.57987682024638
-235.0,-1432.0,8.0,9.56297143300374
-234.75,-1432.0,8.0,9.54606604576111
-234.5,-1432.0,8.0,9.52916065851847
-234.25,-1432.0,8.0,9.51225527127584
-234.0,-1432.0,8.0,9.4953498840332
-233.75,-1432.0,8.0,9.42034990787506
-233.5,-1432.0,8.0,9.34534993171692
-233.25,-1432.0,8.0,9.27034995555878
-233.0,-1432.0,8.0,9.19534997940064
-232.75,-1432.0,8.0,9.12035000324249
-232.5,-1432.0,8.0,9.04535002708435
-232.25,-1432.0,8.0,8.97035005092621
-232.0,-1432.0,8.0,8.89535007476806
-231.75,-1432.0,8.0,8.82035009860993
-231.5,-1432.0,8.0,8.74535012245179
-231.25,-1432.0,8.0,8.67035014629364
-231.0,-1432.0,8.0,8.5953501701355
-230.75,-1432.0,8.0,8.50823765595755
-230.5,-1432.0,8.0,8.42112514177958
-230.25,-1432.0,8.0,8.33401262760162
-230.0,-1432.0,8.0,8.24690011342367
-229.75,-1432.0,8.0,8.1597875992457
-229.5,-1432.0,8.0,8.07267508506775
-229.25,-1432.0,8.0,7.9855625708898
-229.0,-1432.0,8.0,7.89845005671183
-228.75,-1432.0,8.0,7.81133754253388
-228.5,-1432.0,8.0,7.72422502835592
-228.25,-1432.0,8.0,7.63711251417795
-228.0,-1432.0,8.0,-inf
-227.75,-1432.0,0.0,1.70000004768372
-227.5,-1432.0,0.0,1.70000004768372
-227.25,-1432.0,0.0,1.70000004768372
-227.0,-1432.0,0.0,1.70000004768372
-226.75,-1432.0,0.0,1.70000004768372
-226.5,-1432.0,0.0,1.70000004768372
-226.25,-1432.0,0.0,1.70000004768372
-226.0,-1432.0,0.0,1.70000004768372
-225.75,-1432.0,0.0,1.70000004768372
-225.5,-1432.0,0.0,1.70000004768372
-225.25,-1432.0,0.0,1.70000004768372
-225.0,-1432.0,0.0,1.70000004768372
-224.75,-1432.0,0.0,1.70000004768372
-224.5,-1432.0,0.0,1.70000004768372
-224.25,-1432.0,0.0,1.70000004768372
-224.0,-1432.0,0.0,1.70000004768372
-223.75,-1432.0,0.0,1.70000004768372
-223.5,-1432.0,0.0,1.70000004768372
-223.25,-1432.0,0.0,1.70000004768372
-223.0,-1432.0,0.0,1.70000004768372
-222.75,-1432.0,0.0,1.70000004768372
-222.5,-1432.0,0.0,1.70000004768372
-222.25,-1432.0,0.0,1.70000004768372
-222.0,-1432.0,0.0,1.70000004768372
-252.0,-1431.0,8.0,10.004909992218
-251.75,-1431.0,8.0,9.99821259578069
-251.5,-1431.0,8.0,9.99151519934336
-251.25,-1431.0,8.0,9.98481780290604
-251.0,-1431.0,8.0,9.97812040646871
-250.75,-1431.0,8.0,9.97142301003138
-250.5,-1431.0,8.0,9.96472561359406
-250.25,-1431.0,8.0,9.95802821715673
-250.0,-1431.0,8.0,9.9513308207194
-249.75,-1431.0,8.0,9.94463342428207
-249.5,-1431.0,8.0,9.93793602784475
-249.25,-1431.0,8.0,9.93123863140742
-249.0,-1431.0,8.0,9.92454123497009
-248.75,-1431.0,8.0,9.91784383853276
-248.5,-1431.0,8.0,9.91114644209544
-248.25,-1431.0,8.0,9.90444904565811
-248.0,-1431.0,8.0,9.89775164922078
-247.75,-1431.0,8.0,9.89105425278346
-247.5,-1431.0,8.0,9.88435685634613
-247.25,-1431.0,8.0,9.8776594599088
-247.0,-1431.0,8.0,9.87096206347148
-246.75,-1431.0,8.0,9.86426466703415
-246.5,-1431.0,8.0,9.85756727059682
-246.25,-1431.0,8.0,9.8508698741595
-246.0,-1431.0,8.0,9.84417247772217
-245.75,-1431.0,8.0,9.84028907616933
-245.5,-1431.0,8.0,9.8364056746165
-245.25,-1431.0,8.0,9.83252227306366
-245.0,-1431.0,8.0,9.82863887151082
-244.75,-1431.0,8.0,9.82475546995799
-244.5,-1431.0,8.0,9.82087206840515
-244.25,-1431.0,8.0,9.81698866685231
-244.0,-1431.0,8.0,9.81310526529948
-243.75,-1431.0,8.0,9.80922186374664
-243.5,-1431.0,8.0,9.80533846219381
-243.25,-1431.0,8.0,9.80145506064097
-243.0,-1431.0,8.0,9.79757165908813
-242.75,-1431.0,8.0,9.7936882575353
-242.5,-1431.0,8.0,9.78980485598246
-242.25,-1431.0,8.0,9.78592145442963
-242.0,-1431.0,8.0,9.78203805287679
-241.75,-1431.0,8.0,9.77815465132395
-241.5,-1431.0,8.0,9.77427124977112
-241.25,-1431.0,8.0,9.77038784821828
-241.0,-1431.0,8.0,9.76650444666545
-240.75,-1431.0,8.0,9.76262104511261
-240.5,-1431.0,8.0,9.75873764355977
-240.25,-1431.0,8.0,9.75485424200694
-240.0,-1431.0,8.0,9.7509708404541
-239.75,-1431.0,8.0,9.74691671133041
-239.5,-1431.0,8.0,9.74286258220673
-239.25,-1431.0,8.0,9.73880845308304
-239.0,-1431.0,8.0,9.73475432395935
-238.75,-1431.0,8.0,9.73070019483566
-238.5,-1431.0,8.0,9.72664606571198
-238.25,-1431.0,8.0,9.72259193658829
-238.0,-1431.0,8.0,9.7185378074646
-237.75,-1431.0,8.0,9.71448367834091
-237.5,-1431.0,8.0,9.71042954921722
-237.25,-1431.0,8.0,9.70637542009354
-237.0,-1431.0,8.0,9.70232129096985
-236.75,-1431.0,8.0,9.68561416864395
-236.5,-1431.0,8.0,9.66890704631806
-236.25,-1431.0,8.0,9.65219992399216
-236.0,-1431.0,8.0,9.63549280166626
-235.75,-1431.0,8.0,9.61878567934036
-235.5,-1431.0,8.0,9.60207855701447
-235.25,-1431.0,8.0,9.58537143468857
-235.0,-1431.0,8.0,9.56866431236267
-234.75,-1431.0,8.0,9.55195719003677
-234.5,-1431.0,8.0,9.53525006771088
-234.25,-1431.0,8.0,9.51854294538498
-234.0,-1431.0,8.0,9.50183582305908
-233.75,-1431.0,8.0,9.42683582703273
-233.5,-1431.0,8.0,9.35183583100636
-233.25,-1431.0,8.0,9.27683583498001
-233.0,-1431.0,8.0,9.20183583895366
-232.75,-1431.0,8.0,9.12683584292729
-232.5,-1431.0,8.0,9.05183584690094
-232.25,-1431.0,8.0,8.97683585087459
-232.0,-1431.0,8.0,8.90183585484822
-231.75,-1431.0,8.0,8.82683585882187
-231.5,-1431.0,8.0,8.75183586279552
-231.25,-1431.0,8.0,8.67683586676915
-231.0,-1431.0,8.0,8.6018358707428
-230.75,-1431.0,8.0,8.51418288151424
-230.5,-1431.0,8.0,8.42652989228566
-230.25,-1431.0,8.0,8.3388769030571
-230.0,-1431.0,8.0,8.25122391382854
-229.75,-1431.0,8.0,8.16357092459996
-229.5,-1431.0,8.0,8.0759179353714
-229.25,-1431.0,8.0,7.98826494614284
-229.0,-1431.0,8.0,7.90061195691426
-228.75,-1431.0,8.0,7.8129589676857
-228.5,-1431.0,8.0,7.72530597845714
-228.25,-1431.0,8.0,7.63765298922856
-228.0,-1431.0,8.0,-inf
-227.75,-1431.0,0.0,1.70000004768372
-227.5,-1431.0,0.0,1.70000004768372
-227.25,-1431.0,0.0,1.70000004768372
-227.0,-1431.0,0.0,1.70000004768372
-226.75,-1431.0,0.0,1.70000004768372
-226.5,-1431.0,0.0,1.70000004768372
-226.25,-1431.0,0.0,1.70000004768372
-226.0,-1431.0,0.0,1.70000004768372
-225.75,-1431.0,0.0,1.70000004768372
-225.5,-1431.0,0.0,1.70000004768372
-225.25,-1431.0,0.0,1.70000004768372
-225.0,-1431.0,0.0,1.70000004768372
-224.75,-1431.0,0.0,1.70000004768372
-224.5,-1431.0,0.0,1.70000004768372
-224.25,-1431.0,0.0,1.70000004768372
-224.0,-1431.0,0.0,1.70000004768372
-223.75,-1431.0,0.0,1.70000004768372
-223.5,-1431.0,0.0,1.70000004768372
-223.25,-1431.0,0.0,1.70000004768372
-223.0,-1431.0,0.0,1.70000004768372
-222.75,-1431.0,0.0,1.70000004768372
-222.5,-1431.0,0.0,1.70000004768372
-222.25,-1431.0,0.0,1.70000004768372
-222.0,-1431.0,0.0,1.70000004768372
-252.0,-1430.0,8.0,9.96631463368734
-251.75,-1430.0,8.0,9.96043752299415
-251.5,-1430.0,8.0,9.95456041230096
-251.25,-1430.0,8.0,9.94868330160777
-251.0,-1430.0,8.0,9.94280619091458
-250.75,-1430.0,8.0,9.93692908022139
-250.5,-1430.0,8.0,9.9310519695282
-250.25,-1430.0,8.0,9.92517485883501
-250.0,-1430.0,8.0,9.91929774814182
-249.75,-1430.0,8.0,9.91342063744863
-249.5,-1430.0,8.0,9.90754352675544
-249.25,-1430.0,8.0,9.90166641606225
-249.0,-1430.0,8.0,9.89578930536906
-248.75,-1430.0,8.0,9.88991219467587
-248.5,-1430.0,8.0,9.88403508398268
-248.25,-1430.0,8.0,9.87815797328949
-248.0,-1430.0,8.0,9.8722808625963
-247.75,-1430.0,8.0,9.86640375190311
-247.5,-1430.0,8.0,9.86052664120992
-247.25,-1430.0,8.0,9.85464953051673
-247.0,-1430.0,8.0,9.84877241982354
-246.75,-1430.0,8.0,9.84289530913035
-246.5,-1430.0,8.0,9.83701819843716
-246.25,-1430.0,8.0,9.83114108774397
-246.0,-1430.0,8.0,9.82526397705078
-245.75,-1430.0,8.0,9.82197018464406
-245.5,-1430.0,8.0,9.81867639223734
-245.25,-1430.0,8.0,9.81538259983063
-245.0,-1430.0,8.0,9.81208880742391
-244.75,-1430.0,8.0,9.80879501501719
-244.5,-1430.0,8.0,9.80550122261047
-244.25,-1430.0,8.0,9.80220743020376
-244.0,-1430.0,8.0,9.79891363779704
-243.75,-1430.0,8.0,9.79561984539032
-243.5,-1430.0,8.0,9.7923260529836
-243.25,-1430.0,8.0,9.78903226057688
-243.0,-1430.0,8.0,9.78573846817017
-242.75,-1430.0,8.0,9.78244467576345
-242.5,-1430.0,8.0,9.77915088335673
-242.25,-1430.0,8.0,9.77585709095001
-242.0,-1430.0,8.0,9.77256329854329
-241.75,-1430.0,8.0,9.76926950613658
-241.5,-1430.0,8.0,9.76597571372986
-241.25,-1430.0,8.0,9.76268192132314
-241.0,-1430.0,8.0,9.75938812891642
-240.75,-1430.0,8.0,9.7560943365097
-240.5,-1430.0,8.0,9.75280054410299
-240.25,-1430.0,8.0,9.74950675169627
-240.0,-1430.0,8.0,9.74621295928955
-239.75,-1430.0,8.0,9.74289755026499
-239.5,-1430.0,8.0,9.73958214124044
-239.25,-1430.0,8.0,9.73626673221588
-239.0,-1430.0,8.0,9.73295132319133
-238.75,-1430.0,8.0,9.72963591416677
-238.5,-1430.0,8.0,9.72632050514221
-238.25,-1430.0,8.0,9.72300509611766
-238.0,-1430.0,8.0,9.7196896870931
-237.75,-1430.0,8.0,9.71637427806854
-237.5,-1430.0,8.0,9.71305886904399
-237.25,-1430.0,8.0,9.70974346001943
-237.0,-1430.0,8.0,9.70642805099487
-236.75,-1430.0,8.0,9.68991916709476
-236.5,-1430.0,8.0,9.67341028319465
-236.25,-1430.0,8.0,9.65690139929453
-236.0,-1430.0,8.0,9.64039251539442
-235.75,-1430.0,8.0,9.62388363149431
-235.5,-1430.0,8.0,9.6073747475942
-235.25,-1430.0,8.0,9.59086586369408
-235.0,-1430.0,8.0,9.57435697979397
-234.75,-1430.0,8.0,9.55784809589386
-234.5,-1430.0,8.0,9.54133921199375
-234.25,-1430.0,8.0,9.52483032809364
-234.0,-1430.0,8.0,9.50832144419352
-233.75,-1430.0,8.0,9.43332145478991
-233.5,-1430.0,8.0,9.35832146538628
-233.25,-1430.0,8.0,9.28332147598267
-233.0,-1430.0,8.0,9.20832148657905
-232.75,-1430.0,8.0,9.13332149717542
-232.5,-1430.0,8.0,9.05832150777181
-232.25,-1430.0,8.0,8.98332151836819
-232.0,-1430.0,8.0,8.90832152896457
-231.75,-1430.0,8.0,8.83332153956095
-231.5,-1430.0,8.0,8.75832155015734
-231.25,-1430.0,8.0,8.68332156075371
-231.0,-1430.0,8.0,8.6083215713501
-230.75,-1430.0,8.0,8.52012810707093
-230.5,-1430.0,8.0,8.43193464279174
-230.25,-1430.0,8.0,8.34374117851257
-230.0,-1430.0,8.0,8.2555477142334
-229.75,-1430.0,8.0,8.16735424995422
-229.5,-1430.0,8.0,8.07916078567505
-229.25,-1430.0,8.0,7.99096732139588
-229.0,-1430.0,8.0,7.90277385711669
-228.75,-1430.0,8.0,7.81458039283753
-228.5,-1430.0,8.0,7.72638692855836
-228.25,-1430.0,8.0,7.63819346427917
-228.0,-1430.0,8.0,-inf
-227.75,-1430.0,0.0,1.70000004768372
-227.5,-1430.0,0.0,1.70000004768372
-227.25,-1430.0,0.0,1.70000004768372
-227.0,-1430.0,0.0,1.70000004768372
-226.75,-1430.0,0.0,1.70000004768372
-226.5,-1430.0,0.0,1.70000004768372
-226.25,-1430.0,0.0,1.70000004768372
-226.0,-1430.0,0.0,1.70000004768372
-225.75,-1430.0,0.0,1.70000004768372
-225.5,-1430.0,0.0,1.70000004768372
-225.25,-1430.0,0.0,1.70000004768372
-225.0,-1430.0,0.0,1.70000004768372
-224.75,-1430.0,0.0,1.70000004768372
-224.5,-1430.0,0.0,1.70000004768372
-224.25,-1430.0,0.0,1.70000004768372
-224.0,-1430.0,0.0,1.70000004768372
-223.75,-1430.0,0.0,1.70000004768372
-223.5,-1430.0,0.0,1.70000004768372
-223.25,-1430.0,0.0,1.70000004768372
-223.0,-1430.0,0.0,1.70000004768372
-222.75,-1430.0,0.0,1.70000004768372
-222.5,-1430.0,0.0,1.70000004768372
-222.25,-1430.0,0.0,1.70000004768372
-222.0,-1430.0,0.0,1.70000004768372
-252.0,-1429.0,8.0,9.92771927515666
-251.75,-1429.0,8.0,9.9226624502076
-251.5,-1429.0,8.0,9.91760562525855
-251.25,-1429.0,8.0,9.9125488003095
-251.0,-1429.0,8.0,9.90749197536045
-250.75,-1429.0,8.0,9.90243515041139
-250.5,-1429.0,8.0,9.89737832546234
-250.25,-1429.0,8.0,9.89232150051329
-250.0,-1429.0,8.0,9.88726467556424
-249.75,-1429.0,8.0,9.88220785061518
-249.5,-1429.0,8.0,9.87715102566613
-249.25,-1429.0,8.0,9.87209420071708
-249.0,-1429.0,8.0,9.86703737576802
-248.75,-1429.0,8.0,9.86198055081897
-248.5,-1429.0,8.0,9.85692372586992
-248.25,-1429.0,8.0,9.85186690092087
-248.0,-1429.0,8.0,9.84681007597182
-247.75,-1429.0,8.0,9.84175325102276
-247.5,-1429.0,8.0,9.83669642607371
-247.25,-1429.0,8.0,9.83163960112466
-247.0,-1429.0,8.0,9.82658277617561
-246.75,-1429.0,8.0,9.82152595122655
-246.5,-1429.0,8.0,9.8164691262775
-246.25,-1429.0,8.0,9.81141230132845
-246.0,-1429.0,8.0,9.80635547637939
-245.75,-1429.0,8.0,9.8036512931188
-245.5,-1429.0,8.0,9.8009471098582
-245.25,-1429.0,8.0,9.7982429265976
-245.0,-1429.0,8.0,9.79553874333699
-244.75,-1429.0,8.0,9.7928345600764
-244.5,-1429.0,8.0,9.7901303768158
-244.25,-1429.0,8.0,9.78742619355519
-244.0,-1429.0,8.0,9.7847220102946
-243.75,-1429.0,8.0,9.782017827034
-243.5,-1429.0,8.0,9.7793136437734
-243.25,-1429.0,8.0,9.7766094605128
-243.0,-1429.0,8.0,9.7739052772522
-242.75,-1429.0,8.0,9.7712010939916
-242.5,-1429.0,8.0,9.768496910731
-242.25,-1429.0,8.0,9.7657927274704
-242.0,-1429.0,8.0,9.7630885442098
-241.75,-1429.0,8.0,9.7603843609492
-241.5,-1429.0,8.0,9.7576801776886
-241.25,-1429.0,8.0,9.754975994428
-241.0,-1429.0,8.0,9.7522718111674
-240.75,-1429.0,8.0,9.7495676279068
-240.5,-1429.0,8.0,9.7468634446462
-240.25,-1429.0,8.0,9.7441592613856
-240.0,-1429.0,8.0,9.741455078125
-239.75,-1429.0,8.0,9.73887838919957
-239.5,-1429.0,8.0,9.73630170027415
-239.25,-1429.0,8.0,9.73372501134872
-239.0,-1429.0,8.0,9.7311483224233
-238.75,-1429.0,8.0,9.72857163349788
-238.5,-1429.0,8.0,9.72599494457245
-238.25,-1429.0,8.0,9.72341825564702
-238.0,-1429.0,8.0,9.7208415667216
-237.75,-1429.0,8.0,9.71826487779617
-237.5,-1429.0,8.0,9.71568818887075
-237.25,-1429.0,8.0,9.71311149994532
-237.0,-1429.0,8.0,9.7105348110199
-236.75,-1429.0,8.0,9.69422416554557
-236.5,-1429.0,8.0,9.67791352007124
-236.25,-1429.0,8.0,9.66160287459691
-236.0,-1429.0,8.0,9.64529222912259
-235.75,-1429.0,8.0,9.62898158364826
-235.5,-1429.0,8.0,9.61267093817393
-235.25,-1429.0,8.0,9.5963602926996
-235.0,-1429.0,8.0,9.58004964722527
-234.75,-1429.0,8.0,9.56373900175095
-234.5,-1429.0,8.0,9.54742835627662
-234.25,-1429.0,8.0,9.53111771080229
-234.0,-1429.0,8.0,9.51480706532796
-233.75,-1429.0,8.0,9.43980708254709
-233.5,-1429.0,8.0,9.3648070997662
-233.25,-1429.0,8.0,9.28980711698532
-233.0,-1429.0,8.0,9.21480713420445
-232.75,-1429.0,8.0,9.13980715142356
-232.5,-1429.0,8.0,9.06480716864268
-232.25,-1429.0,8.0,8.9898071858618
-232.0,-1429.0,8.0,8.91480720308092
-231.75,-1429.0,8.0,8.83980722030004
-231.5,-1429.0,8.0,8.76480723751916
-231.25,-1429.0,8.0,8.68980725473827
-231.0,-1429.0,8.0,8.6148072719574
-230.75,-1429.0,8.0,8.52607333262762
-230.5,-1429.0,8.0,8.43733939329783
-230.25,-1429.0,8.0,8.34860545396805
-230.0,-1429.0,8.0,8.25987151463827
-229.75,-1429.0,8.0,8.17113757530848
-229.5,-1429.0,8.0,8.0824036359787
-229.25,-1429.0,8.0,7.99366969664892
-229.0,-1429.0,8.0,7.90493575731913
-228.75,-1429.0,8.0,7.81620181798935
-228.5,-1429.0,8.0,7.72746787865957
-228.25,-1429.0,8.0,7.63873393932978
-228.0,-1429.0,8.0,-inf
-227.75,-1429.0,0.0,1.70000004768372
-227.5,-1429.0,0.0,1.70000004768372
-227.25,-1429.0,0.0,1.70000004768372
-227.0,-1429.0,0.0,1.70000004768372
-226.75,-1429.0,0.0,1.70000004768372
-226.5,-1429.0,0.0,1.70000004768372
-226.25,-1429.0,0.0,1.70000004768372
-226.0,-1429.0,0.0,1.70000004768372
-225.75,-1429.0,0.0,1.70000004768372
-225.5,-1429.0,0.0,1.70000004768372
-225.25,-1429.0,0.0,1.70000004768372
-225.0,-1429.0,0.0,1.70000004768372
-224.75,-1429.0,0.0,1.70000004768372
-224.5,-1429.0,0.0,1.70000004768372
-224.25,-1429.0,0.0,1.70000004768372
-224.0,-1429.0,0.0,1.70000004768372
-223.75,-1429.0,0.0,1.70000004768372
-223.5,-1429.0,0.0,1.70000004768372
-223.25,-1429.0,0.0,1.70000004768372
-223.0,-1429.0,0.0,1.70000004768372
-222.75,-1429.0,0.0,1.70000004768372
-222.5,-1429.0,0.0,1.70000004768372
-222.25,-1429.0,0.0,1.70000004768372
-222.0,-1429.0,0.0,1.70000004768372
-252.0,-1428.0,8.0,9.88912391662598
-251.75,-1428.0,8.0,9.88488737742106
-251.5,-1428.0,8.0,9.88065083821615
-251.25,-1428.0,8.0,9.87641429901123
-251.0,-1428.0,8.0,9.87217775980631
-250.75,-1428.0,8.0,9.8679412206014
-250.5,-1428.0,8.0,9.86370468139648
-250.25,-1428.0,8.0,9.85946814219157
-250.0,-1428.0,8.0,9.85523160298665
-249.75,-1428.0,8.0,9.85099506378174
-249.5,-1428.0,8.0,9.84675852457682
-249.25,-1428.0,8.0,9.84252198537191
-249.0,-1428.0,8.0,9.83828544616699
-248.75,-1428.0,8.0,9.83404890696208
-248.5,-1428.0,8.0,9.82981236775716
-248.25,-1428.0,8.0,9.82557582855225
-248.0,-1428.0,8.0,9.82133928934733
-247.75,-1428.0,8.0,9.81710275014242
-247.5,-1428.0,8.0,9.8128662109375
-247.25,-1428.0,8.0,9.80862967173258
-247.0,-1428.0,8.0,9.80439313252767
-246.75,-1428.0,8.0,9.80015659332275
-246.5,-1428.0,8.0,9.79592005411784
-246.25,-1428.0,8.0,9.79168351491292
-246.0,-1428.0,8.0,9.78744697570801
-245.75,-1428.0,8.0,9.78533240159353
-245.5,-1428.0,8.0,9.78321782747904
-245.25,-1428.0,8.0,9.78110325336456
-245.0,-1428.0,8.0,9.77898867925008
-244.75,-1428.0,8.0,9.7768741051356
-244.5,-1428.0,8.0,9.77475953102112
-244.25,-1428.0,8.0,9.77264495690664
-244.0,-1428.0,8.0,9.77053038279215
-243.75,-1428.0,8.0,9.76841580867767
-243.5,-1428.0,8.0,9.76630123456319
-243.25,-1428.0,8.0,9.76418666044871
-243.0,-1428.0,8.0,9.76207208633423
-242.75,-1428.0,8.0,9.75995751221975
-242.5,-1428.0,8.0,9.75784293810526
-242.25,-1428.0,8.0,9.75572836399078
-242.0,-1428.0,8.0,9.7536137898763
-241.75,-1428.0,8.0,9.75149921576182
-241.5,-1428.0,8.0,9.74938464164734
-241.25,-1428.0,8.0,9.74727006753286
-241.0,-1428.0,8.0,9.74515549341838
-240.75,-1428.0,8.0,9.74304091930389
-240.5,-1428.0,8.0,9.74092634518941
-240.25,-1428.0,8.0,9.73881177107493
-240.0,-1428.0,8.0,9.73669719696045
-239.75,-1428.0,8.0,9.73485922813416
-239.5,-1428.0,8.0,9.73302125930786
-239.25,-1428.0,8.0,9.73118329048157
-239.0,-1428.0,8.0,9.72934532165527
-238.75,-1428.0,8.0,9.72750735282898
-238.5,-1428.0,8.0,9.72566938400269
-238.25,-1428.0,8.0,9.72383141517639
-238.0,-1428.0,8.0,9.7219934463501
-237.75,-1428.0,8.0,9.7201554775238
-237.5,-1428.0,8.0,9.71831750869751
-237.25,-1428.0,8.0,9.71647953987122
-237.0,-1428.0,8.0,9.71464157104492
-236.75,-1428.0,8.0,9.69852916399638
-236.5,-1428.0,8.0,9.68241675694784
-236.25,-1428.0,8.0,9.66630434989929
-236.0,-1428.0,8.0,9.65019194285075
-235.75,-1428.0,8.0,9.63407953580221
-235.5,-1428.0,8.0,9.61796712875366
-235.25,-1428.0,8.0,9.60185472170512
-235.0,-1428.0,8.0,9.58574231465658
-234.75,-1428.0,8.0,9.56962990760803
-234.5,-1428.0,8.0,9.55351750055949
-234.25,-1428.0,8.0,9.53740509351095
-234.0,-1428.0,8.0,9.5212926864624
-233.75,-1428.0,8.0,9.44629271030426
-233.5,-1428.0,8.0,9.37129273414611
-233.25,-1428.0,8.0,9.29629275798798
-233.0,-1428.0,8.0,9.22129278182984
-232.75,-1428.0,8.0,9.14629280567169
-232.5,-1428.0,8.0,9.07129282951355
-232.25,-1428.0,8.0,8.99629285335541
-232.0,-1428.0,8.0,8.92129287719726
-231.75,-1428.0,8.0,8.84629290103912
-231.5,-1428.0,8.0,8.77129292488098
-231.25,-1428.0,8.0,8.69629294872284
-231.0,-1428.0,8.0,8.6212929725647
-230.75,-1428.0,8.0,8.53201855818431
-230.5,-1428.0,8.0,8.44274414380391
-230.25,-1428.0,8.0,8.35346972942352
-230.0,-1428.0,8.0,8.26419531504314
-229.75,-1428.0,8.0,8.17492090066274
-229.5,-1428.0,8.0,8.08564648628235
-229.25,-1428.0,8.0,7.99637207190196
-229.0,-1428.0,8.0,7.90709765752156
-228.75,-1428.0,8.0,7.81782324314118
-228.5,-1428.0,8.0,7.72854882876079
-228.25,-1428.0,8.0,7.63927441438039
-228.0,-1428.0,8.0,-inf
-227.75,-1428.0,0.0,1.70000004768372
-227.5,-1428.0,0.0,1.70000004768372
-227.25,-1428.0,0.0,1.70000004768372
-227.0,-1428.0,0.0,1.70000004768372
-226.75,-1428.0,0.0,1.70000004768372
-226.5,-1428.0,0.0,1.70000004768372
-226.25,-1428.0,0.0,1.70000004768372
-226.0,-1428.0,0.0,1.70000004768372
-225.75,-1428.0,0.0,1.70000004768372
-225.5,-1428.0,0.0,1.70000004768372
-225.25,-1428.0,0.0,1.70000004768372
-225.0,-1428.0,0.0,1.70000004768372
-224.75,-1428.0,0.0,1.70000004768372
-224.5,-1428.0,0.0,1.70000004768372
-224.25,-1428.0,0.0,1.70000004768372
-224.0,-1428.0,0.0,1.70000004768372
-223.75,-1428.0,0.0,1.70000004768372
-223.5,-1428.0,0.0,1.70000004768372
-223.25,-1428.0,0.0,1.70000004768372
-223.0,-1428.0,0.0,1.70000004768372
-222.75,-1428.0,0.0,1.70000004768372
-222.5,-1428.0,0.0,1.70000004768372
-222.25,-1428.0,0.0,1.70000004768372
-222.0,-1428.0,0.0,1.70000004768372
-252.0,-1427.0,20.0,9.88912391662598
-251.75,-1427.0,12.0,9.88488737742106
-251.5,-1427.0,12.0,9.88065083821615
-251.25,-1427.0,12.0,9.87641429901123
-251.0,-1427.0,12.0,9.87217775980631
-250.75,-1427.0,12.0,9.8679412206014
-250.5,-1427.0,12.0,9.86370468139648
-250.25,-1427.0,12.0,9.85946814219157
-250.0,-1427.0,12.0,9.85523160298666
-249.75,-1427.0,12.0,9.85099506378174
-249.5,-1427.0,12.0,9.84675852457682
-249.25,-1427.0,12.0,9.84252198537191
-249.0,-1427.0,12.0,9.83828544616699
-248.75,-1427.0,12.0,9.83404890696208
-248.5,-1427.0,12.0,9.82981236775716
-248.25,-1427.0,12.0,9.82557582855225
-248.0,-1427.0,12.0,9.82133928934733
-247.75,-1427.0,12.0,9.81710275014241
-247.5,-1427.0,12.0,9.8128662109375
-247.25,-1427.0,12.0,9.80862967173259
-247.0,-1427.0,12.0,9.80439313252767
-246.75,-1427.0,12.0,9.80015659332276
-246.5,-1427.0,12.0,9.79592005411784
-246.25,-1427.0,12.0,9.79168351491292
-246.0,-1427.0,12.0,9.78744697570801
-245.75,-1427.0,12.0,9.78533240159353
-245.5,-1427.0,12.0,9.78321782747905
-245.25,-1427.0,12.0,9.78110325336456
-245.0,-1427.0,12.0,9.77898867925008
-244.75,-1427.0,12.0,9.7768741051356
-244.5,-1427.0,12.0,9.77475953102112
-244.25,-1427.0,12.0,9.77264495690664
-244.0,-1427.0,12.0,9.77053038279216
-243.75,-1427.0,12.0,9.76841580867767
-243.5,-1427.0,12.0,9.76630123456319
-243.25,-1427.0,12.0,9.76418666044871
-243.0,-1427.0,12.0,9.76207208633423
-242.75,-1427.0,12.0,9.75995751221975
-242.5,-1427.0,12.0,9.75784293810526
-242.25,-1427.0,12.0,9.75572836399078
-242.0,-1427.0,12.0,9.7536137898763
-241.75,-1427.0,12.0,9.75149921576182
-241.5,-1427.0,12.0,9.74938464164734
-241.25,-1427.0,12.0,9.74727006753286
-241.0,-1427.0,12.0,9.74515549341838
-240.75,-1427.0,12.0,9.74304091930389
-240.5,-1427.0,12.0,9.74092634518941
-240.25,-1427.0,12.0,9.73881177107493
-240.0,-1427.0,12.0,9.73669719696045
-239.75,-1427.0,12.0,9.73485922813416
-239.5,-1427.0,12.0,9.73302125930786
-239.25,-1427.0,12.0,9.73118329048157
-239.0,-1427.0,12.0,9.72934532165527
-238.75,-1427.0,12.0,9.72750735282898
-238.5,-1427.0,12.0,9.72566938400269
-238.25,-1427.0,12.0,9.72383141517639
-238.0,-1427.0,12.0,9.7219934463501
-237.75,-1427.0,12.0,9.7201554775238
-237.5,-1427.0,12.0,9.71831750869751
-237.25,-1427.0,12.0,9.71647953987122
-237.0,-1427.0,12.0,9.71464157104492
-236.75,-1427.0,12.0,9.69852916399638
-236.5,-1427.0,12.0,9.68241675694784
-236.25,-1427.0,12.0,9.66630434989929
-236.0,-1427.0,12.0,9.65019194285075
-235.75,-1427.0,12.0,9.63407953580221
-235.5,-1427.0,12.0,9.61796712875366
-235.25,-1427.0,12.0,9.60185472170512
-235.0,-1427.0,12.0,9.58574231465658
-234.75,-1427.0,12.0,9.56962990760803
-234.5,-1427.0,12.0,9.55351750055949
-234.25,-1427.0,12.0,9.53740509351095
-234.0,-1427.0,12.0,9.5212926864624
-233.75,-1427.0,12.0,9.44629271560246
-233.5,-1427.0,12.0,9.3712927447425
-233.25,-1427.0,12.0,9.29629277388255
-233.0,-1427.0,12.0,9.2212928030226
-232.75,-1427.0,12.0,9.14629283216264
-232.5,-1427.0,12.0,9.07129286130269
-232.25,-1427.0,12.0,8.99629289044275
-232.0,-1427.0,12.0,8.92129291958279
-231.75,-1427.0,12.0,8.84629294872284
-231.5,-1427.0,12.0,8.77129297786289
-231.25,-1427.0,12.0,8.69629300700293
-231.0,-1427.0,12.0,8.79984180132548
-230.75,-1427.0,12.0,8.72544645600849
-230.5,-1427.0,12.0,8.65105111069149
-230.25,-1427.0,12.0,8.5766557653745
-230.0,-1427.0,12.0,8.50226042005752
-229.75,-1427.0,12.0,8.42786507474051
-229.5,-1427.0,12.0,8.35346972942352
-229.25,-1427.0,12.0,8.27907438410654
-229.0,-1427.0,12.0,8.20467903878954
-228.75,-1427.0,12.0,8.13028369347255
-228.5,-1427.0,12.0,8.05588834815556
-228.25,-1427.0,12.0,7.98149300283856
-228.0,-1427.0,12.0,-inf
-227.75,-1427.0,0.0,1.70000004768372
-227.5,-1427.0,0.0,1.70000004768372
-227.25,-1427.0,0.0,1.70000004768372
-227.0,-1427.0,0.0,1.70000004768372
-226.75,-1427.0,0.0,1.70000004768372
-226.5,-1427.0,0.0,1.70000004768372
-226.25,-1427.0,0.0,1.70000004768372
-226.0,-1427.0,0.0,1.70000004768372
-225.75,-1427.0,0.0,1.70000004768372
-225.5,-1427.0,0.0,1.70000004768372
-225.25,-1427.0,0.0,1.70000004768372
-225.0,-1427.0,0.0,1.70000004768372
-224.75,-1427.0,0.0,1.70000004768372
-224.5,-1427.0,0.0,1.70000004768372
-224.25,-1427.0,0.0,1.70000004768372
-224.0,-1427.0,0.0,1.70000004768372
-223.75,-1427.0,0.0,1.70000004768372
-223.5,-1427.0,0.0,1.70000004768372
-223.25,-1427.0,0.0,1.70000004768372
-223.0,-1427.0,0.0,1.70000004768372
-222.75,-1427.0,0.0,1.70000004768372
-222.5,-1427.0,0.0,1.70000004768372
-222.25,-1427.0,0.0,1.70000004768372
-222.0,-1427.0,0.0,1.70000004768372
-252.0,-1426.0,20.0,9.88912391662598
-251.75,-1426.0,12.0,9.88488737742106
-251.5,-1426.0,12.0,9.88065083821614
-251.25,-1426.0,12.0,9.87641429901123
-251.0,-1426.0,12.0,9.87217775980632
-250.75,-1426.0,12.0,9.8679412206014
-250.5,-1426.0,12.0,9.86370468139648
-250.25,-1426.0,12.0,9.85946814219157
-250.0,-1426.0,12.0,9.85523160298665
-249.75,-1426.0,12.0,9.85099506378174
-249.5,-1426.0,12.0,9.84675852457682
-249.25,-1426.0,12.0,9.84252198537191
-249.0,-1426.0,12.0,9.83828544616699
-248.75,-1426.0,12.0,9.83404890696208
-248.5,-1426.0,12.0,9.82981236775716
-248.25,-1426.0,12.0,9.82557582855225
-248.0,-1426.0,12.0,9.82133928934733
-247.75,-1426.0,12.0,9.81710275014242
-247.5,-1426.0,12.0,9.8128662109375
-247.25,-1426.0,12.0,9.80862967173258
-247.0,-1426.0,12.0,9.80439313252767
-246.75,-1426.0,12.0,9.80015659332275
-246.5,-1426.0,12.0,9.79592005411784
-246.25,-1426.0,12.0,9.79168351491292
-246.0,-1426.0,12.0,9.78744697570801
-245.75,-1426.0,12.0,9.78533240159353
-245.5,-1426.0,12.0,9.78321782747904
-245.25,-1426.0,12.0,9.78110325336456
-245.0,-1426.0,12.0,9.77898867925008
-244.75,-1426.0,12.0,9.7768741051356
-244.5,-1426.0,12.0,9.77475953102112
-244.25,-1426.0,12.0,9.77264495690664
-244.0,-1426.0,12.0,9.77053038279215
-243.75,-1426.0,12.0,9.76841580867767
-243.5,-1426.0,12.0,9.76630123456319
-243.25,-1426.0,12.0,9.76418666044871
-243.0,-1426.0,12.0,9.76207208633423
-242.75,-1426.0,12.0,9.75995751221975
-242.5,-1426.0,12.0,9.75784293810526
-242.25,-1426.0,12.0,9.75572836399078
-242.0,-1426.0,12.0,9.7536137898763
-241.75,-1426.0,12.0,9.75149921576182
-241.5,-1426.0,12.0,9.74938464164734
-241.25,-1426.0,12.0,9.74727006753286
-241.0,-1426.0,12.0,9.74515549341838
-240.75,-1426.0,12.0,9.74304091930389
-240.5,-1426.0,12.0,9.74092634518941
-240.25,-1426.0,12.0,9.73881177107493
-240.0,-1426.0,12.0,9.73669719696045
-239.75,-1426.0,12.0,9.73485922813416
-239.5,-1426.0,12.0,9.73302125930786
-239.25,-1426.0,12.0,9.73118329048157
-239.0,-1426.0,12.0,9.72934532165527
-238.75,-1426.0,12.0,9.72750735282898
-238.5,-1426.0,12.0,9.72566938400269
-238.25,-1426.0,12.0,9.72383141517639
-238.0,-1426.0,12.0,9.7219934463501
-237.75,-1426.0,12.0,9.7201554775238
-237.5,-1426.0,12.0,9.71831750869751
-237.25,-1426.0,12.0,9.71647953987122
-237.0,-1426.0,12.0,9.71464157104492
-236.75,-1426.0,12.0,9.69852916399638
-236.5,-1426.0,12.0,9.68241675694784
-236.25,-1426.0,12.0,9.66630434989929
-236.0,-1426.0,12.0,9.65019194285075
-235.75,-1426.0,12.0,9.63407953580221
-235.5,-1426.0,12.0,9.61796712875366
-235.25,-1426.0,12.0,9.60185472170512
-235.0,-1426.0,12.0,9.58574231465658
-234.75,-1426.0,12.0,9.56962990760803
-234.5,-1426.0,12.0,9.55351750055949
-234.25,-1426.0,12.0,9.53740509351095
-234.0,-1426.0,12.0,9.5212926864624
-233.75,-1426.0,12.0,9.44629271295336
-233.5,-1426.0,12.0,9.37129273944431
-233.25,-1426.0,12.0,9.29629276593526
-233.0,-1426.0,12.0,9.22129279242622
-232.75,-1426.0,12.0,9.14629281891716
-232.5,-1426.0,12.0,9.07129284540812
-232.25,-1426.0,12.0,8.99629287189908
-232.0,-1426.0,12.0,8.92129289839002
-231.75,-1426.0,12.0,8.84629292488098
-231.5,-1426.0,12.0,8.77129295137194
-231.25,-1426.0,12.0,8.69629297786288
-231.0,-1426.0,12.0,8.97839063008626
-230.75,-1426.0,12.0,8.91887435383267
-230.5,-1426.0,12.0,8.85935807757907
-230.25,-1426.0,12.0,8.79984180132548
-230.0,-1426.0,12.0,8.74032552507189
-229.75,-1426.0,12.0,8.68080924881829
-229.5,-1426.0,12.0,8.6212929725647
-229.25,-1426.0,12.0,8.5617766963111
-229.0,-1426.0,12.0,8.5022604200575
-228.75,-1426.0,12.0,8.44274414380391
-228.5,-1426.0,12.0,8.38322786755032
-228.25,-1426.0,12.0,8.32371159129672
-228.0,-1426.0,12.0,-inf
-227.75,-1426.0,0.0,1.70000004768372
-227.5,-1426.0,0.0,1.70000004768372
-227.25,-1426.0,0.0,1.70000004768372
-227.0,-1426.0,0.0,1.70000004768372
-226.75,-1426.0,0.0,1.70000004768372
-226.5,-1426.0,0.0,1.70000004768372
-226.25,-1426.0,0.0,1.70000004768372
-226.0,-1426.0,0.0,1.70000004768372
-225.75,-1426.0,0.0,1.70000004768372
-225.5,-1426.0,0.0,1.70000004768372
-225.25,-1426.0,0.0,1.70000004768372
-225.0,-1426.0,0.0,1.70000004768372
-224.75,-1426.0,0.0,1.70000004768372
-224.5,-1426.0,0.0,1.70000004768372
-224.25,-1426.0,0.0,1.70000004768372
-224.0,-1426.0,0.0,1.70000004768372
-223.75,-1426.0,0.0,1.70000004768372
-223.5,-1426.0,0.0,1.70000004768372
-223.25,-1426.0,0.0,1.70000004768372
-223.0,-1426.0,0.0,1.70000004768372
-222.75,-1426.0,0.0,1.70000004768372
-222.5,-1426.0,0.0,1.70000004768372
-222.25,-1426.0,0.0,1.70000004768372
-222.0,-1426.0,0.0,1.70000004768372
-252.0,-1425.0,20.0,9.88912391662598
-251.75,-1425.0,12.0,9.88488737742106
-251.5,-1425.0,12.0,9.88065083821615
-251.25,-1425.0,12.0,9.87641429901123
-251.0,-1425.0,12.0,9.87217775980631
-250.75,-1425.0,12.0,9.8679412206014
-250.5,-1425.0,12.0,9.86370468139648
-250.25,-1425.0,12.0,9.85946814219157
-250.0,-1425.0,12.0,9.85523160298665
-249.75,-1425.0,12.0,9.85099506378174
-249.5,-1425.0,12.0,9.84675852457682
-249.25,-1425.0,12.0,9.84252198537191
-249.0,-1425.0,12.0,9.83828544616699
-248.75,-1425.0,12.0,9.83404890696208
-248.5,-1425.0,12.0,9.82981236775716
-248.25,-1425.0,12.0,9.82557582855225
-248.0,-1425.0,12.0,9.82133928934733
-247.75,-1425.0,12.0,9.81710275014242
-247.5,-1425.0,12.0,9.8128662109375
-247.25,-1425.0,12.0,9.80862967173258
-247.0,-1425.0,12.0,9.80439313252767
-246.75,-1425.0,12.0,9.80015659332275
-246.5,-1425.0,12.0,9.79592005411784
-246.25,-1425.0,12.0,9.79168351491292
-246.0,-1425.0,12.0,9.78744697570801
-245.75,-1425.0,12.0,9.78533240159353
-245.5,-1425.0,12.0,9.78321782747905
-245.25,-1425.0,12.0,9.78110325336456
-245.0,-1425.0,12.0,9.77898867925008
-244.75,-1425.0,12.0,9.7768741051356
-244.5,-1425.0,12.0,9.77475953102112
-244.25,-1425.0,12.0,9.77264495690664
-244.0,-1425.0,12.0,9.77053038279215
-243.75,-1425.0,12.0,9.76841580867767
-243.5,-1425.0,12.0,9.76630123456319
-243.25,-1425.0,12.0,9.76418666044871
-243.0,-1425.0,12.0,9.76207208633423
-242.75,-1425.0,12.0,9.75995751221975
-242.5,-1425.0,12.0,9.75784293810526
-242.25,-1425.0,12.0,9.75572836399078
-242.0,-1425.0,12.0,9.7536137898763
-241.75,-1425.0,12.0,9.75149921576182
-241.5,-1425.0,12.0,9.74938464164734
-241.25,-1425.0,12.0,9.74727006753286
-241.0,-1425.0,12.0,9.74515549341838
-240.75,-1425.0,12.0,9.74304091930389
-240.5,-1425.0,12.0,9.74092634518941
-240.25,-1425.0,12.0,9.73881177107493
-240.0,-1425.0,12.0,9.73669719696045
-239.75,-1425.0,12.0,9.73485922813416
-239.5,-1425.0,12.0,9.73302125930786
-239.25,-1425.0,12.0,9.73118329048157
-239.0,-1425.0,12.0,9.72934532165528
-238.75,-1425.0,12.0,9.72750735282898
-238.5,-1425.0,12.0,9.72566938400269
-238.25,-1425.0,12.0,9.72383141517639
-238.0,-1425.0,12.0,9.7219934463501
-237.75,-1425.0,12.0,9.7201554775238
-237.5,-1425.0,12.0,9.71831750869751
-237.25,-1425.0,12.0,9.71647953987122
-237.0,-1425.0,12.0,9.71464157104492
-236.75,-1425.0,12.0,9.71280360221863
-236.5,-1425.0,12.0,9.71096563339233
-236.25,-1425.0,12.0,9.70912766456604
-236.0,-1425.0,12.0,9.70728969573975
-235.75,-1425.0,12.0,9.70545172691345
-235.5,-1425.0,12.0,9.70361375808716
-235.25,-1425.0,12.0,9.70177578926086
-235.0,-1425.0,12.0,9.69993782043457
-234.75,-1425.0,12.0,9.69809985160828
-234.5,-1425.0,12.0,9.69626188278198
-234.25,-1425.0,12.0,9.69442391395569
-234.0,-1425.0,12.0,9.69258594512939
-233.75,-1425.0,12.0,9.6479487379392
-233.5,-1425.0,12.0,9.603311530749
-233.25,-1425.0,12.0,9.55867432355881
-233.0,-1425.0,12.0,9.51403711636861
-232.75,-1425.0,12.0,9.46939990917841
-232.5,-1425.0,12.0,9.42476270198822
-232.25,-1425.0,12.0,9.38012549479803
-232.0,-1425.0,12.0,9.33548828760783
-231.75,-1425.0,12.0,9.29085108041763
-231.5,-1425.0,12.0,9.24621387322744
-231.25,-1425.0,12.0,9.20157666603724
-231.0,-1425.0,12.0,9.15693945884705
-230.75,-1425.0,12.0,9.11230225165685
-230.5,-1425.0,12.0,9.06766504446665
-230.25,-1425.0,12.0,9.02302783727646
-230.0,-1425.0,12.0,8.97839063008627
-229.75,-1425.0,12.0,8.93375342289607
-229.5,-1425.0,12.0,8.88911621570587
-229.25,-1425.0,12.0,8.84447900851568
-229.0,-1425.0,12.0,8.79984180132548
-228.75,-1425.0,12.0,8.75520459413529
-228.5,-1425.0,12.0,8.71056738694509
-228.25,-1425.0,12.0,8.66593017975489
-228.0,-1425.0,12.0,-inf
-227.75,-1425.0,0.0,1.70000004768372
-227.5,-1425.0,0.0,1.70000004768372
-227.25,-1425.0,0.0,1.70000004768372
-227.0,-1425.0,0.0,1.70000004768372
-226.75,-1425.0,0.0,1.70000004768372
-226.5,-1425.0,0.0,1.70000004768372
-226.25,-1425.0,0.0,1.70000004768372
-226.0,-1425.0,0.0,1.70000004768372
-225.75,-1425.0,0.0,1.70000004768372
-225.5,-1425.0,0.0,1.70000004768372
-225.25,-1425.0,0.0,1.70000004768372
-225.0,-1425.0,0.0,1.70000004768372
-224.75,-1425.0,0.0,1.70000004768372
-224.5,-1425.0,0.0,1.70000004768372
-224.25,-1425.0,0.0,1.70000004768372
-224.0,-1425.0,0.0,1.70000004768372
-223.75,-1425.0,0.0,1.70000004768372
-223.5,-1425.0,0.0,1.70000004768372
-223.25,-1425.0,0.0,1.70000004768372
-223.0,-1425.0,0.0,1.70000004768372
-222.75,-1425.0,0.0,1.70000004768372
-222.5,-1425.0,0.0,1.70000004768372
-222.25,-1425.0,0.0,1.70000004768372
-222.0,-1425.0,0.0,1.70000004768372
-252.0,-1424.0,20.0,9.88912391662598
-251.75,-1424.0,12.0,9.88488737742106
-251.5,-1424.0,12.0,9.88065083821615
-251.25,-1424.0,12.0,9.87641429901123
-251.0,-1424.0,12.0,9.87217775980631
-250.75,-1424.0,12.0,9.8679412206014
-250.5,-1424.0,12.0,9.86370468139648
-250.25,-1424.0,12.0,9.85946814219157
-250.0,-1424.0,12.0,9.85523160298665
-249.75,-1424.0,12.0,9.85099506378174
-249.5,-1424.0,12.0,9.84675852457682
-249.25,-1424.0,12.0,9.84252198537191
-249.0,-1424.0,12.0,9.83828544616699
-248.75,-1424.0,12.0,9.83404890696208
-248.5,-1424.0,12.0,9.82981236775716
-248.25,-1424.0,12.0,9.82557582855225
-248.0,-1424.0,12.0,9.82133928934733
-247.75,-1424.0,12.0,9.81710275014242
-247.5,-1424.0,12.0,9.8128662109375
-247.25,-1424.0,12.0,9.80862967173258
-247.0,-1424.0,12.0,9.80439313252767
-246.75,-1424.0,12.0,9.80015659332275
-246.5,-1424.0,12.0,9.79592005411784
-246.25,-1424.0,12.0,9.79168351491292
-246.0,-1424.0,12.0,9.78744697570801
-245.75,-1424.0,12.0,9.78533240159353
-245.5,-1424.0,12.0,9.78321782747904
-245.25,-1424.0,12.0,9.78110325336456
-245.0,-1424.0,12.0,9.77898867925008
-244.75,-1424.0,12.0,9.7768741051356
-244.5,-1424.0,12.0,9.77475953102112
-244.25,-1424.0,12.0,9.77264495690664
-244.0,-1424.0,12.0,9.77053038279216
-243.75,-1424.0,12.0,9.76841580867768
-243.5,-1424.0,12.0,9.76630123456319
-243.25,-1424.0,12.0,9.76418666044871
-243.0,-1424.0,12.0,9.76207208633423
-242.75,-1424.0,12.0,9.75995751221975
-242.5,-1424.0,12.0,9.75784293810526
-242.25,-1424.0,12.0,9.75572836399078
-242.0,-1424.0,12.0,9.7536137898763
-241.75,-1424.0,12.0,9.75149921576182
-241.5,-1424.0,12.0,9.74938464164734
-241.25,-1424.0,12.0,9.74727006753286
-241.0,-1424.0,12.0,9.74515549341838
-240.75,-1424.0,12.0,9.74304091930389
-240.5,-1424.0,12.0,9.74092634518941
-240.25,-1424.0,12.0,9.73881177107493
-240.0,-1424.0,12.0,9.73669719696045
-239.75,-1424.0,12.0,9.73485922813416
-239.5,-1424.0,12.0,9.73302125930786
-239.25,-1424.0,12.0,9.73118329048157
-239.0,-1424.0,12.0,9.72934532165527
-238.75,-1424.0,12.0,9.72750735282898
-238.5,-1424.0,12.0,9.72566938400269
-238.25,-1424.0,12.0,9.72383141517639
-238.0,-1424.0,12.0,9.7219934463501
-237.75,-1424.0,12.0,9.7201554775238
-237.5,-1424.0,12.0,9.71831750869751
-237.25,-1424.0,12.0,9.71647953987122
-237.0,-1424.0,12.0,9.71464157104492
-236.75,-1424.0,12.0,9.71280360221863
-236.5,-1424.0,12.0,9.71096563339233
-236.25,-1424.0,12.0,9.70912766456604
-236.0,-1424.0,12.0,9.70728969573975
-235.75,-1424.0,12.0,9.70545172691345
-235.5,-1424.0,12.0,9.70361375808716
-235.25,-1424.0,12.0,9.70177578926086
-235.0,-1424.0,12.0,9.69993782043457
-234.75,-1424.0,12.0,9.69809985160828
-234.5,-1424.0,12.0,9.69626188278198
-234.25,-1424.0,12.0,9.69442391395569
-234.0,-1424.0,12.0,9.69258594512939
-233.75,-1424.0,12.0,9.6628278070026
-233.5,-1424.0,12.0,9.6330696688758
-233.25,-1424.0,12.0,9.603311530749
-233.0,-1424.0,12.0,9.57355339262221
-232.75,-1424.0,12.0,9.54379525449541
-232.5,-1424.0,12.0,9.51403711636861
-232.25,-1424.0,12.0,9.48427897824182
-232.0,-1424.0,12.0,9.45452084011502
-231.75,-1424.0,12.0,9.42476270198822
-231.5,-1424.0,12.0,9.39500456386143
-231.25,-1424.0,12.0,9.36524642573463
-231.0,-1424.0,12.0,9.33548828760783
-230.75,-1424.0,12.0,9.30573014948103
-230.5,-1424.0,12.0,9.27597201135423
-230.25,-1424.0,12.0,9.24621387322744
-230.0,-1424.0,12.0,9.21645573510065
-229.75,-1424.0,12.0,9.18669759697384
-229.5,-1424.0,12.0,9.15693945884705
-229.25,-1424.0,12.0,9.12718132072025
-229.0,-1424.0,12.0,9.09742318259345
-228.75,-1424.0,12.0,9.06766504446666
-228.5,-1424.0,12.0,9.03790690633986
-228.25,-1424.0,12.0,9.00814876821306
-228.0,-1424.0,12.0,-inf
-227.75,-1424.0,0.0,1.70000004768372
-227.5,-1424.0,0.0,1.70000004768372
-227.25,-1424.0,0.0,1.70000004768372
-227.0,-1424.0,0.0,1.70000004768372
-226.75,-1424.0,0.0,1.70000004768372
-226.5,-1424.0,0.0,1.70000004768372
-226.25,-1424.0,0.0,1.70000004768372
-226.0,-1424.0,0.0,1.70000004768372
-225.75,-1424.0,0.0,1.70000004768372
-225.5,-1424.0,0.0,1.70000004768372
-225.25,-1424.0,0.0,1.70000004768372
-225.0,-1424.0,0.0,1.70000004768372
-224.75,-1424.0,0.0,1.70000004768372
-224.5,-1424.0,0.0,1.70000004768372
-224.25,-1424.0,0.0,1.70000004768372
-224.0,-1424.0,0.0,1.70000004768372
-223.75,-1424.0,0.0,1.70000004768372
-223.5,-1424.0,0.0,1.70000004768372
-223.25,-1424.0,0.0,1.70000004768372
-223.0,-1424.0,0.0,1.70000004768372
-222.75,-1424.0,0.0,1.70000004768372
-222.5,-1424.0,0.0,1.70000004768372
-222.25,-1424.0,0.0,1.70000004768372
-222.0,-1424.0,0.0,1.70000004768372
-252.0,-1423.0,20.0,9.88912391662598
-251.75,-1423.0,12.0,9.88488737742106
-251.5,-1423.0,12.0,9.88065083821615
-251.25,-1423.0,12.0,9.87641429901123
-251.0,-1423.0,12.0,9.87217775980631
-250.75,-1423.0,12.0,9.8679412206014
-250.5,-1423.0,12.0,9.86370468139648
-250.25,-1423.0,12.0,9.85946814219157
-250.0,-1423.0,12.0,9.85523160298666
-249.75,-1423.0,12.0,9.85099506378174
-249.5,-1423.0,12.0,9.84675852457682
-249.25,-1423.0,12.0,9.84252198537191
-249.0,-1423.0,12.0,9.83828544616699
-248.75,-1423.0,12.0,9.83404890696208
-248.5,-1423.0,12.0,9.82981236775716
-248.25,-1423.0,12.0,9.82557582855225
-248.0,-1423.0,12.0,9.82133928934733
-247.75,-1423.0,12.0,9.81710275014241
-247.5,-1423.0,12.0,9.8128662109375
-247.25,-1423.0,12.0,9.80862967173259
-247.0,-1423.0,12.0,9.80439313252767
-246.75,-1423.0,12.0,9.80015659332275
-246.5,-1423.0,12.0,9.79592005411784
-246.25,-1423.0,12.0,9.79168351491292
-246.0,-1423.0,12.0,9.78744697570801
-245.75,-1423.0,12.0,9.78533240159353
-245.5,-1423.0,12.0,9.78321782747905
-245.25,-1423.0,12.0,9.78110325336456
-245.0,-1423.0,12.0,9.77898867925008
-244.75,-1423.0,12.0,9.7768741051356
-244.5,-1423.0,12.0,9.77475953102112
-244.25,-1423.0,12.0,9.77264495690664
-244.0,-1423.0,12.0,9.77053038279216
-243.75,-1423.0,12.0,9.76841580867767
-243.5,-1423.0,12.0,9.76630123456319
-243.25,-1423.0,12.0,9.76418666044871
-243.0,-1423.0,12.0,9.76207208633423
-242.75,-1423.0,12.0,9.75995751221975
-242.5,-1423.0,12.0,9.75784293810527
-242.25,-1423.0,12.0,9.75572836399078
-242.0,-1423.0,12.0,9.7536137898763
-241.75,-1423.0,12.0,9.75149921576182
-241.5,-1423.0,12.0,9.74938464164734
-241.25,-1423.0,12.0,9.74727006753286
-241.0,-1423.0,12.0,9.74515549341838
-240.75,-1423.0,12.0,9.74304091930389
-240.5,-1423.0,12.0,9.74092634518941
-240.25,-1423.0,12.0,9.73881177107493
-240.0,-1423.0,12.0,9.73669719696045
-239.75,-1423.0,12.0,9.73485922813416
-239.5,-1423.0,12.0,9.73302125930786
-239.25,-1423.0,12.0,9.73118329048157
-239.0,-1423.0,12.0,9.72934532165527
-238.75,-1423.0,12.0,9.72750735282898
-238.5,-1423.0,12.0,9.72566938400269
-238.25,-1423.0,12.0,9.72383141517639
-238.0,-1423.0,12.0,9.7219934463501
-237.75,-1423.0,12.0,9.7201554775238
-237.5,-1423.0,12.0,9.71831750869751
-237.25,-1423.0,12.0,9.71647953987122
-237.0,-1423.0,12.0,9.71464157104492
-236.75,-1423.0,12.0,9.71280360221863
-236.5,-1423.0,12.0,9.71096563339233
-236.25,-1423.0,12.0,9.70912766456604
-236.0,-1423.0,12.0,9.70728969573975
-235.75,-1423.0,12.0,9.70545172691345
-235.5,-1423.0,12.0,9.70361375808716
-235.25,-1423.0,12.0,9.70177578926087
-235.0,-1423.0,12.0,9.69993782043457
-234.75,-1423.0,12.0,9.69809985160828
-234.5,-1423.0,12.0,9.69626188278198
-234.25,-1423.0,12.0,9.69442391395569
-234.0,-1423.0,12.0,9.69258594512939
-233.75,-1423.0,12.0,9.677706876066
-233.5,-1423.0,12.0,9.6628278070026
-233.25,-1423.0,12.0,9.6479487379392
-233.0,-1423.0,12.0,9.6330696688758
-232.75,-1423.0,12.0,9.6181905998124
-232.5,-1423.0,12.0,9.603311530749
-232.25,-1423.0,12.0,9.5884324616856
-232.0,-1423.0,12.0,9.57355339262221
-231.75,-1423.0,12.0,9.55867432355881
-231.5,-1423.0,12.0,9.54379525449541
-231.25,-1423.0,12.0,9.52891618543201
-231.0,-1423.0,12.0,9.51403711636861
-230.75,-1423.0,12.0,9.49915804730521
-230.5,-1423.0,12.0,9.48427897824181
-230.25,-1423.0,12.0,9.46939990917841
-230.0,-1423.0,12.0,9.45452084011502
-229.75,-1423.0,12.0,9.43964177105162
-229.5,-1423.0,12.0,9.42476270198822
-229.25,-1423.0,12.0,9.40988363292482
-229.0,-1423.0,12.0,9.39500456386142
-228.75,-1423.0,12.0,9.38012549479802
-228.5,-1423.0,12.0,9.36524642573463
-228.25,-1423.0,12.0,9.35036735667122
-228.0,-1423.0,12.0,-inf
-227.75,-1423.0,0.0,1.70000004768372
-227.5,-1423.0,0.0,1.70000004768372
-227.25,-1423.0,0.0,1.70000004768372
-227.0,-1423.0,0.0,1.70000004768372
-226.75,-1423.0,0.0,1.70000004768372
-226.5,-1423.0,0.0,1.70000004768372
-226.25,-1423.0,0.0,1.70000004768372
-226.0,-1423.0,0.0,1.70000004768372
-225.75,-1423.0,0.0,1.70000004768372
-225.5,-1423.0,0.0,1.70000004768372
-225.25,-1423.0,0.0,1.70000004768372
-225.0,-1423.0,0.0,1.70000004768372
-224.75,-1423.0,0.0,1.70000004768372
-224.5,-1423.0,0.0,1.70000004768372
-224.25,-1423.0,0.0,1.70000004768372
-224.0,-1423.0,0.0,1.70000004768372
-223.75,-1423.0,0.0,1.70000004768372
-223.5,-1423.0,0.0,1.70000004768372
-223.25,-1423.0,0.0,1.70000004768372
-223.0,-1423.0,0.0,1.70000004768372
-222.75,-1423.0,0.0,1.70000004768372
-222.5,-1423.0,0.0,1.70000004768372
-222.25,-1423.0,0.0,1.70000004768372
-222.0,-1423.0,0.0,1.70000004768372
-252.0,-1422.0,20.0,-inf
-251.75,-1422.0,12.0,-inf
-251.5,-1422.0,12.0,-inf
-251.25,-1422.0,12.0,-inf
-251.0,-1422.0,12.0,-inf
-250.75,-1422.0,12.0,-inf
-250.5,-1422.0,12.0,-inf
-250.25,-1422.0,12.0,-inf
-250.0,-1422.0,12.0,-inf
-249.75,-1422.0,12.0,-inf
-249.5,-1422.0,12.0,-inf
-249.25,-1422.0,12.0,-inf
-249.0,-1422.0,12.0,-inf
-248.75,-1422.0,12.0,-inf
-248.5,-1422.0,12.0,-inf
-248.25,-1422.0,12.0,-inf
-248.0,-1422.0,12.0,-inf
-247.75,-1422.0,12.0,-inf
-247.5,-1422.0,12.0,-inf
-247.25,-1422.0,12.0,-inf
-247.0,-1422.0,12.0,-inf
-246.75,-1422.0,12.0,-inf
-246.5,-1422.0,12.0,-inf
-246.25,-1422.0,12.0,-inf
-246.0,-1422.0,12.0,-inf
-245.75,-1422.0,12.0,-inf
-245.5,-1422.0,12.0,-inf
-245.25,-1422.0,12.0,-inf
-245.0,-1422.0,12.0,-inf
-244.75,-1422.0,12.0,-inf
-244.5,-1422.0,12.0,-inf
-244.25,-1422.0,12.0,-inf
-244.0,-1422.0,12.0,-inf
-243.75,-1422.0,12.0,-inf
-243.5,-1422.0,12.0,-inf
-243.25,-1422.0,12.0,-inf
-243.0,-1422.0,12.0,-inf
-242.75,-1422.0,12.0,-inf
-242.5,-1422.0,12.0,-inf
-242.25,-1422.0,12.0,-inf
-242.0,-1422.0,12.0,-inf
-241.75,-1422.0,12.0,-inf
-241.5,-1422.0,12.0,-inf
-241.25,-1422.0,12.0,-inf
-241.0,-1422.0,12.0,-inf
-240.75,-1422.0,12.0,-inf
-240.5,-1422.0,12.0,-inf
-240.25,-1422.0,12.0,-inf
-240.0,-1422.0,12.0,-inf
-239.75,-1422.0,12.0,-inf
-239.5,-1422.0,12.0,-inf
-239.25,-1422.0,12.0,-inf
-239.0,-1422.0,12.0,-inf
-238.75,-1422.0,12.0,-inf
-238.5,-1422.0,12.0,-inf
-238.25,-1422.0,12.0,-inf
-238.0,-1422.0,12.0,-inf
-237.75,-1422.0,12.0,-inf
-237.5,-1422.0,12.0,-inf
-237.25,-1422.0,12.0,-inf
-237.0,-1422.0,12.0,-inf
-236.75,-1422.0,12.0,-inf
-236.5,-1422.0,12.0,-inf
-236.25,-1422.0,12.0,-inf
-236.0,-1422.0,12.0,-inf
-235.75,-1422.0,12.0,-inf
-235.5,-1422.0,12.0,-inf
-235.25,-1422.0,12.0,-inf
-235.0,-1422.0,12.0,-inf
-234.75,-1422.0,12.0,-inf
-234.5,-1422.0,12.0,-inf
-234.25,-1422.0,12.0,-inf
-234.0,-1422.0,12.0,-inf
-233.75,-1422.0,12.0,-inf
-233.5,-1422.0,12.0,-inf
-233.25,-1422.0,12.0,-inf
-233.0,-1422.0,12.0,-inf
-232.75,-1422.0,12.0,-inf
-232.5,-1422.0,12.0,-inf
-232.25,-1422.0,12.0,-inf
-232.0,-1422.0,12.0,-inf
-231.75,-1422.0,12.0,-inf
-231.5,-1422.0,12.0,-inf
-231.25,-1422.0,12.0,-inf
-231.0,-1422.0,12.0,-inf
-230.75,-1422.0,12.0,-inf
-230.5,-1422.0,12.0,-inf
-230.25,-1422.0,12.0,-inf
-230.0,-1422.0,12.0,-inf
-229.75,-1422.0,12.0,-inf
-229.5,-1422.0,12.0,-inf
-229.25,-1422.0,12.0,-inf
-229.0,-1422.0,12.0,-inf
-228.75,-1422.0,12.0,-inf
-228.5,-1422.0,12.0,-inf
-228.25,-1422.0,12.0,-inf
-228.0,-1422.0,12.0,-inf
-227.75,-1422.0,0.0,1.70000004768372
-227.5,-1422.0,0.0,1.70000004768372
-227.25,-1422.0,0.0,1.70000004768372
-227.0,-1422.0,0.0,1.70000004768372
-226.75,-1422.0,0.0,1.70000004768372
-226.5,-1422.0,0.0,1.70000004768372
-226.25,-1422.0,0.0,1.70000004768372
-226.0,-1422.0,0.0,1.70000004768372
-225.75,-1422.0,0.0,1.70000004768372
-225.5,-1422.0,0.0,1.70000004768372
-225.25,-1422.0,0.0,1.70000004768372
-225.0,-1422.0,0.0,1.70000004768372
-224.75,-1422.0,0.0,1.70000004768372
-224.5,-1422.0,0.0,1.70000004768372
-224.25,-1422.0,0.0,1.70000004768372
-224.0,-1422.0,0.0,1.70000004768372
-223.75,-1422.0,0.0,1.70000004768372
-223.5,-1422.0,0.0,1.70000004768372
-223.25,-1422.0,0.0,1.70000004768372
-223.0,-1422.0,0.0,1.70000004768372
-222.75,-1422.0,0.0,1.70000004768372
-222.5,-1422.0,0.0,1.70000004768372
-222.25,-1422.0,0.0,1.70000004768372
-222.0,-1422.0,0.0,1.70000004768372
-252.0,-1421.0,20.0,-inf
-251.75,-1421.0,12.0,-inf
-251.5,-1421.0,12.0,-inf
-251.25,-1421.0,12.0,-inf
-251.0,-1421.0,12.0,-inf
-250.75,-1421.0,12.0,-inf
-250.5,-1421.0,12.0,-inf
-250.25,-1421.0,12.0,-inf
-250.0,-1421.0,12.0,-inf
-249.75,-1421.0,12.0,-inf
-249.5,-1421.0,12.0,-inf
-249.25,-1421.0,12.0,-inf
-249.0,-1421.0,12.0,-inf
-248.75,-1421.0,12.0,-inf
-248.5,-1421.0,12.0,-inf
-248.25,-1421.0,12.0,-inf
-248.0,-1421.0,12.0,-inf
-247.75,-1421.0,12.0,-inf
-247.5,-1421.0,12.0,-inf
-247.25,-1421.0,12.0,-inf
-247.0,-1421.0,12.0,-inf
-246.75,-1421.0,12.0,-inf
-246.5,-1421.0,12.0,-inf
-246.25,-1421.0,12.0,-inf
-246.0,-1421.0,12.0,-inf
-245.75,-1421.0,12.0,-inf
-245.5,-1421.0,12.0,-inf
-245.25,-1421.0,12.0,-inf
-245.0,-1421.0,12.0,-inf
-244.75,-1421.0,12.0,-inf
-244.5,-1421.0,12.0,-inf
-244.25,-1421.0,12.0,-inf
-244.0,-1421.0,12.0,-inf
-243.75,-1421.0,12.0,-inf
-243.5,-1421.0,12.0,-inf
-243.25,-1421.0,12.0,-inf
-243.0,-1421.0,12.0,-inf
-242.75,-1421.0,12.0,-inf
-242.5,-1421.0,12.0,-inf
-242.25,-1421.0,12.0,-inf
-242.0,-1421.0,12.0,-inf
-241.75,-1421.0,12.0,-inf
-241.5,-1421.0,12.0,-inf
-241.25,-1421.0,12.0,-inf
-241.0,-1421.0,12.0,-inf
-240.75,-1421.0,12.0,-inf
-240.5,-1421.0,12.0,-inf
-240.25,-1421.0,12.0,-inf
-240.0,-1421.0,12.0,-inf
-239.75,-1421.0,12.0,-inf
-239.5,-1421.0,12.0,-inf
-239.25,-1421.0,12.0,-inf
-239.0,-1421.0,12.0,-inf
-238.75,-1421.0,12.0,-inf
-238.5,-1421.0,12.0,-inf
-238.25,-1421.0,12.0,-inf
-238.0,-1421.0,12.0,-inf
-237.75,-1421.0,12.0,-inf
-237.5,-1421.0,12.0,-inf
-237.25,-1421.0,12.0,-inf
-237.0,-1421.0,12.0,-inf
-236.75,-1421.0,12.0,-inf
-236.5,-1421.0,12.0,-inf
-236.25,-1421.0,12.0,-inf
-236.0,-1421.0,12.0,-inf
-235.75,-1421.0,12.0,-inf
-235.5,-1421.0,12.0,-inf
-235.25,-1421.0,12.0,-inf
-235.0,-1421.0,12.0,-inf
-234.75,-1421.0,12.0,-inf
-234.5,-1421.0,12.0,-inf
-234.25,-1421.0,12.0,-inf
-234.0,-1421.0,12.0,-inf
-233.75,-1421.0,12.0,-inf
-233.5,-1421.0,12.0,-inf
-233.25,-1421.0,12.0,-inf
-233.0,-1421.0,12.0,-inf
-232.75,-1421.0,12.0,-inf
-232.5,-1421.0,12.0,-inf
-232.25,-1421.0,12.0,-inf
-232.0,-1421.0,12.0,-inf
-231.75,-1421.0,12.0,-inf
-231.5,-1421.0,12.0,-inf
-231.25,-1421.0,12.0,-inf
-231.0,-1421.0,12.0,-inf
-230.75,-1421.0,12.0,-inf
-230.5,-1421.0,12.0,-inf
-230.25,-1421.0,12.0,-inf
-230.0,-1421.0,12.0,-inf
-229.75,-1421.0,12.0,-inf
-229.5,-1421.0,12.0,-inf
-229.25,-1421.0,12.0,-inf
-229.0,-1421.0,12.0,-inf
-228.75,-1421.0,12.0,-inf
-228.5,-1421.0,12.0,-inf
-228.25,-1421.0,12.0,-inf
-228.0,-1421.0,12.0,-inf
-227.75,-1421.0,0.0,1.70000004768372
-227.5,-1421.0,0.0,1.70000004768372
-227.25,-1421.0,0.0,1.70000004768372
-227.0,-1421.0,0.0,1.70000004768372
-226.75,-1421.0,0.0,1.70000004768372
-226.5,-1421.0,0.0,1.70000004768372
-226.25,-1421.0,0.0,1.70000004768372
-226.0,-1421.0,0.0,1.70000004768372
-225.75,-1421.0,0.0,1.70000004768372
-225.5,-1421.0,0.0,1.70000004768372
-225.25,-1421.0,0.0,1.70000004768372
-225.0,-1421.0,0.0,1.70000004768372
-224.75,-1421.0,0.0,1.70000004768372
-224.5,-1421.0,0.0,1.70000004768372
-224.25,-1421.0,0.0,1.70000004768372
-224.0,-1421.0,0.0,1.70000004768372
-223.75,-1421.0,0.0,1.70000004768372
-223.5,-1421.0,0.0,1.70000004768372
-223.25,-1421.0,0.0,1.70000004768372
-223.0,-1421.0,0.0,1.70000004768372
-222.75,-1421.0,0.0,1.70000004768372
-222.5,-1421.0,0.0,1.70000004768372
-222.25,-1421.0,0.0,1.70000004768372
-222.0,-1421.0,0.0,1.70000004768372
-252.0,-1420.0,20.0,-inf
-251.75,-1420.0,12.0,-inf
-251.5,-1420.0,12.0,-inf
-251.25,-1420.0,12.0,-inf
-251.0,-1420.0,12.0,-inf
-250.75,-1420.0,12.0,-inf
-250.5,-1420.0,12.0,-inf
-250.25,-1420.0,12.0,-inf
-250.0,-1420.0,12.0,-inf
-249.75,-1420.0,12.0,-inf
-249.5,-1420.0,12.0,-inf
-249.25,-1420.0,12.0,-inf
-249.0,-1420.0,12.0,-inf
-248.75,-1420.0,12.0,-inf
-248.5,-1420.0,12.0,-inf
-248.25,-1420.0,12.0,-inf
-248.0,-1420.0,12.0,-inf
-247.75,-1420.0,12.0,-inf
-247.5,-1420.0,12.0,-inf
-247.25,-1420.0,12.0,-inf
-247.0,-1420.0,12.0,-inf
-246.75,-1420.0,12.0,-inf
-246.5,-1420.0,12.0,-inf
-246.25,-1420.0,12.0,-inf
-246.0,-1420.0,12.0,-inf
-245.75,-1420.0,12.0,-inf
-245.5,-1420.0,12.0,-inf
-245.25,-1420.0,12.0,-inf
-245.0,-1420.0,12.0,-inf
-244.75,-1420.0,12.0,-inf
-244.5,-1420.0,12.0,-inf
-244.25,-1420.0,12.0,-inf
-244.0,-1420.0,12.0,-inf
-243.75,-1420.0,12.0,-inf
-243.5,-1420.0,12.0,-inf
-243.25,-1420.0,12.0,-inf
-243.0,-1420.0,12.0,-inf
-242.75,-1420.0,12.0,-inf
-242.5,-1420.0,12.0,-inf
-242.25,-1420.0,12.0,-inf
-242.0,-1420.0,12.0,-inf
-241.75,-1420.0,12.0,-inf
-241.5,-1420.0,12.0,-inf
-241.25,-1420.0,12.0,-inf
-241.0,-1420.0,12.0,-inf
-240.75,-1420.0,12.0,-inf
-240.5,-1420.0,12.0,-inf
-240.25,-1420.0,12.0,-inf
-240.0,-1420.0,12.0,-inf
-239.75,-1420.0,12.0,-inf
-239.5,-1420.0,12.0,-inf
-239.25,-1420.0,12.0,-inf
-239.0,-1420.0,12.0,-inf
-238.75,-1420.0,12.0,-inf
-238.5,-1420.0,12.0,-inf
-238.25,-1420.0,12.0,-inf
-238.0,-1420.0,12.0,-inf
-237.75,-1420.0,12.0,-inf
-237.5,-1420.0,12.0,-inf
-237.25,-1420.0,12.0,-inf
-237.0,-1420.0,12.0,-inf
-236.75,-1420.0,12.0,-inf
-236.5,-1420.0,12.0,-inf
-236.25,-1420.0,12.0,-inf
-236.0,-1420.0,12.0,-inf
-235.75,-1420.0,12.0,-inf
-235.5,-1420.0,12.0,-inf
-235.25,-1420.0,12.0,-inf
-235.0,-1420.0,12.0,-inf
-234.75,-1420.0,12.0,-inf
-234.5,-1420.0,12.0,-inf
-234.25,-1420.0,12.0,-inf
-234.0,-1420.0,12.0,-inf
-233.75,-1420.0,12.0,-inf
-233.5,-1420.0,12.0,-inf
-233.25,-1420.0,12.0,-inf
-233.0,-1420.0,12.0,-inf
-232.75,-1420.0,12.0,-inf
-232.5,-1420.0,12.0,-inf
-232.25,-1420.0,12.0,-inf
-232.0,-1420.0,12.0,-inf
-231.75,-1420.0,12.0,-inf
-231.5,-1420.0,12.0,-inf
-231.25,-1420.0,12.0,-inf
-231.0,-1420.0,12.0,-inf
-230.75,-1420.0,12.0,-inf
-230.5,-1420.0,12.0,-inf
-230.25,-1420.0,12.0,-inf
-230.0,-1420.0,12.0,-inf
-229.75,-1420.0,12.0,-inf
-229.5,-1420.0,12.0,-inf
-229.25,-1420.0,12.0,-inf
-229.0,-1420.0,12.0,-inf
-228.75,-1420.0,12.0,-inf
-228.5,-1420.0,12.0,-inf
-228.25,-1420.0,12.0,-inf
-228.0,-1420.0,12.0,-inf
-227.75,-1420.0,0.0,1.70000004768372
-227.5,-1420.0,0.0,1.70000004768372
-227.25,-1420.0,0.0,1.70000004768372
-227.0,-1420.0,0.0,1.70000004768372
-226.75,-1420.0,0.0,1.70000004768372
-226.5,-1420.0,0.0,1.70000004768372
-226.25,-1420.0,0.0,1.70000004768372
-226.0,-1420.0,0.0,1.70000004768372
-225.75,-1420.0,0.0,1.70000004768372
-225.5,-1420.0,0.0,1.70000004768372
-225.25,-1420.0,0.0,1.70000004768372
-225.0,-1420.0,0.0,1.70000004768372
-224.75,-1420.0,0.0,1.70000004768372
-224.5,-1420.0,0.0,1.70000004768372
-224.25,-1420.0,0.0,1.70000004768372
-224.0,-1420.0,0.0,1.70000004768372
-223.75,-1420.0,0.0,1.70000004768372
-223.5,-1420.0,0.0,1.70000004768372
-223.25,-1420.0,0.0,1.70000004768372
-223.0,-1420.0,0.0,1.70000004768372
-222.75,-1420.0,0.0,1.70000004768372
-222.5,-1420.0,0.0,1.70000004768372
-222.25,-1420.0,0.0,1.70000004768372
-222.0,-1420.0,0.0,1.70000004768372
-252.0,-1419.0,20.0,-inf
-251.75,-1419.0,12.0,-inf
-251.5,-1419.0,12.0,-inf
-251.25,-1419.0,12.0,-inf
-251.0,-1419.0,12.0,-inf
-250.75,-1419.0,12.0,-inf
-250.5,-1419.0,12.0,-inf
-250.25,-1419.0,12.0,-inf
-250.0,-1419.0,12.0,-inf
-249.75,-1419.0,12.0,-inf
-249.5,-1419.0,12.0,-inf
-249.25,-1419.0,12.0,-inf
-249.0,-1419.0,12.0,-inf
-248.75,-1419.0,12.0,-inf
-248.5,-1419.0,12.0,-inf
-248.25,-1419.0,12.0,-inf
-248.0,-1419.0,12.0,-inf
-247.75,-1419.0,12.0,-inf
-247.5,-1419.0,12.0,-inf
-247.25,-1419.0,12.0,-inf
-247.0,-1419.0,12.0,-inf
-246.75,-1419.0,12.0,-inf
-246.5,-1419.0,12.0,-inf
-246.25,-1419.0,12.0,-inf
-246.0,-1419.0,12.0,-inf
-245.75,-1419.0,12.0,-inf
-245.5,-1419.0,12.0,-inf
-245.25,-1419.0,12.0,-inf
-245.0,-1419.0,12.0,-inf
-244.75,-1419.0,12.0,-inf
-244.5,-1419.0,12.0,-inf
-244.25,-1419.0,12.0,-inf
-244.0,-1419.0,12.0,-inf
-243.75,-1419.0,12.0,-inf
-243.5,-1419.0,12.0,-inf
-243.25,-1419.0,12.0,-inf
-243.0,-1419.0,12.0,-inf
-242.75,-1419.0,12.0,-inf
-242.5,-1419.0,12.0,-inf
-242.25,-1419.0,12.0,-inf
-242.0,-1419.0,12.0,-inf
-241.75,-1419.0,12.0,-inf
-241.5,-1419.0,12.0,-inf
-241.25,-1419.0,12.0,-inf
-241.0,-1419.0,12.0,-inf
-240.75,-1419.0,12.0,-inf
-240.5,-1419.0,12.0,-inf
-240.25,-1419.0,12.0,-inf
-240.0,-1419.0,12.0,-inf
-239.75,-1419.0,12.0,-inf
-239.5,-1419.0,12.0,-inf
-239.25,-1419.0,12.0,-inf
-239.0,-1419.0,12.0,-inf
-238.75,-1419.0,12.0,-inf
-238.5,-1419.0,12.0,-inf
-238.25,-1419.0,12.0,-inf
-238.0,-1419.0,12.0,-inf
-237.75,-1419.0,12.0,-inf
-237.5,-1419.0,12.0,-inf
-237.25,-1419.0,12.0,-inf
-237.0,-1419.0,12.0,-inf
-236.75,-1419.0,12.0,-inf
-236.5,-1419.0,12.0,-inf
-236.25,-1419.0,12.0,-inf
-236.0,-1419.0,12.0,-inf
-235.75,-1419.0,12.0,-inf
-235.5,-1419.0,12.0,-inf
-235.25,-1419.0,12.0,-inf
-235.0,-1419.0,12.0,-inf
-234.75,-1419.0,12.0,-inf
-234.5,-1419.0,12.0,-inf
-234.25,-1419.0,12.0,-inf
-234.0,-1419.0,12.0,-inf
-233.75,-1419.0,12.0,-inf
-233.5,-1419.0,12.0,-inf
-233.25,-1419.0,12.0,-inf
-233.0,-1419.0,12.0,-inf
-232.75,-1419.0,12.0,-inf
-232.5,-1419.0,12.0,-inf
-232.25,-1419.0,12.0,-inf
-232.0,-1419.0,12.0,-inf
-231.75,-1419.0,12.0,-inf
-231.5,-1419.0,12.0,-inf
-231.25,-1419.0,12.0,-inf
-231.0,-1419.0,12.0,-inf
-230.75,-1419.0,12.0,-inf
-230.5,-1419.0,12.0,-inf
-230.25,-1419.0,12.0,-inf
-230.0,-1419.0,12.0,-inf
-229.75,-1419.0,12.0,-inf
-229.5,-1419.0,12.0,-inf
-229.25,-1419.0,12.0,-inf
-229.0,-1419.0,12.0,-inf
-228.75,-1419.0,12.0,-inf
-228.5,-1419.0,12.0,-inf
-228.25,-1419.0,12.0,-inf
-228.0,-1419.0,12.0,-inf
-227.75,-1419.0,0.0,1.70000004768372
-227.5,-1419.0,0.0,1.70000004768372
-227.25,-1419.0,0.0,1.70000004768372
-227.0,-1419.0,0.0,1.70000004768372
-226.75,-1419.0,0.0,1.70000004768372
-226.5,-1419.0,0.0,1.70000004768372
-226.25,-1419.0,0.0,1.70000004768372
-226.0,-1419.0,0.0,1.70000004768372
-225.75,-1419.0,0.0,1.70000004768372
-225.5,-1419.0,0.0,1.70000004768372
-225.25,-1419.0,0.0,1.70000004768372
-225.0,-1419.0,0.0,1.70000004768372
-224.75,-1419.0,0.0,1.70000004768372
-224.5,-1419.0,0.0,1.70000004768372
-224.25,-1419.0,0.0,1.70000004768372
-224.0,-1419.0,0.0,1.70000004768372
-223.75,-1419.0,0.0,1.70000004768372
-223.5,-1419.0,0.0,1.70000004768372
-223.25,-1419.0,0.0,1.70000004768372
-223.0,-1419.0,0.0,1.70000004768372
-222.75,-1419.0,0.0,1.70000004768372
-222.5,-1419.0,0.0,1.70000004768372
-222.25,-1419.0,0.0,1.70000004768372
-222.0,-1419.0,0.0,1.70000004768372
-252.0,-1418.0,20.0,-inf
-251.75,-1418.0,12.0,-inf
-251.5,-1418.0,12.0,-inf
-251.25,-1418.0,12.0,-inf
-251.0,-1418.0,12.0,-inf
-250.75,-1418.0,12.0,-inf
-250.5,-1418.0,12.0,-inf
-250.25,-1418.0,12.0,-inf
-250.0,-1418.0,12.0,-inf
-249.75,-1418.0,12.0,-inf
-249.5,-1418.0,12.0,-inf
-249.25,-1418.0,12.0,-inf
-249.0,-1418.0,12.0,-inf
-248.75,-1418.0,12.0,-inf
-248.5,-1418.0,12.0,-inf
-248.25,-1418.0,12.0,-inf
-248.0,-1418.0,12.0,-inf
-247.75,-1418.0,12.0,-inf
-247.5,-1418.0,12.0,-inf
-247.25,-1418.0,12.0,-inf
-247.0,-1418.0,12.0,-inf
-246.75,-1418.0,12.0,-inf
-246.5,-1418.0,12.0,-inf
-246.25,-1418.0,12.0,-inf
-246.0,-1418.0,12.0,-inf
-245.75,-1418.0,12.0,-inf
-245.5,-1418.0,12.0,-inf
-245.25,-1418.0,12.0,-inf
-245.0,-1418.0,12.0,-inf
-244.75,-1418.0,12.0,-inf
-244.5,-1418.0,12.0,-inf
-244.25,-1418.0,12.0,-inf
-244.0,-1418.0,12.0,-inf
-243.75,-1418.0,12.0,-inf
-243.5,-1418.0,12.0,-inf
-243.25,-1418.0,12.0,-inf
-243.0,-1418.0,12.0,-inf
-242.75,-1418.0,12.0,-inf
-242.5,-1418.0,12.0,-inf
-242.25,-1418.0,12.0,-inf
-242.0,-1418.0,12.0,-inf
-241.75,-1418.0,12.0,-inf
-241.5,-1418.0,12.0,-inf
-241.25,-1418.0,12.0,-inf
-241.0,-1418.0,12.0,-inf
-240.75,-1418.0,12.0,-inf
-240.5,-1418.0,12.0,-inf
-240.25,-1418.0,12.0,-inf
-240.0,-1418.0,12.0,-inf
-239.75,-1418.0,12.0,-inf
-239.5,-1418.0,12.0,-inf
-239.25,-1418.0,12.0,-inf
-239.0,-1418.0,12.0,-inf
-238.75,-1418.0,12.0,-inf
-238.5,-1418.0,12.0,-inf
-238.25,-1418.0,12.0,-inf
-238.0,-1418.0,12.0,-inf
-237.75,-1418.0,12.0,-inf
-237.5,-1418.0,12.0,-inf
-237.25,-1418.0,12.0,-inf
-237.0,-1418.0,12.0,-inf
-236.75,-1418.0,12.0,-inf
-236.5,-1418.0,12.0,-inf
-236.25,-1418.0,12.0,-inf
-236.0,-1418.0,12.0,-inf
-235.75,-1418.0,12.0,-inf
-235.5,-1418.0,12.0,-inf
-235.25,-1418.0,12.0,-inf
-235.0,-1418.0,12.0,-inf
-234.75,-1418.0,12.0,-inf
-234.5,-1418.0,12.0,-inf
-234.25,-1418.0,12.0,-inf
-234.0,-1418.0,12.0,-inf
-233.75,-1418.0,12.0,-inf
-233.5,-1418.0,12.0,-inf
-233.25,-1418.0,12.0,-inf
-233.0,-1418.0,12.0,-inf
-232.75,-1418.0,12.0,-inf
-232.5,-1418.0,12.0,-inf
-232.25,-1418.0,12.0,-inf
-232.0,-1418.0,12.0,-inf
-231.75,-1418.0,12.0,-inf
-231.5,-1418.0,12.0,-inf
-231.25,-1418.0,12.0,-inf
-231.0,-1418.0,12.0,-inf
-230.75,-1418.0,12.0,-inf
-230.5,-1418.0,12.0,-inf
-230.25,-1418.0,12.0,-inf
-230.0,-1418.0,12.0,-inf
-229.75,-1418.0,12.0,-inf
-229.5,-1418.0,12.0,-inf
-229.25,-1418.0,12.0,-inf
-229.0,-1418.0,12.0,-inf
-228.75,-1418.0,12.0,-inf
-228.5,-1418.0,12.0,-inf
-228.25,-1418.0,12.0,-inf
-228.0,-1418.0,12.0,-inf
-227.75,-1418.0,0.0,1.70000004768372
-227.5,-1418.0,0.0,1.70000004768372
-227.25,-1418.0,0.0,1.70000004768372
-227.0,-1418.0,0.0,1.70000004768372
-226.75,-1418.0,0.0,1.70000004768372
-226.5,-1418.0,0.0,1.70000004768372
-226.25,-1418.0,0.0,1.70000004768372
-226.0,-1418.0,0.0,1.70000004768372
-225.75,-1418.0,0.0,1.70000004768372
-225.5,-1418.0,0.0,1.70000004768372
-225.25,-1418.0,0.0,1.70000004768372
-225.0,-1418.0,0.0,1.70000004768372
-224.75,-1418.0,0.0,1.70000004768372
-224.5,-1418.0,0.0,1.70000004768372
-224.25,-1418.0,0.0,1.70000004768372
-224.0,-1418.0,0.0,1.70000004768372
-223.75,-1418.0,0.0,1.70000004768372
-223.5,-1418.0,0.0,1.70000004768372
-223.25,-1418.0,0.0,1.70000004768372
-223.0,-1418.0,0.0,1.70000004768372
-222.75,-1418.0,0.0,1.70000004768372
-222.5,-1418.0,0.0,1.70000004768372
-222.25,-1418.0,0.0,1.70000004768372
-222.0,-1418.0,0.0,1.70000004768372
-252.0,-1417.0,20.0,-inf
-251.75,-1417.0,12.0,-inf
-251.5,-1417.0,12.0,-inf
-251.25,-1417.0,12.0,-inf
-251.0,-1417.0,12.0,-inf
-250.75,-1417.0,12.0,-inf
-250.5,-1417.0,12.0,-inf
-250.25,-1417.0,12.0,-inf
-250.0,-1417.0,12.0,-inf
-249.75,-1417.0,12.0,-inf
-249.5,-1417.0,12.0,-inf
-249.25,-1417.0,12.0,-inf
-249.0,-1417.0,12.0,-inf
-248.75,-1417.0,12.0,-inf
-248.5,-1417.0,12.0,-inf
-248.25,-1417.0,12.0,-inf
-248.0,-1417.0,12.0,-inf
-247.75,-1417.0,12.0,-inf
-247.5,-1417.0,12.0,-inf
-247.25,-1417.0,12.0,-inf
-247.0,-1417.0,12.0,-inf
-246.75,-1417.0,12.0,-inf
-246.5,-1417.0,12.0,-inf
-246.25,-1417.0,12.0,-inf
-246.0,-1417.0,12.0,-inf
-245.75,-1417.0,12.0,-inf
-245.5,-1417.0,12.0,-inf
-245.25,-1417.0,12.0,-inf
-245.0,-1417.0,12.0,-inf
-244.75,-1417.0,12.0,-inf
-244.5,-1417.0,12.0,-inf
-244.25,-1417.0,12.0,-inf
-244.0,-1417.0,12.0,-inf
-243.75,-1417.0,12.0,-inf
-243.5,-1417.0,12.0,-inf
-243.25,-1417.0,12.0,-inf
-243.0,-1417.0,12.0,-inf
-242.75,-1417.0,12.0,-inf
-242.5,-1417.0,12.0,-inf
-242.25,-1417.0,12.0,-inf
-242.0,-1417.0,12.0,-inf
-241.75,-1417.0,12.0,-inf
-241.5,-1417.0,12.0,-inf
-241.25,-1417.0,12.0,-inf
-241.0,-1417.0,12.0,-inf
-240.75,-1417.0,12.0,-inf
-240.5,-1417.0,12.0,-inf
-240.25,-1417.0,12.0,-inf
-240.0,-1417.0,12.0,-inf
-239.75,-1417.0,12.0,-inf
-239.5,-1417.0,12.0,-inf
-239.25,-1417.0,12.0,-inf
-239.0,-1417.0,12.0,-inf
-238.75,-1417.0,12.0,-inf
-238.5,-1417.0,12.0,-inf
-238.25,-1417.0,12.0,-inf
-238.0,-1417.0,12.0,-inf
-237.75,-1417.0,12.0,-inf
-237.5,-1417.0,12.0,-inf
-237.25,-1417.0,12.0,-inf
-237.0,-1417.0,12.0,-inf
-236.75,-1417.0,12.0,-inf
-236.5,-1417.0,12.0,-inf
-236.25,-1417.0,12.0,-inf
-236.0,-1417.0,12.0,-inf
-235.75,-1417.0,12.0,-inf
-235.5,-1417.0,12.0,-inf
-235.25,-1417.0,12.0,-inf
-235.0,-1417.0,12.0,-inf
-234.75,-1417.0,12.0,-inf
-234.5,-1417.0,12.0,-inf
-234.25,-1417.0,12.0,-inf
-234.0,-1417.0,12.0,-inf
-233.75,-1417.0,12.0,-inf
-233.5,-1417.0,12.0,-inf
-233.25,-1417.0,12.0,-inf
-233.0,-1417.0,12.0,-inf
-232.75,-1417.0,12.0,-inf
-232.5,-1417.0,12.0,-inf
-232.25,-1417.0,12.0,-inf
-232.0,-1417.0,12.0,-inf
-231.75,-1417.0,12.0,-inf
-231.5,-1417.0,12.0,-inf
-231.25,-1417.0,12.0,-inf
-231.0,-1417.0,12.0,-inf
-230.75,-1417.0,12.0,-inf
-230.5,-1417.0,12.0,-inf
-230.25,-1417.0,12.0,-inf
-230.0,-1417.0,12.0,-inf
-229.75,-1417.0,12.0,-inf
-229.5,-1417.0,12.0,-inf
-229.25,-1417.0,12.0,-inf
-229.0,-1417.0,12.0,-inf
-228.75,-1417.0,12.0,-inf
-228.5,-1417.0,12.0,-inf
-228.25,-1417.0,12.0,-inf
-228.0,-1417.0,12.0,-inf
-227.75,-1417.0,0.0,1.70000004768372
-227.5,-1417.0,0.0,1.70000004768372
-227.25,-1417.0,0.0,1.70000004768372
-227.0,-1417.0,0.0,1.70000004768372
-226.75,-1417.0,0.0,1.70000004768372
-226.5,-1417.0,0.0,1.70000004768372
-226.25,-1417.0,0.0,1.70000004768372
-226.0,-1417.0,0.0,1.70000004768372
-225.75,-1417.0,0.0,1.70000004768372
-225.5,-1417.0,0.0,1.70000004768372
-225.25,-1417.0,0.0,1.70000004768372
-225.0,-1417.0,0.0,1.70000004768372
-224.75,-1417.0,0.0,1.70000004768372
-224.5,-1417.0,0.0,1.70000004768372
-224.25,-1417.0,0.0,1.70000004768372
-224.0,-1417.0,0.0,1.70000004768372
-223.75,-1417.0,0.0,1.70000004768372
-223.5,-1417.0,0.0,1.70000004768372
-223.25,-1417.0,0.0,1.70000004768372
-223.0,-1417.0,0.0,1.70000004768372
-222.75,-1417.0,0.0,1.70000004768372
-222.5,-1417.0,0.0,1.70000004768372
-222.25,-1417.0,0.0,1.70000004768372
-222.0,-1417.0,0.0,1.70000004768372
-252.0,-1416.0,20.0,-inf
-251.75,-1416.0,12.0,-inf
-251.5,-1416.0,12.0,-inf
-251.25,-1416.0,12.0,-inf
-251.0,-1416.0,12.0,-inf
-250.75,-1416.0,12.0,-inf
-250.5,-1416.0,12.0,-inf
-250.25,-1416.0,12.0,-inf
-250.0,-1416.0,12.0,-inf
-249.75,-1416.0,12.0,-inf
-249.5,-1416.0,12.0,-inf
-249.25,-1416.0,12.0,-inf
-249.0,-1416.0,12.0,-inf
-248.75,-1416.0,12.0,-inf
-248.5,-1416.0,12.0,-inf
-248.25,-1416.0,12.0,-inf
-248.0,-1416.0,12.0,-inf
-247.75,-1416.0,12.0,-inf
-247.5,-1416.0,12.0,-inf
-247.25,-1416.0,12.0,-inf
-247.0,-1416.0,12.0,-inf
-246.75,-1416.0,12.0,-inf
-246.5,-1416.0,12.0,-inf
-246.25,-1416.0,12.0,-inf
-246.0,-1416.0,12.0,-inf
-245.75,-1416.0,12.0,-inf
-245.5,-1416.0,12.0,-inf
-245.25,-1416.0,12.0,-inf
-245.0,-1416.0,12.0,-inf
-244.75,-1416.0,12.0,-inf
-244.5,-1416.0,12.0,-inf
-244.25,-1416.0,12.0,-inf
-244.0,-1416.0,12.0,-inf
-243.75,-1416.0,12.0,-inf
-243.5,-1416.0,12.0,-inf
-243.25,-1416.0,12.0,-inf
-243.0,-1416.0,12.0,-inf
-242.75,-1416.0,12.0,-inf
-242.5,-1416.0,12.0,-inf
-242.25,-1416.0,12.0,-inf
-242.0,-1416.0,12.0,-inf
-241.75,-1416.0,12.0,-inf
-241.5,-1416.0,12.0,-inf
-241.25,-1416.0,12.0,-inf
-241.0,-1416.0,12.0,-inf
-240.75,-1416.0,12.0,-inf
-240.5,-1416.0,12.0,-inf
-240.25,-1416.0,12.0,-inf
-240.0,-1416.0,12.0,-inf
-239.75,-1416.0,12.0,-inf
-239.5,-1416.0,12.0,-inf
-239.25,-1416.0,12.0,-inf
-239.0,-1416.0,12.0,-inf
-238.75,-1416.0,12.0,-inf
-238.5,-1416.0,12.0,-inf
-238.25,-1416.0,12.0,-inf
-238.0,-1416.0,12.0,-inf
-237.75,-1416.0,12.0,-inf
-237.5,-1416.0,12.0,-inf
-237.25,-1416.0,12.0,-inf
-237.0,-1416.0,12.0,-inf
-236.75,-1416.0,12.0,-inf
-236.5,-1416.0,12.0,-inf
-236.25,-1416.0,12.0,-inf
-236.0,-1416.0,12.0,-inf
-235.75,-1416.0,12.0,-inf
-235.5,-1416.0,12.0,-inf
-235.25,-1416.0,12.0,-inf
-235.0,-1416.0,12.0,-inf
-234.75,-1416.0,12.0,-inf
-234.5,-1416.0,12.0,-inf
-234.25,-1416.0,12.0,-inf
-234.0,-1416.0,12.0,-inf
-233.75,-1416.0,12.0,-inf
-233.5,-1416.0,12.0,-inf
-233.25,-1416.0,12.0,-inf
-233.0,-1416.0,12.0,-inf
-232.75,-1416.0,12.0,-inf
-232.5,-1416.0,12.0,-inf
-232.25,-1416.0,12.0,-inf
-232.0,-1416.0,12.0,-inf
-231.75,-1416.0,12.0,-inf
-231.5,-1416.0,12.0,-inf
-231.25,-1416.0,12.0,-inf
-231.0,-1416.0,12.0,-inf
-230.75,-1416.0,12.0,-inf
-230.5,-1416.0,12.0,-inf
-230.25,-1416.0,12.0,-inf
-230.0,-1416.0,12.0,-inf
-229.75,-1416.0,12.0,-inf
-229.5,-1416.0,12.0,-inf
-229.25,-1416.0,12.0,-inf
-229.0,-1416.0,12.0,-inf
-228.75,-1416.0,12.0,-inf
-228.5,-1416.0,12.0,-inf
-228.25,-1416.0,12.0,-inf
-228.0,-1416.0,12.0,-inf
-227.75,-1416.0,0.0,1.70000004768372
-227.5,-1416.0,0.0,1.70000004768372
-227.25,-1416.0,0.0,1.70000004768372
-227.0,-1416.0,0.0,1.70000004768372
-226.75,-1416.0,0.0,1.70000004768372
-226.5,-1416.0,0.0,1.70000004768372
-226.25,-1416.0,0.0,1.70000004768372
-226.0,-1416.0,0.0,1.70000004768372
-225.75,-1416.0,0.0,1.70000004768372
-225.5,-1416.0,0.0,1.70000004768372
-225.25,-1416.0,0.0,1.70000004768372
-225.0,-1416.0,0.0,1.70000004768372
-224.75,-1416.0,0.0,1.70000004768372
-224.5,-1416.0,0.0,1.70000004768372
-224.25,-1416.0,0.0,1.70000004768372
-224.0,-1416.0,0.0,1.70000004768372
-223.75,-1416.0,0.0,1.70000004768372
-223.5,-1416.0,0.0,1.70000004768372
-223.25,-1416.0,0.0,1.70000004768372
-223.0,-1416.0,0.0,1.70000004768372
-222.75,-1416.0,0.0,1.70000004768372
-222.5,-1416.0,0.0,1.70000004768372
-222.25,-1416.0,0.0,1.70000004768372
-222.0,-1416.0,0.0,1.70000004768372
-252.0,-1415.0,20.0,-inf
-251.75,-1415.0,12.0,-inf
-251.5,-1415.0,12.0,-inf
-251.25,-1415.0,12.0,-inf
-251.0,-1415.0,12.0,-inf
-250.75,-1415.0,12.0,-inf
-250.5,-1415.0,12.0,-inf
-250.25,-1415.0,12.0,-inf
-250.0,-1415.0,12.0,-inf
-249.75,-1415.0,12.0,-inf
-249.5,-1415.0,12.0,-inf
-249.25,-1415.0,12.0,-inf
-249.0,-1415.0,12.0,-inf
-248.75,-1415.0,12.0,-inf
-248.5,-1415.0,12.0,-inf
-248.25,-1415.0,12.0,-inf
-248.0,-1415.0,12.0,-inf
-247.75,-1415.0,12.0,-inf
-247.5,-1415.0,12.0,-inf
-247.25,-1415.0,12.0,-inf
-247.0,-1415.0,12.0,-inf
-246.75,-1415.0,12.0,-inf
-246.5,-1415.0,12.0,-inf
-246.25,-1415.0,12.0,-inf
-246.0,-1415.0,12.0,-inf
-245.75,-1415.0,12.0,-inf
-245.5,-1415.0,12.0,-inf
-245.25,-1415.0,12.0,-inf
-245.0,-1415.0,12.0,-inf
-244.75,-1415.0,12.0,-inf
-244.5,-1415.0,12.0,-inf
-244.25,-1415.0,12.0,-inf
-244.0,-1415.0,12.0,-inf
-243.75,-1415.0,12.0,-inf
-243.5,-1415.0,12.0,-inf
-243.25,-1415.0,12.0,-inf
-243.0,-1415.0,12.0,-inf
-242.75,-1415.0,12.0,-inf
-242.5,-1415.0,12.0,-inf
-242.25,-1415.0,12.0,-inf
-242.0,-1415.0,12.0,-inf
-241.75,-1415.0,12.0,-inf
-241.5,-1415.0,12.0,-inf
-241.25,-1415.0,12.0,-inf
-241.0,-1415.0,12.0,-inf
-240.75,-1415.0,12.0,-inf
-240.5,-1415.0,12.0,-inf
-240.25,-1415.0,12.0,-inf
-240.0,-1415.0,12.0,-inf
-239.75,-1415.0,12.0,-inf
-239.5,-1415.0,12.0,-inf
-239.25,-1415.0,12.0,-inf
-239.0,-1415.0,12.0,-inf
-238.75,-1415.0,12.0,-inf
-238.5,-1415.0,12.0,-inf
-238.25,-1415.0,12.0,-inf
-238.0,-1415.0,12.0,-inf
-237.75,-1415.0,12.0,-inf
-237.5,-1415.0,12.0,-inf
-237.25,-1415.0,12.0,-inf
-237.0,-1415.0,12.0,-inf
-236.75,-1415.0,12.0,-inf
-236.5,-1415.0,12.0,-inf
-236.25,-1415.0,12.0,-inf
-236.0,-1415.0,12.0,-inf
-235.75,-1415.0,12.0,-inf
-235.5,-1415.0,12.0,-inf
-235.25,-1415.0,12.0,-inf
-235.0,-1415.0,12.0,-inf
-234.75,-1415.0,12.0,-inf
-234.5,-1415.0,12.0,-inf
-234.25,-1415.0,12.0,-inf
-234.0,-1415.0,12.0,-inf
-233.75,-1415.0,12.0,-inf
-233.5,-1415.0,12.0,-inf
-233.25,-1415.0,12.0,-inf
-233.0,-1415.0,12.0,-inf
-232.75,-1415.0,12.0,-inf
-232.5,-1415.0,12.0,-inf
-232.25,-1415.0,12.0,-inf
-232.0,-1415.0,12.0,-inf
-231.75,-1415.0,12.0,-inf
-231.5,-1415.0,12.0,-inf
-231.25,-1415.0,12.0,-inf
-231.0,-1415.0,12.0,-inf
-230.75,-1415.0,12.0,-inf
-230.5,-1415.0,12.0,-inf
-230.25,-1415.0,12.0,-inf
-230.0,-1415.0,12.0,-inf
-229.75,-1415.0,12.0,-inf
-229.5,-1415.0,12.0,-inf
-229.25,-1415.0,12.0,-inf
-229.0,-1415.0,12.0,-inf
-228.75,-1415.0,12.0,-inf
-228.5,-1415.0,12.0,-inf
-228.25,-1415.0,12.0,-inf
-228.0,-1415.0,12.0,-inf
-227.75,-1415.0,0.0,1.70000004768372
-227.5,-1415.0,0.0,1.70000004768372
-227.25,-1415.0,0.0,1.70000004768372
-227.0,-1415.0,0.0,1.70000004768372
-226.75,-1415.0,0.0,1.70000004768372
-226.5,-1415.0,0.0,1.70000004768372
-226.25,-1415.0,0.0,1.70000004768372
-226.0,-1415.0,0.0,1.70000004768372
-225.75,-1415.0,0.0,1.70000004768372
-225.5,-1415.0,0.0,1.70000004768372
-225.25,-1415.0,0.0,1.70000004768372
-225.0,-1415.0,0.0,1.70000004768372
-224.75,-1415.0,0.0,1.70000004768372
-224.5,-1415.0,0.0,1.70000004768372
-224.25,-1415.0,0.0,1.70000004768372
-224.0,-1415.0,0.0,1.70000004768372
-223.75,-1415.0,0.0,1.70000004768372
-223.5,-1415.0,0.0,1.70000004768372
-223.25,-1415.0,0.0,1.70000004768372
-223.0,-1415.0,0.0,1.70000004768372
-222.75,-1415.0,0.0,1.70000004768372
-222.5,-1415.0,0.0,1.70000004768372
-222.25,-1415.0,0.0,1.70000004768372
-222.0,-1415.0,0.0,1.70000004768372
-252.0,-1414.0,20.0,-inf
-251.75,-1414.0,12.0,-inf
-251.5,-1414.0,12.0,-inf
-251.25,-1414.0,12.0,-inf
-251.0,-1414.0,12.0,-inf
-250.75,-1414.0,12.0,-inf
-250.5,-1414.0,12.0,-inf
-250.25,-1414.0,12.0,-inf
-250.0,-1414.0,12.0,-inf
-249.75,-1414.0,12.0,-inf
-249.5,-1414.0,12.0,-inf
-249.25,-1414.0,12.0,-inf
-249.0,-1414.0,12.0,-inf
-248.75,-1414.0,12.0,-inf
-248.5,-1414.0,12.0,-inf
-248.25,-1414.0,12.0,-inf
-248.0,-1414.0,12.0,-inf
-247.75,-1414.0,12.0,-inf
-247.5,-1414.0,12.0,-inf
-247.25,-1414.0,12.0,-inf
-247.0,-1414.0,12.0,-inf
-246.75,-1414.0,12.0,-inf
-246.5,-1414.0,12.0,-inf
-246.25,-1414.0,12.0,-inf
-246.0,-1414.0,12.0,-inf
-245.75,-1414.0,12.0,-inf
-245.5,-1414.0,12.0,-inf
-245.25,-1414.0,12.0,-inf
-245.0,-1414.0,12.0,-inf
-244.75,-1414.0,12.0,-inf
-244.5,-1414.0,12.0,-inf
-244.25,-1414.0,12.0,-inf
-244.0,-1414.0,12.0,-inf
-243.75,-1414.0,12.0,-inf
-243.5,-1414.0,12.0,-inf
-243.25,-1414.0,12.0,-inf
-243.0,-1414.0,12.0,-inf
-242.75,-1414.0,12.0,-inf
-242.5,-1414.0,12.0,-inf
-242.25,-1414.0,12.0,-inf
-242.0,-1414.0,12.0,-inf
-241.75,-1414.0,12.0,-inf
-241.5,-1414.0,12.0,-inf
-241.25,-1414.0,12.0,-inf
-241.0,-1414.0,12.0,-inf
-240.75,-1414.0,12.0,-inf
-240.5,-1414.0,12.0,-inf
-240.25,-1414.0,12.0,-inf
-240.0,-1414.0,12.0,-inf
-239.75,-1414.0,12.0,-inf
-239.5,-1414.0,12.0,-inf
-239.25,-1414.0,12.0,-inf
-239.0,-1414.0,12.0,-inf
-238.75,-1414.0,12.0,-inf
-238.5,-1414.0,12.0,-inf
-238.25,-1414.0,12.0,-inf
-238.0,-1414.0,12.0,-inf
-237.75,-1414.0,12.0,-inf
-237.5,-1414.0,12.0,-inf
-237.25,-1414.0,12.0,-inf
-237.0,-1414.0,12.0,-inf
-236.75,-1414.0,12.0,-inf
-236.5,-1414.0,12.0,-inf
-236.25,-1414.0,12.0,-inf
-236.0,-1414.0,12.0,-inf
-235.75,-1414.0,12.0,-inf
-235.5,-1414.0,12.0,-inf
-235.25,-1414.0,12.0,-inf
-235.0,-1414.0,12.0,-inf
-234.75,-1414.0,12.0,-inf
-234.5,-1414.0,12.0,-inf
-234.25,-1414.0,12.0,-inf
-234.0,-1414.0,12.0,-inf
-233.75,-1414.0,12.0,-inf
-233.5,-1414.0,12.0,-inf
-233.25,-1414.0,12.0,-inf
-233.0,-1414.0,12.0,-inf
-232.75,-1414.0,12.0,-inf
-232.5,-1414.0,12.0,-inf
-232.25,-1414.0,12.0,-inf
-232.0,-1414.0,12.0,-inf
-231.75,-1414.0,12.0,-inf
-231.5,-1414.0,12.0,-inf
-231.25,-1414.0,12.0,-inf
-231.0,-1414.0,12.0,-inf
-230.75,-1414.0,12.0,-inf
-230.5,-1414.0,12.0,-inf
-230.25,-1414.0,12.0,-inf
-230.0,-1414.0,12.0,-inf
-229.75,-1414.0,12.0,-inf
-229.5,-1414.0,12.0,-inf
-229.25,-1414.0,12.0,-inf
-229.0,-1414.0,12.0,-inf
-228.75,-1414.0,12.0,-inf
-228.5,-1414.0,12.0,-inf
-228.25,-1414.0,12.0,-inf
-228.0,-1414.0,12.0,-inf
-227.75,-1414.0,0.0,1.70000004768372
-227.5,-1414.0,0.0,1.70000004768372
-227.25,-1414.0,0.0,1.70000004768372
-227.0,-1414.0,0.0,1.70000004768372
-226.75,-1414.0,0.0,1.70000004768372
-226.5,-1414.0,0.0,1.70000004768372
-226.25,-1414.0,0.0,1.70000004768372
-226.0,-1414.0,0.0,1.70000004768372
-225.75,-1414.0,0.0,1.70000004768372
-225.5,-1414.0,0.0,1.70000004768372
-225.25,-1414.0,0.0,1.70000004768372
-225.0,-1414.0,0.0,1.70000004768372
-224.75,-1414.0,0.0,1.70000004768372
-224.5,-1414.0,0.0,1.70000004768372
-224.25,-1414.0,0.0,1.70000004768372
-224.0,-1414.0,0.0,1.70000004768372
-223.75,-1414.0,0.0,1.70000004768372
-223.5,-1414.0,0.0,1.70000004768372
-223.25,-1414.0,0.0,1.70000004768372
-223.0,-1414.0,0.0,1.70000004768372
-222.75,-1414.0,0.0,1.70000004768372
-222.5,-1414.0,0.0,1.70000004768372
-222.25,-1414.0,0.0,1.70000004768372
-222.0,-1414.0,0.0,1.70000004768372
-252.0,-1413.0,20.0,-inf
-251.75,-1413.0,12.0,-inf
-251.5,-1413.0,12.0,-inf
-251.25,-1413.0,12.0,-inf
-251.0,-1413.0,12.0,-inf
-250.75,-1413.0,12.0,-inf
-250.5,-1413.0,12.0,-inf
-250.25,-1413.0,12.0,-inf
-250.0,-1413.0,12.0,-inf
-249.75,-1413.0,12.0,-inf
-249.5,-1413.0,12.0,-inf
-249.25,-1413.0,12.0,-inf
-249.0,-1413.0,12.0,-inf
-248.75,-1413.0,12.0,-inf
-248.5,-1413.0,12.0,-inf
-248.25,-1413.0,12.0,-inf
-248.0,-1413.0,12.0,-inf
-247.75,-1413.0,12.0,-inf
-247.5,-1413.0,12.0,-inf
-247.25,-1413.0,12.0,-inf
-247.0,-1413.0,12.0,-inf
-246.75,-1413.0,12.0,-inf
-246.5,-1413.0,12.0,-inf
-246.25,-1413.0,12.0,-inf
-246.0,-1413.0,12.0,-inf
-245.75,-1413.0,12.0,-inf
-245.5,-1413.0,12.0,-inf
-245.25,-1413.0,12.0,-inf
-245.0,-1413.0,12.0,-inf
-244.75,-1413.0,12.0,-inf
-244.5,-1413.0,12.0,-inf
-244.25,-1413.0,12.0,-inf
-244.0,-1413.0,12.0,-inf
-243.75,-1413.0,12.0,-inf
-243.5,-1413.0,12.0,-inf
-243.25,-1413.0,12.0,-inf
-243.0,-1413.0,12.0,-inf
-242.75,-1413.0,12.0,-inf
-242.5,-1413.0,12.0,-inf
-242.25,-1413.0,12.0,-inf
-242.0,-1413.0,12.0,-inf
-241.75,-1413.0,12.0,-inf
-241.5,-1413.0,12.0,-inf
-241.25,-1413.0,12.0,-inf
-241.0,-1413.0,12.0,-inf
-240.75,-1413.0,12.0,-inf
-240.5,-1413.0,12.0,-inf
-240.25,-1413.0,12.0,-inf
-240.0,-1413.0,12.0,-inf
-239.75,-1413.0,12.0,-inf
-239.5,-1413.0,12.0,-inf
-239.25,-1413.0,12.0,-inf
-239.0,-1413.0,12.0,-inf
-238.75,-1413.0,12.0,-inf
-238.5,-1413.0,12.0,-inf
-238.25,-1413.0,12.0,-inf
-238.0,-1413.0,12.0,-inf
-237.75,-1413.0,12.0,-inf
-237.5,-1413.0,12.0,-inf
-237.25,-1413.0,12.0,-inf
-237.0,-1413.0,12.0,-inf
-236.75,-1413.0,12.0,-inf
-236.5,-1413.0,12.0,-inf
-236.25,-1413.0,12.0,-inf
-236.0,-1413.0,12.0,-inf
-235.75,-1413.0,12.0,-inf
-235.5,-1413.0,12.0,-inf
-235.25,-1413.0,12.0,-inf
-235.0,-1413.0,12.0,-inf
-234.75,-1413.0,12.0,-inf
-234.5,-1413.0,12.0,-inf
-234.25,-1413.0,12.0,-inf
-234.0,-1413.0,12.0,-inf
-233.75,-1413.0,12.0,-inf
-233.5,-1413.0,12.0,-inf
-233.25,-1413.0,12.0,-inf
-233.0,-1413.0,12.0,-inf
-232.75,-1413.0,12.0,-inf
-232.5,-1413.0,12.0,-inf
-232.25,-1413.0,12.0,-inf
-232.0,-1413.0,12.0,-inf
-231.75,-1413.0,12.0,-inf
-231.5,-1413.0,12.0,-inf
-231.25,-1413.0,12.0,-inf
-231.0,-1413.0,12.0,-inf
-230.75,-1413.0,12.0,-inf
-230.5,-1413.0,12.0,-inf
-230.25,-1413.0,12.0,-inf
-230.0,-1413.0,12.0,-inf
-229.75,-1413.0,12.0,-inf
-229.5,-1413.0,12.0,-inf
-229.25,-1413.0,12.0,-inf
-229.0,-1413.0,12.0,-inf
-228.75,-1413.0,12.0,-inf
-228.5,-1413.0,12.0,-inf
-228.25,-1413.0,12.0,-inf
-228.0,-1413.0,12.0,-inf
-227.75,-1413.0,0.0,1.70000004768372
-227.5,-1413.0,0.0,1.70000004768372
-227.25,-1413.0,0.0,1.70000004768372
-227.0,-1413.0,0.0,1.70000004768372
-226.75,-1413.0,0.0,1.70000004768372
-226.5,-1413.0,0.0,1.70000004768372
-226.25,-1413.0,0.0,1.70000004768372
-226.0,-1413.0,0.0,1.70000004768372
-225.75,-1413.0,0.0,1.70000004768372
-225.5,-1413.0,0.0,1.70000004768372
-225.25,-1413.0,0.0,1.70000004768372
-225.0,-1413.0,0.0,1.70000004768372
-224.75,-1413.0,0.0,1.70000004768372
-224.5,-1413.0,0.0,1.70000004768372
-224.25,-1413.0,0.0,1.70000004768372
-224.0,-1413.0,0.0,1.70000004768372
-223.75,-1413.0,0.0,1.70000004768372
-223.5,-1413.0,0.0,1.70000004768372
-223.25,-1413.0,0.0,1.70000004768372
-223.0,-1413.0,0.0,1.70000004768372
-222.75,-1413.0,0.0,1.70000004768372
-222.5,-1413.0,0.0,1.70000004768372
-222.25,-1413.0,0.0,1.70000004768372
-222.0,-1413.0,0.0,1.70000004768372
-252.0,-1412.0,20.0,-inf
-251.75,-1412.0,12.0,-inf
-251.5,-1412.0,12.0,-inf
-251.25,-1412.0,12.0,-inf
-251.0,-1412.0,12.0,-inf
-250.75,-1412.0,12.0,-inf
-250.5,-1412.0,12.0,-inf
-250.25,-1412.0,12.0,-inf
-250.0,-1412.0,12.0,-inf
-249.75,-1412.0,12.0,-inf
-249.5,-1412.0,12.0,-inf
-249.25,-1412.0,12.0,-inf
-249.0,-1412.0,12.0,-inf
-248.75,-1412.0,12.0,-inf
-248.5,-1412.0,12.0,-inf
-248.25,-1412.0,12.0,-inf
-248.0,-1412.0,12.0,-inf
-247.75,-1412.0,12.0,-inf
-247.5,-1412.0,12.0,-inf
-247.25,-1412.0,12.0,-inf
-247.0,-1412.0,12.0,-inf
-246.75,-1412.0,12.0,-inf
-246.5,-1412.0,12.0,-inf
-246.25,-1412.0,12.0,-inf
-246.0,-1412.0,12.0,-inf
-245.75,-1412.0,12.0,-inf
-245.5,-1412.0,12.0,-inf
-245.25,-1412.0,12.0,-inf
-245.0,-1412.0,12.0,-inf
-244.75,-1412.0,12.0,-inf
-244.5,-1412.0,12.0,-inf
-244.25,-1412.0,12.0,-inf
-244.0,-1412.0,12.0,-inf
-243.75,-1412.0,12.0,-inf
-243.5,-1412.0,12.0,-inf
-243.25,-1412.0,12.0,-inf
-243.0,-1412.0,12.0,-inf
-242.75,-1412.0,12.0,-inf
-242.5,-1412.0,12.0,-inf
-242.25,-1412.0,12.0,-inf
-242.0,-1412.0,12.0,-inf
-241.75,-1412.0,12.0,-inf
-241.5,-1412.0,12.0,-inf
-241.25,-1412.0,12.0,-inf
-241.0,-1412.0,12.0,-inf
-240.75,-1412.0,12.0,-inf
-240.5,-1412.0,12.0,-inf
-240.25,-1412.0,12.0,-inf
-240.0,-1412.0,12.0,-inf
-239.75,-1412.0,12.0,-inf
-239.5,-1412.0,12.0,-inf
-239.25,-1412.0,12.0,-inf
-239.0,-1412.0,12.0,-inf
-238.75,-1412.0,12.0,-inf
-238.5,-1412.0,12.0,-inf
-238.25,-1412.0,12.0,-inf
-238.0,-1412.0,12.0,-inf
-237.75,-1412.0,12.0,-inf
-237.5,-1412.0,12.0,-inf
-237.25,-1412.0,12.0,-inf
-237.0,-1412.0,12.0,-inf
-236.75,-1412.0,12.0,-inf
-236.5,-1412.0,12.0,-inf
-236.25,-1412.0,12.0,-inf
-236.0,-1412.0,12.0,-inf
-235.75,-1412.0,12.0,-inf
-235.5,-1412.0,12.0,-inf
-235.25,-1412.0,12.0,-inf
-235.0,-1412.0,12.0,-inf
-234.75,-1412.0,12.0,-inf
-234.5,-1412.0,12.0,-inf
-234.25,-1412.0,12.0,-inf
-234.0,-1412.0,12.0,-inf
-233.75,-1412.0,12.0,-inf
-233.5,-1412.0,12.0,-inf
-233.25,-1412.0,12.0,-inf
-233.0,-1412.0,12.0,-inf
-232.75,-1412.0,12.0,-inf
-232.5,-1412.0,12.0,-inf
-232.25,-1412.0,12.0,-inf
-232.0,-1412.0,12.0,-inf
-231.75,-1412.0,12.0,-inf
-231.5,-1412.0,12.0,-inf
-231.25,-1412.0,12.0,-inf
-231.0,-1412.0,12.0,-inf
-230.75,-1412.0,12.0,-inf
-230.5,-1412.0,12.0,-inf
-230.25,-1412.0,12.0,-inf
-230.0,-1412.0,12.0,-inf
-229.75,-1412.0,12.0,-inf
-229.5,-1412.0,12.0,-inf
-229.25,-1412.0,12.0,-inf
-229.0,-1412.0,12.0,-inf
-228.75,-1412.0,12.0,-inf
-228.5,-1412.0,12.0,-inf
-228.25,-1412.0,12.0,-inf
-228.0,-1412.0,12.0,-inf
-227.75,-1412.0,0.0,1.70000004768372
-227.5,-1412.0,0.0,1.70000004768372
-227.25,-1412.0,0.0,1.70000004768372
-227.0,-1412.0,0.0,1.70000004768372
-226.75,-1412.0,0.0,1.70000004768372
-226.5,-1412.0,0.0,1.70000004768372
-226.25,-1412.0,0.0,1.70000004768372
-226.0,-1412.0,0.0,1.70000004768372
-225.75,-1412.0,0.0,1.70000004768372
-225.5,-1412.0,0.0,1.70000004768372
-225.25,-1412.0,0.0,1.70000004768372
-225.0,-1412.0,0.0,1.70000004768372
-224.75,-1412.0,0.0,1.70000004768372
-224.5,-1412.0,0.0,1.70000004768372
-224.25,-1412.0,0.0,1.70000004768372
-224.0,-1412.0,0.0,1.70000004768372
-223.75,-1412.0,0.0,1.70000004768372
-223.5,-1412.0,0.0,1.70000004768372
-223.25,-1412.0,0.0,1.70000004768372
-223.0,-1412.0,0.0,1.70000004768372
-222.75,-1412.0,0.0,1.70000004768372
-222.5,-1412.0,0.0,1.70000004768372
-222.25,-1412.0,0.0,1.70000004768372
-222.0,-1412.0,0.0,1.70000004768372
-252.0,-1411.0,20.0,-inf
-251.75,-1411.0,12.0,-inf
-251.5,-1411.0,12.0,-inf
-251.25,-1411.0,12.0,-inf
-251.0,-1411.0,12.0,-inf
-250.75,-1411.0,12.0,-inf
-250.5,-1411.0,12.0,-inf
-250.25,-1411.0,12.0,-inf
-250.0,-1411.0,12.0,-inf
-249.75,-1411.0,12.0,-inf
-249.5,-1411.0,12.0,-inf
-249.25,-1411.0,12.0,-inf
-249.0,-1411.0,12.0,-inf
-248.75,-1411.0,12.0,-inf
-248.5,-1411.0,12.0,-inf
-248.25,-1411.0,12.0,-inf
-248.0,-1411.0,12.0,-inf
-247.75,-1411.0,12.0,-inf
-247.5,-1411.0,12.0,-inf
-247.25,-1411.0,12.0,-inf
-247.0,-1411.0,12.0,-inf
-246.75,-1411.0,12.0,-inf
-246.5,-1411.0,12.0,-inf
-246.25,-1411.0,12.0,-inf
-246.0,-1411.0,12.0,-inf
-245.75,-1411.0,12.0,-inf
-245.5,-1411.0,12.0,-inf
-245.25,-1411.0,12.0,-inf
-245.0,-1411.0,12.0,-inf
-244.75,-1411.0,12.0,-inf
-244.5,-1411.0,12.0,-inf
-244.25,-1411.0,12.0,-inf
-244.0,-1411.0,12.0,-inf
-243.75,-1411.0,12.0,-inf
-243.5,-1411.0,12.0,-inf
-243.25,-1411.0,12.0,-inf
-243.0,-1411.0,12.0,-inf
-242.75,-1411.0,12.0,-inf
-242.5,-1411.0,12.0,-inf
-242.25,-1411.0,12.0,-inf
-242.0,-1411.0,12.0,-inf
-241.75,-1411.0,12.0,-inf
-241.5,-1411.0,12.0,-inf
-241.25,-1411.0,12.0,-inf
-241.0,-1411.0,12.0,-inf
-240.75,-1411.0,12.0,-inf
-240.5,-1411.0,12.0,-inf
-240.25,-1411.0,12.0,-inf
-240.0,-1411.0,12.0,-inf
-239.75,-1411.0,12.0,-inf
-239.5,-1411.0,12.0,-inf
-239.25,-1411.0,12.0,-inf
-239.0,-1411.0,12.0,-inf
-238.75,-1411.0,12.0,-inf
-238.5,-1411.0,12.0,-inf
-238.25,-1411.0,12.0,-inf
-238.0,-1411.0,12.0,-inf
-237.75,-1411.0,12.0,-inf
-237.5,-1411.0,12.0,-inf
-237.25,-1411.0,12.0,-inf
-237.0,-1411.0,12.0,-inf
-236.75,-1411.0,12.0,-inf
-236.5,-1411.0,12.0,-inf
-236.25,-1411.0,12.0,-inf
-236.0,-1411.0,12.0,-inf
-235.75,-1411.0,12.0,-inf
-235.5,-1411.0,12.0,-inf
-235.25,-1411.0,12.0,-inf
-235.0,-1411.0,12.0,-inf
-234.75,-1411.0,12.0,-inf
-234.5,-1411.0,12.0,-inf
-234.25,-1411.0,12.0,-inf
-234.0,-1411.0,12.0,-inf
-233.75,-1411.0,12.0,-inf
-233.5,-1411.0,12.0,-inf
-233.25,-1411.0,12.0,-inf
-233.0,-1411.0,12.0,-inf
-232.75,-1411.0,12.0,-inf
-232.5,-1411.0,12.0,-inf
-232.25,-1411.0,12.0,-inf
-232.0,-1411.0,12.0,-inf
-231.75,-1411.0,12.0,-inf
-231.5,-1411.0,12.0,-inf
-231.25,-1411.0,12.0,-inf
-231.0,-1411.0,12.0,-inf
-230.75,-1411.0,12.0,-inf
-230.5,-1411.0,12.0,-inf
-230.25,-1411.0,12.0,-inf
-230.0,-1411.0,12.0,-inf
-229.75,-1411.0,12.0,-inf
-229.5,-1411.0,12.0,-inf
-229.25,-1411.0,12.0,-inf
-229.0,-1411.0,12.0,-inf
-228.75,-1411.0,12.0,-inf
-228.5,-1411.0,12.0,-inf
-228.25,-1411.0,12.0,-inf
-228.0,-1411.0,12.0,-inf
-227.75,-1411.0,0.0,1.70000004768372
-227.5,-1411.0,0.0,1.70000004768372
-227.25,-1411.0,0.0,1.70000004768372
-227.0,-1411.0,0.0,1.70000004768372
-226.75,-1411.0,0.0,1.70000004768372
-226.5,-1411.0,0.0,1.70000004768372
-226.25,-1411.0,0.0,1.70000004768372
-226.0,-1411.0,0.0,1.70000004768372
-225.75,-1411.0,0.0,1.70000004768372
-225.5,-1411.0,0.0,1.70000004768372
-225.25,-1411.0,0.0,1.70000004768372
-225.0,-1411.0,0.0,1.70000004768372
-224.75,-1411.0,0.0,1.70000004768372
-224.5,-1411.0,0.0,1.70000004768372
-224.25,-1411.0,0.0,1.70000004768372
-224.0,-1411.0,0.0,1.70000004768372
-223.75,-1411.0,0.0,1.70000004768372
-223.5,-1411.0,0.0,1.70000004768372
-223.25,-1411.0,0.0,1.70000004768372
-223.0,-1411.0,0.0,1.70000004768372
-222.75,-1411.0,0.0,1.70000004768372
-222.5,-1411.0,0.0,1.70000004768372
-222.25,-1411.0,0.0,1.70000004768372
-222.0,-1411.0,0.0,1.70000004768372
-252.0,-1410.0,20.0,-inf
-251.75,-1410.0,12.0,-inf
-251.5,-1410.0,12.0,-inf
-251.25,-1410.0,12.0,-inf
-251.0,-1410.0,12.0,-inf
-250.75,-1410.0,12.0,-inf
-250.5,-1410.0,12.0,-inf
-250.25,-1410.0,12.0,-inf
-250.0,-1410.0,12.0,-inf
-249.75,-1410.0,12.0,-inf
-249.5,-1410.0,12.0,-inf
-249.25,-1410.0,12.0,-inf
-249.0,-1410.0,12.0,-inf
-248.75,-1410.0,12.0,-inf
-248.5,-1410.0,12.0,-inf
-248.25,-1410.0,12.0,-inf
-248.0,-1410.0,12.0,-inf
-247.75,-1410.0,12.0,-inf
-247.5,-1410.0,12.0,-inf
-247.25,-1410.0,12.0,-inf
-247.0,-1410.0,12.0,-inf
-246.75,-1410.0,12.0,-inf
-246.5,-1410.0,12.0,-inf
-246.25,-1410.0,12.0,-inf
-246.0,-1410.0,12.0,-inf
-245.75,-1410.0,12.0,-inf
-245.5,-1410.0,12.0,-inf
-245.25,-1410.0,12.0,-inf
-245.0,-1410.0,12.0,-inf
-244.75,-1410.0,12.0,-inf
-244.5,-1410.0,12.0,-inf
-244.25,-1410.0,12.0,-inf
-244.0,-1410.0,12.0,-inf
-243.75,-1410.0,12.0,-inf
-243.5,-1410.0,12.0,-inf
-243.25,-1410.0,12.0,-inf
-243.0,-1410.0,12.0,-inf
-242.75,-1410.0,12.0,-inf
-242.5,-1410.0,12.0,-inf
-242.25,-1410.0,12.0,-inf
-242.0,-1410.0,12.0,-inf
-241.75,-1410.0,12.0,-inf
-241.5,-1410.0,12.0,-inf
-241.25,-1410.0,12.0,-inf
-241.0,-1410.0,12.0,-inf
-240.75,-1410.0,12.0,-inf
-240.5,-1410.0,12.0,-inf
-240.25,-1410.0,12.0,-inf
-240.0,-1410.0,12.0,-inf
-239.75,-1410.0,12.0,-inf
-239.5,-1410.0,12.0,-inf
-239.25,-1410.0,12.0,-inf
-239.0,-1410.0,12.0,-inf
-238.75,-1410.0,12.0,-inf
-238.5,-1410.0,12.0,-inf
-238.25,-1410.0,12.0,-inf
-238.0,-1410.0,12.0,-inf
-237.75,-1410.0,12.0,-inf
-237.5,-1410.0,12.0,-inf
-237.25,-1410.0,12.0,-inf
-237.0,-1410.0,12.0,-inf
-236.75,-1410.0,12.0,-inf
-236.5,-1410.0,12.0,-inf
-236.25,-1410.0,12.0,-inf
-236.0,-1410.0,12.0,-inf
-235.75,-1410.0,12.0,-inf
-235.5,-1410.0,12.0,-inf
-235.25,-1410.0,12.0,-inf
-235.0,-1410.0,12.0,-inf
-234.75,-1410.0,12.0,-inf
-234.5,-1410.0,12.0,-inf
-234.25,-1410.0,12.0,-inf
-234.0,-1410.0,12.0,-inf
-233.75,-1410.0,12.0,-inf
-233.5,-1410.0,12.0,-inf
-233.25,-1410.0,12.0,-inf
-233.0,-1410.0,12.0,-inf
-232.75,-1410.0,12.0,-inf
-232.5,-1410.0,12.0,-inf
-232.25,-1410.0,12.0,-inf
-232.0,-1410.0,12.0,-inf
-231.75,-1410.0,12.0,-inf
-231.5,-1410.0,12.0,-inf
-231.25,-1410.0,12.0,-inf
-231.0,-1410.0,12.0,-inf
-230.75,-1410.0,12.0,-inf
-230.5,-1410.0,12.0,-inf
-230.25,-1410.0,12.0,-inf
-230.0,-1410.0,12.0,-inf
-229.75,-1410.0,12.0,-inf
-229.5,-1410.0,12.0,-inf
-229.25,-1410.0,12.0,-inf
-229.0,-1410.0,12.0,-inf
-228.75,-1410.0,12.0,-inf
-228.5,-1410.0,12.0,-inf
-228.25,-1410.0,12.0,-inf
-228.0,-1410.0,12.0,-inf
-227.75,-1410.0,0.0,1.70000004768372
-227.5,-1410.0,0.0,1.70000004768372
-227.25,-1410.0,0.0,1.70000004768372
-227.0,-1410.0,0.0,1.70000004768372
-226.75,-1410.0,0.0,1.70000004768372
-226.5,-1410.0,0.0,1.70000004768372
-226.25,-1410.0,0.0,1.70000004768372
-226.0,-1410.0,0.0,1.70000004768372
-225.75,-1410.0,0.0,1.70000004768372
-225.5,-1410.0,0.0,1.70000004768372
-225.25,-1410.0,0.0,1.70000004768372
-225.0,-1410.0,0.0,1.70000004768372
-224.75,-1410.0,0.0,1.70000004768372
-224.5,-1410.0,0.0,1.70000004768372
-224.25,-1410.0,0.0,1.70000004768372
-224.0,-1410.0,0.0,1.70000004768372
-223.75,-1410.0,0.0,1.70000004768372
-223.5,-1410.0,0.0,1.70000004768372
-223.25,-1410.0,0.0,1.70000004768372
-223.0,-1410.0,0.0,1.70000004768372
-222.75,-1410.0,0.0,1.70000004768372
-222.5,-1410.0,0.0,1.70000004768372
-222.25,-1410.0,0.0,1.70000004768372
-222.0,-1410.0,0.0,1.70000004768372
