Godot Engine v4.5.1.stable.official.f62fdbde1 - https://godotengine.org

---  GUT  ---
[1m[INFO]:  [0musing [/Users/ryko/Library/Application Support/Godot/app_userdata/Story] for temporary output.
Godot version:  4.5.1
GUT version:  9.5.0
[4m

res://tests/test_p03_constrained_cliffs.gd
[0m* test_water_beside_a_tall_cliff_preserves_its_rounded_shoulder
* test_opposing_banks_keep_a_submerged_channel_between_them
* test_small_wet_patch_cannot_slice_a_tall_bank_into_a_slab
* test_marked_native_crowns_keep_their_rounded_profile_after_rock_carving
* test_unbenched_rock_follows_the_slope_instead_of_making_a_giant_shelf
* test_native_rock_joins_do_not_make_one_cell_fins_or_slots
* test_marked_rock_faces_stay_close_to_their_continuous_hillside
* test_buried_foot_rocks_do_not_warp_the_shared_bedrock_sheet
[31m    [Failed]:  [0m[PACKED_VECTOR3_ARRAY([(-3.75, 3.98, -3.75), (-4.25, 3.98, -3.75), (-4.25, 3.98, -4.25), (-3.75, 3.98, -3.75), (-4.25, 3.98, -4.25), (-3.75, 3.98, -4.25), (-3.25, 3.98, -3.75), (-3.75, 3.98, -3.75), (-3.75, 3.98, -4.25), (-3.25, 3.98, -3.75), (-3.75, 3.98, -4.25), (-3.25, 3.98, -4.25), (-2.75, 3.98, -3.75), (-3.25, 3.98, -3.75), (-3.25, 3.98, -4.25), (-2.75, 3.98, -3.75), (-3.25, 3.98, -4.25), (-2.75, 3.98, -4.25), (-2.25, 3.98, -3.75), (-2.75, 3.98, -3.75), (-2.75, 3.98, -4.25), (-2.25, 3.98, -3.75), (-2.75, 3.98, -4.25), (-2.25, 3.98, -4.25), (-1.75, 3.98, -3.75), (-2.25, 3.98, -3.75), (-2.25, 3.98, -4.25), (-1.75, 3.98, -3.75), (-2.25, 3.98, -4.25), (-1.75, 3.98, -4.25), (-1.25, 3.98, -3.75), (-1.75, 3.98, -3.75), (-1.75, 3.98, -4.25), (-1.25, 3.98, -3.75), (-1.75, 3.98, -4.25), (-1.25, 3.98, -4.25), (-0.75, 3.98, -3.75), (-1.25, 3.98, -3.75), (-1.25, 3.98, -4.25), (-0.75, 3.98, -3.75), (-1.25, 3.98, -4.25), (-0.75, 3.98, -4.25), (-0.25, 3.98, -3.75), (-0.75, 3.98, -3.75), (-0.75, 3.98, -4.25), (-0.25, 3.98, -3.75), (-0.75, 3.98, -4.25), (-0.25, 3.98, -4.25), (0.25, 3.98, -3.75), (-0.25, 3.98, -3.75), (-0.25, 3.98, -4.25), (0.25, 3.98, -3.75), (-0.25, 3.98, -4.25), (0.25, 3.98, -4.25), (0.75, 3.98, -3.75), (0.25, 3.98, -3.75), (0.25, 3.98, -4.25), (0.75, 3.98, -3.75), (0.25, 3.98, -4.25), (0.75, 3.98, -4.25), (1.25, 3.98, -3.75), (0.75, 3.98, -3.75), (0.75, 3.98, -4.25), (1.25, 3.98, -3.75), (0.75, 3.98, -4.25), (1.25, 3.98, -4.25), (1.75, 3.98, -3.75), (1.25, 3.98, -3.75), (1.25, 3.98, -4.25), (1.75, 3.98, -3.75), (1.25, 3.98, -4.25), (1.75, 3.98, -4.25), (2.25, 3.98, -3.75), (1.75, 3.98, -3.75), (1.75, 3.98, -4.25), (2.25, 3.98, -3.75), (1.75, 3.98, -4.25), (2.25, 3.98, -4.25), (2.75, 3.98, -3.75), (2.25, 3.98, -3.75), (2.25, 3.98, -4.25), (2.75, 3.98, -3.75), (2.25, 3.98, -4.25), (2.75, 3.98, -4.25), (3.25, 3.98, -3.75), (2.75, 3.98, -3.75), (2.75, 3.98, -4.25), (3.25, 3.98, -3.75), (2.75, 3.98, -4.25), (3.25, 3.98, -4.25), (3.75, 3.98, -3.75), (3.25, 3.98, -3.75), (3.25, 3.98, -4.25), (3.75, 3.98, -3.75), (3.25, 3.98, -4.25), (3.75, 3.98, -4.25), (-3.75, 3.98, -3.25), (-4.25, 3.98, -3.25), (-4.25, 3.98, -3.75), (-3.75, 3.98, -3.25), (-4.25, 3.98, -3.75), (-3.75, 3.98, -3.75), (-3.25, 3.98, -3.25), (-3.75, 3.98, -3.25), (-3.75, 3.98, -3.75), (-3.25, 3.98, -3.25), (-3.75, 3.98, -3.75), (-3.25, 3.98, -3.75), (-2.75, 3.98, -3.25), (-3.25, 3.98, -3.25), (-3.25, 3.98, -3.75), (-2.75, 3.98, -3.25), (-3.25, 3.98, -3.75), (-2.75, 3.98, -3.75), (-2.25, 3.98, -3.25), (-2.75, 3.98, -3.25), (-2.75, 3.98, -3.75), (-2.25, 3.98, -3.25), (-2.75, 3.98, -3.75), (-2.25, 3.98, -3.75), (-1.75, 3.98, -3.25), (-2.25, 3.98, -3.25), (-2.25, 3.98, -3.75), (-1.75, 3.98, -3.25), (-2.25, 3.98, -3.75), (-1.75, 3.98, -3.75), (-1.25, 3.98, -3.25), (-1.75, 3.98, -3.25), (-1.75, 3.98, -3.75), (-1.25, 3.98, -3.25), (-1.75, 3.98, -3.75), (-1.25, 3.98, -3.75), (-0.75, 3.98, -3.25), (-1.25, 3.98, -3.25), (-1.25, 3.98, -3.75), (-0.75, 3.98, -3.25), (-1.25, 3.98, -3.75), (-0.75, 3.98, -3.75), (-0.25, 3.98, -3.25), (-0.75, 3.98, -3.25), (-0.75, 3.98, -3.75), (-0.25, 3.98, -3.25), (-0.75, 3.98, -3.75), (-0.25, 3.98, -3.75), (0.25, 3.98, -3.25), (-0.25, 3.98, -3.25), (-0.25, 3.98, -3.75), (0.25, 3.98, -3.25), (-0.25, 3.98, -3.75), (0.25, 3.98, -3.75), (0.75, 3.98, -3.25), (0.25, 3.98, -3.25), (0.25, 3.98, -3.75), (0.75, 3.98, -3.25), (0.25, 3.98, -3.75), (0.75, 3.98, -3.75), (1.25, 3.98, -3.25), (0.75, 3.98, -3.25), (0.75, 3.98, -3.75), (1.25, 3.98, -3.25), (0.75, 3.98, -3.75), (1.25, 3.98, -3.75), (1.75, 3.98, -3.25), (1.25, 3.98, -3.25), (1.25, 3.98, -3.75), (1.75, 3.98, -3.25), (1.25, 3.98, -3.75), (1.75, 3.98, -3.75), (2.25, 3.98, -3.25), (1.75, 3.98, -3.25), (1.75, 3.98, -3.75), (2.25, 3.98, -3.25), (1.75, 3.98, -3.75), (2.25, 3.98, -3.75), (2.75, 3.98, -3.25), (2.25, 3.98, -3.25), (2.25, 3.98, -3.75), (2.75, 3.98, -3.25), (2.25, 3.98, -3.75), (2.75, 3.98, -3.75), (3.25, 3.98, -3.25), (2.75, 3.98, -3.25), (2.75, 3.98, -3.75), (3.25, 3.98, -3.25), (2.75, 3.98, -3.75), (3.25, 3.98, -3.75), (3.75, 3.98, -3.25), (3.25, 3.98, -3.25), (3.25, 3.98, -3.75), (3.75, 3.98, -3.25), (3.25, 3.98, -3.75), (3.75, 3.98, -3.75), (-3.75, 3.98, -2.75), (-4.25, 3.98, -2.75), (-4.25, 3.98, -3.25), (-3.75, 3.98, -2.75), (-4.25, 3.98, -3.25), (-3.75, 3.98, -3.25), (-3.25, 3.98, -2.75), (-3.75, 3.98, -2.75), (-3.75, 3.98, -3.25), (-3.25, 3.98, -2.75), (-3.75, 3.98, -3.25), (-3.25, 3.98, -3.25), (-2.75, 3.98, -2.75), (-3.25, 3.98, -2.75), (-3.25, 3.98, -3.25), (-2.75, 3.98, -2.75), (-3.25, 3.98, -3.25), (-2.75, 3.98, -3.25), (-2.25, 3.98, -2.75), (-2.75, 3.98, -2.75), (-2.75, 3.98, -3.25), (-2.25, 3.98, -2.75), (-2.75, 3.98, -3.25), (-2.25, 3.98, -3.25), (-1.75, 3.98, -2.75), (-2.25, 3.98, -2.75), (-2.25, 3.98, -3.25), (-1.75, 3.98, -2.75), (-2.25, 3.98, -3.25), (-1.75, 3.98, -3.25), (-1.25, 3.98, -2.75), (-1.75, 3.98, -2.75), (-1.75, 3.98, -3.25), (-1.25, 3.98, -2.75), (-1.75, 3.98, -3.25), (-1.25, 3.98, -3.25), (-0.75, 3.98, -2.75), (-1.25, 3.98, -2.75), (-1.25, 3.98, -3.25), (-0.75, 3.98, -2.75), (-1.25, 3.98, -3.25), (-0.75, 3.98, -3.25), (-0.25, 3.98, -2.75), (-0.75, 3.98, -2.75), (-0.75, 3.98, -3.25), (-0.25, 3.98, -2.75), (-0.75, 3.98, -3.25), (-0.25, 3.98, -3.25), (0.25, 3.98, -2.75), (-0.25, 3.98, -2.75), (-0.25, 3.98, -3.25), (0.25, 3.98, -2.75), (-0.25, 3.98, -3.25), (0.25, 3.98, -3.25), (0.75, 3.98, -2.75), (0.25, 3.98, -2.75), (0.25, 3.98, -3.25), (0.75, 3.98, -2.75), (0.25, 3.98, -3.25), (0.75, 3.98, -3.25), (1.25, 3.98, -2.75), (0.75, 3.98, -2.75), (0.75, 3.98, -3.25), (1.25, 3.98, -2.75), (0.75, 3.98, -3.25), (1.25, 3.98, -3.25), (1.75, 3.98, -2.75), (1.25, 3.98, -2.75), (1.25, 3.98, -3.25), (1.75, 3.98, -2.75), (1.25, 3.98, -3.25), (1.75, 3.98, -3.25), (2.25, 3.98, -2.75), (1.75, 3.98, -2.75), (1.75, 3.98, -3.25), (2.25, 3.98, -2.75), (1.75, 3.98, -3.25), (2.25, 3.98, -3.25), (2.75, 3.98, -2.75), (2.25, 3.98, -2.75), (2.25, 3.98, -3.25), (2.75, 3.98, -2.75), (2.25, 3.98, -3.25), (2.75, 3.98, -3.25), (3.25, 3.98, -2.75), (2.75, 3.98, -2.75), (2.75, 3.98, -3.25), (3.25, 3.98, -2.75), (2.75, 3.98, -3.25), (3.25, 3.98, -3.25), (3.75, 3.98, -2.75), (3.25, 3.98, -2.75), (3.25, 3.98, -3.25), (3.75, 3.98, -2.75), (3.25, 3.98, -3.25), (3.75, 3.98, -3.25), (-3.75, 3.98, -2.25), (-4.25, 3.98, -2.25), (-4.25, 3.98, -2.75), (-3.75, 3.98, -2.25), (-4.25, 3.98, -2.75), (-3.75, 3.98, -2.75), (-3.25, 3.98, -2.25), (-3.75, 3.98, -2.25), (-3.75, 3.98, -2.75), (-3.25, 3.98, -2.25), (-3.75, 3.98, -2.75), (-3.25, 3.98, -2.75), (-2.75, 3.98, -2.25), (-3.25, 3.98, -2.25), (-3.25, 3.98, -2.75), (-2.75, 3.98, -2.25), (-3.25, 3.98, -2.75), (-2.75, 3.98, -2.75), (-2.25, 3.98, -2.25), (-2.75, 3.98, -2.25), (-2.75, 3.98, -2.75), (-2.25, 3.98, -2.25), (-2.75, 3.98, -2.75), (-2.25, 3.98, -2.75), (-1.75, 3.98, -2.25), (-2.25, 3.98, -2.25), (-2.25, 3.98, -2.75), (-1.75, 3.98, -2.25), (-2.25, 3.98, -2.75), (-1.75, 3.98, -2.75), (-1.25, 3.98, -2.25), (-1.75, 3.98, -2.25), (-1.75, 3.98, -2.75), (-1.25, 3.98, -2.25), (-1.75, 3.98, -2.75), (-1.25, 3.98, -2.75), (-0.75, 3.98, -2.25), (-1.25, 3.98, -2.25), (-1.25, 3.98, -2.75), (-0.75, 3.98, -2.25), (-1.25, 3.98, -2.75), (-0.75, 3.98, -2.75), (-0.25, 3.98, -2.25), (-0.75, 3.98, -2.25), (-0.75, 3.98, -2.75), (-0.25, 3.98, -2.25), (-0.75, 3.98, -2.75), (-0.25, 3.98, -2.75), (0.25, 3.98, -2.25), (-0.25, 3.98, -2.25), (-0.25, 3.98, -2.75), (0.25, 3.98, -2.25), (-0.25, 3.98, -2.75), (0.25, 3.98, -2.75), (0.75, 3.98, -2.25), (0.25, 3.98, -2.25), (0.25, 3.98, -2.75), (0.75, 3.98, -2.25), (0.25, 3.98, -2.75), (0.75, 3.98, -2.75), (1.25, 3.98, -2.25), (0.75, 3.98, -2.25), (0.75, 3.98, -2.75), (1.25, 3.98, -2.25), (0.75, 3.98, -2.75), (1.25, 3.98, -2.75), (1.75, 3.98, -2.25), (1.25, 3.98, -2.25), (1.25, 3.98, -2.75), (1.75, 3.98, -2.25), (1.25, 3.98, -2.75), (1.75, 3.98, -2.75), (2.25, 3.98, -2.25), (1.75, 3.98, -2.25), (1.75, 3.98, -2.75), (2.25, 3.98, -2.25), (1.75, 3.98, -2.75), (2.25, 3.98, -2.75), (2.75, 3.98, -2.25), (2.25, 3.98, -2.25), (2.25, 3.98, -2.75), (2.75, 3.98, -2.25), (2.25, 3.98, -2.75), (2.75, 3.98, -2.75), (3.25, 3.98, -2.25), (2.75, 3.98, -2.25), (2.75, 3.98, -2.75), (3.25, 3.98, -2.25), (2.75, 3.98, -2.75), (3.25, 3.98, -2.75), (3.75, 3.98, -2.25), (3.25, 3.98, -2.25), (3.25, 3.98, -2.75), (3.75, 3.98, -2.25), (3.25, 3.98, -2.75), (3.75, 3.98, -2.75), (-3.75, 3.98, -1.75), (-4.25, 3.98, -1.75), (-4.25, 3.98, -2.25), (-3.75, 3.98, -1.75), (-4.25, 3.98, -2.25), (-3.75, 3.98, -2.25), (-3.25, 3.98, -1.75), (-3.75, 3.98, -1.75), (-3.75, 3.98, -2.25), (-3.25, 3.98, -1.75), (-3.75, 3.98, -2.25), (-3.25, 3.98, -2.25), (-2.75, 3.98, -1.75), (-3.25, 3.98, -1.75), (-3.25, 3.98, -2.25), (-2.75, 3.98, -1.75), (-3.25, 3.98, -2.25), (-2.75, 3.98, -2.25), (-2.25, 3.98, -1.75), (-2.75, 3.98, -1.75), (-2.75, 3.98, -2.25), (-2.25, 3.98, -1.75), (-2.75, 3.98, -2.25), (-2.25, 3.98, -2.25), (-1.75, 3.98, -1.75), (-2.25, 3.98, -1.75), (-2.25, 3.98, -2.25), (-1.75, 3.98, -1.75), (-2.25, 3.98, -2.25), (-1.75, 3.98, -2.25), (-1.25, 3.98, -1.75), (-1.75, 3.98, -1.75), (-1.75, 3.98, -2.25), (-1.25, 3.98, -1.75), (-1.75, 3.98, -2.25), (-1.25, 3.98, -2.25), (-0.75, 3.98, -1.75), (-1.25, 3.98, -1.75), (-1.25, 3.98, -2.25), (-0.75, 3.98, -1.75), (-1.25, 3.98, -2.25), (-0.75, 3.98, -2.25), (-0.25, 3.98, -1.75), (-0.75, 3.98, -1.75), (-0.75, 3.98, -2.25), (-0.25, 3.98, -1.75), (-0.75, 3.98, -2.25), (-0.25, 3.98, -2.25), (0.25, 3.98, -1.75), (-0.25, 3.98, -1.75), (-0.25, 3.98, -2.25), (0.25, 3.98, -1.75), (-0.25, 3.98, -2.25), (0.25, 3.98, -2.25), (0.75, 3.98, -1.75), (0.25, 3.98, -1.75), (0.25, 3.98, -2.25), (0.75, 3.98, -1.75), (0.25, 3.98, -2.25), (0.75, 3.98, -2.25), (1.25, 3.98, -1.75), (0.75, 3.98, -1.75), (0.75, 3.98, -2.25), (1.25, 3.98, -1.75), (0.75, 3.98, -2.25), (1.25, 3.98, -2.25), (1.75, 3.98, -1.75), (1.25, 3.98, -1.75), (1.25, 3.98, -2.25), (1.75, 3.98, -1.75), (1.25, 3.98, -2.25), (1.75, 3.98, -2.25), (2.25, 3.98, -1.75), (1.75, 3.98, -1.75), (1.75, 3.98, -2.25), (2.25, 3.98, -1.75), (1.75, 3.98, -2.25), (2.25, 3.98, -2.25), (2.75, 3.98, -1.75), (2.25, 3.98, -1.75), (2.25, 3.98, -2.25), (2.75, 3.98, -1.75), (2.25, 3.98, -2.25), (2.75, 3.98, -2.25), (3.25, 3.98, -1.75), (2.75, 3.98, -1.75), (2.75, 3.98, -2.25), (3.25, 3.98, -1.75), (2.75, 3.98, -2.25), (3.25, 3.98, -2.25), (3.75, 3.98, -1.75), (3.25, 3.98, -1.75), (3.25, 3.98, -2.25), (3.75, 3.98, -1.75), (3.25, 3.98, -2.25), (3.75, 3.98, -2.25), (-3.75, 3.98, -1.25), (-4.25, 3.98, -1.25), (-4.25, 3.98, -1.75), (-3.75, 3.98, -1.25), (-4.25, 3.98, -1.75), (-3.75, 3.98, -1.75), (-3.25, 3.98, -1.25), (-3.75, 3.98, -1.25), (-3.75, 3.98, -1.75), (-3.25, 3.98, -1.25), (-3.75, 3.98, -1.75), (-3.25, 3.98, -1.75), (-2.75, 3.98, -1.25), (-3.25, 3.98, -1.25), (-3.25, 3.98, -1.75), (-2.75, 3.98, -1.25), (-3.25, 3.98, -1.75), (-2.75, 3.98, -1.75), (-2.25, 3.98, -1.25), (-2.75, 3.98, -1.25), (-2.75, 3.98, -1.75), (-2.25, 3.98, -1.25), (-2.75, 3.98, -1.75), (-2.25, 3.98, -1.75), (-1.75, 3.98, -1.25), (-2.25, 3.98, -1.25), (-2.25, 3.98, -1.75), (-1.75, 3.98, -1.25), (-2.25, 3.98, -1.75), (-1.75, 3.98, -1.75), (-1.25, 3.98, -1.25), (-1.75, 3.98, -1.25), (-1.75, 3.98, -1.75), (-1.25, 3.98, -1.25), (-1.75, 3.98, -1.75), (-1.25, 3.98, -1.75), (-0.75, 3.98, -1.25), (-1.25, 3.98, -1.25), (-1.25, 3.98, -1.75), (-0.75, 3.98, -1.25), (-1.25, 3.98, -1.75), (-0.75, 3.98, -1.75), (-0.25, 3.98, -1.25), (-0.75, 3.98, -1.25), (-0.75, 3.98, -1.75), (-0.25, 3.98, -1.25), (-0.75, 3.98, -1.75), (-0.25, 3.98, -1.75), (0.25, 3.98, -1.25), (-0.25, 3.98, -1.25), (-0.25, 3.98, -1.75), (0.25, 3.98, -1.25), (-0.25, 3.98, -1.75), (0.25, 3.98, -1.75), (0.75, 3.98, -1.25), (0.25, 3.98, -1.25), (0.25, 3.98, -1.75), (0.75, 3.98, -1.25), (0.25, 3.98, -1.75), (0.75, 3.98, -1.75), (1.25, 3.98, -1.25), (0.75, 3.98, -1.25), (0.75, 3.98, -1.75), (1.25, 3.98, -1.25), (0.75, 3.98, -1.75), (1.25, 3.98, -1.75), (1.75, 3.98, -1.25), (1.25, 3.98, -1.25), (1.25, 3.98, -1.75), (1.75, 3.98, -1.25), (1.25, 3.98, -1.75), (1.75, 3.98, -1.75), (2.25, 3.98, -1.25), (1.75, 3.98, -1.25), (1.75, 3.98, -1.75), (2.25, 3.98, -1.25), (1.75, 3.98, -1.75), (2.25, 3.98, -1.75), (2.75, 3.98, -1.25), (2.25, 3.98, -1.25), (2.25, 3.98, -1.75), (2.75, 3.98, -1.25), (2.25, 3.98, -1.75), (2.75, 3.98, -1.75), (3.25, 3.98, -1.25), (2.75, 3.98, -1.25), (2.75, 3.98, -1.75), (3.25, 3.98, -1.25), (2.75, 3.98, -1.75), (3.25, 3.98, -1.75), (3.75, 3.98, -1.25), (3.25, 3.98, -1.25), (3.25, 3.98, -1.75), (3.75, 3.98, -1.25), (3.25, 3.98, -1.75), (3.75, 3.98, -1.75), (-3.75, 3.98, -0.75), (-4.25, 3.98, -0.75), (-4.25, 3.98, -1.25), (-3.75, 3.98, -0.75), (-4.25, 3.98, -1.25), (-3.75, 3.98, -1.25), (-3.25, 3.98, -0.75), (-3.75, 3.98, -0.75), (-3.75, 3.98, -1.25), (-3.25, 3.98, -0.75), (-3.75, 3.98, -1.25), (-3.25, 3.98, -1.25), (-2.75, 3.98, -0.75), (-3.25, 3.98, -0.75), (-3.25, 3.98, -1.25), (-2.75, 3.98, -0.75), (-3.25, 3.98, -1.25), (-2.75, 3.98, -1.25), (-2.25, 3.98, -0.75), (-2.75, 3.98, -0.75), (-2.75, 3.98, -1.25), (-2.25, 3.98, -0.75), (-2.75, 3.98, -1.25), (-2.25, 3.98, -1.25), (-1.75, 3.98, -0.75), (-2.25, 3.98, -0.75), (-2.25, 3.98, -1.25), (-1.75, 3.98, -0.75), (-2.25, 3.98, -1.25), (-1.75, 3.98, -1.25), (-1.25, 3.98, -0.75), (-1.75, 3.98, -0.75), (-1.75, 3.98, -1.25), (-1.25, 3.98, -0.75), (-1.75, 3.98, -1.25), (-1.25, 3.98, -1.25), (-0.75, 3.98, -0.75), (-1.25, 3.98, -0.75), (-1.25, 3.98, -1.25), (-0.75, 3.98, -0.75), (-1.25, 3.98, -1.25), (-0.75, 3.98, -1.25), (-0.25, 3.98, -0.75), (-0.75, 3.98, -0.75), (-0.75, 3.98, -1.25), (-0.25, 3.98, -0.75), (-0.75, 3.98, -1.25), (-0.25, 3.98, -1.25), (0.25, 3.98, -0.75), (-0.25, 3.98, -0.75), (-0.25, 3.98, -1.25), (0.25, 3.98, -0.75), (-0.25, 3.98, -1.25), (0.25, 3.98, -1.25), (0.75, 3.98, -0.75), (0.25, 3.98, -0.75), (0.25, 3.98, -1.25), (0.75, 3.98, -0.75), (0.25, 3.98, -1.25), (0.75, 3.98, -1.25), (1.25, 3.98, -0.75), (0.75, 3.98, -0.75), (0.75, 3.98, -1.25), (1.25, 3.98, -0.75), (0.75, 3.98, -1.25), (1.25, 3.98, -1.25), (1.75, 3.98, -0.75), (1.25, 3.98, -0.75), (1.25, 3.98, -1.25), (1.75, 3.98, -0.75), (1.25, 3.98, -1.25), (1.75, 3.98, -1.25), (2.25, 3.98, -0.75), (1.75, 3.98, -0.75), (1.75, 3.98, -1.25), (2.25, 3.98, -0.75), (1.75, 3.98, -1.25), (2.25, 3.98, -1.25), (2.75, 3.98, -0.75), (2.25, 3.98, -0.75), (2.25, 3.98, -1.25), (2.75, 3.98, -0.75), (2.25, 3.98, -1.25), (2.75, 3.98, -1.25), (3.25, 3.98, -0.75), (2.75, 3.98, -0.75), (2.75, 3.98, -1.25), (3.25, 3.98, -0.75), (2.75, 3.98, -1.25), (3.25, 3.98, -1.25), (3.75, 3.98, -0.75), (3.25, 3.98, -0.75), (3.25, 3.98, -1.25), (3.75, 3.98, -0.75), (3.25, 3.98, -1.25), (3.75, 3.98, -1.25), (-3.75, 3.98, -0.25), (-4.25, 3.98, -0.25), (-4.25, 3.98, -0.75), (-3.75, 3.98, -0.25), (-4.25, 3.98, -0.75), (-3.75, 3.98, -0.75), (-3.25, 3.98, -0.25), (-3.75, 3.98, -0.25), (-3.75, 3.98, -0.75), (-3.25, 3.98, -0.25), (-3.75, 3.98, -0.75), (-3.25, 3.98, -0.75), (-2.75, 3.98, -0.25), (-3.25, 3.98, -0.25), (-3.25, 3.98, -0.75), (-2.75, 3.98, -0.25), (-3.25, 3.98, -0.75), (-2.75, 3.98, -0.75), (-2.25, 3.98, -0.25), (-2.75, 3.98, -0.25), (-2.75, 3.98, -0.75), (-2.25, 3.98, -0.25), (-2.75, 3.98, -0.75), (-2.25, 3.98, -0.75), (-1.75, 3.98, -0.25), (-2.25, 3.98, -0.25), (-2.25, 3.98, -0.75), (-1.75, 3.98, -0.25), (-2.25, 3.98, -0.75), (-1.75, 3.98, -0.75), (-1.25, 3.98, -0.25), (-1.75, 3.98, -0.25), (-1.75, 3.98, -0.75), (-1.25, 3.98, -0.25), (-1.75, 3.98, -0.75), (-1.25, 3.98, -0.75), (-0.75, 3.98, -0.25), (-1.25, 3.98, -0.25), (-1.25, 3.98, -0.75), (-0.75, 3.98, -0.25), (-1.25, 3.98, -0.75), (-0.75, 3.98, -0.75), (-0.25, 3.98, -0.25), (-0.75, 3.98, -0.25), (-0.75, 3.98, -0.75), (-0.25, 3.98, -0.25), (-0.75, 3.98, -0.75), (-0.25, 3.98, -0.75), (0.25, 3.98, -0.25), (-0.25, 3.98, -0.25), (-0.25, 3.98, -0.75), (0.25, 3.98, -0.25), (-0.25, 3.98, -0.75), (0.25, 3.98, -0.75), (0.75, 3.98, -0.25), (0.25, 3.98, -0.25), (0.25, 3.98, -0.75), (0.75, 3.98, -0.25), (0.25, 3.98, -0.75), (0.75, 3.98, -0.75), (1.25, 3.98, -0.25), (0.75, 3.98, -0.25), (0.75, 3.98, -0.75), (1.25, 3.98, -0.25), (0.75, 3.98, -0.75), (1.25, 3.98, -0.75), (1.75, 3.98, -0.25), (1.25, 3.98, -0.25), (1.25, 3.98, -0.75), (1.75, 3.98, -0.25), (1.25, 3.98, -0.75), (1.75, 3.98, -0.75), (2.25, 3.98, -0.25), (1.75, 3.98, -0.25), (1.75, 3.98, -0.75), (2.25, 3.98, -0.25), (1.75, 3.98, -0.75), (2.25, 3.98, -0.75), (2.75, 3.98, -0.25), (2.25, 3.98, -0.25), (2.25, 3.98, -0.75), (2.75, 3.98, -0.25), (2.25, 3.98, -0.75), (2.75, 3.98, -0.75), (3.25, 3.98, -0.25), (2.75, 3.98, -0.25), (2.75, 3.98, -0.75), (3.25, 3.98, -0.25), (2.75, 3.98, -0.75), (3.25, 3.98, -0.75), (3.75, 3.98, -0.25), (3.25, 3.98, -0.25), (3.25, 3.98, -0.75), (3.75, 3.98, -0.25), (3.25, 3.98, -0.75), (3.75, 3.98, -0.75), (-3.75, 3.98, 0.25), (-4.25, 3.98, 0.25), (-4.25, 3.98, -0.25), (-3.75, 3.98, 0.25), (-4.25, 3.98, -0.25), (-3.75, 3.98, -0.25), (-3.25, 3.98, 0.25), (-3.75, 3.98, 0.25), (-3.75, 3.98, -0.25), (-3.25, 3.98, 0.25), (-3.75, 3.98, -0.25), (-3.25, 3.98, -0.25), (-2.75, 3.98, 0.25), (-3.25, 3.98, 0.25), (-3.25, 3.98, -0.25), (-2.75, 3.98, 0.25), (-3.25, 3.98, -0.25), (-2.75, 3.98, -0.25), (-2.25, 3.98, 0.25), (-2.75, 3.98, 0.25), (-2.75, 3.98, -0.25), (-2.25, 3.98, 0.25), (-2.75, 3.98, -0.25), (-2.25, 3.98, -0.25), (-1.75, 3.98, 0.25), (-2.25, 3.98, 0.25), (-2.25, 3.98, -0.25), (-1.75, 3.98, 0.25), (-2.25, 3.98, -0.25), (-1.75, 3.98, -0.25), (-1.25, 3.98, 0.25), (-1.75, 3.98, 0.25), (-1.75, 3.98, -0.25), (-1.25, 3.98, 0.25), (-1.75, 3.98, -0.25), (-1.25, 3.98, -0.25), (-0.75, 3.98, 0.25), (-1.25, 3.98, 0.25), (-1.25, 3.98, -0.25), (-0.75, 3.98, 0.25), (-1.25, 3.98, -0.25), (-0.75, 3.98, -0.25), (-0.25, 3.98, 0.25), (-0.75, 3.98, 0.25), (-0.75, 3.98, -0.25), (-0.25, 3.98, 0.25), (-0.75, 3.98, -0.25), (-0.25, 3.98, -0.25), (0.25, 3.98, 0.25), (-0.25, 3.98, 0.25), (-0.25, 3.98, -0.25), (0.25, 3.98, 0.25), (-0.25, 3.98, -0.25), (0.25, 3.98, -0.25), (0.75, 3.98, 0.25), (0.25, 3.98, 0.25), (0.25, 3.98, -0.25), (0.75, 3.98, 0.25), (0.25, 3.98, -0.25), (0.75, 3.98, -0.25), (1.25, 3.98, 0.25), (0.75, 3.98, 0.25), (0.75, 3.98, -0.25), (1.25, 3.98, 0.25), (0.75, 3.98, -0.25), (1.25, 3.98, -0.25), (1.75, 3.98, 0.25), (1.25, 3.98, 0.25), (1.25, 3.98, -0.25), (1.75, 3.98, 0.25), (1.25, 3.98, -0.25), (1.75, 3.98, -0.25), (2.25, 3.98, 0.25), (1.75, 3.98, 0.25), (1.75, 3.98, -0.25), (2.25, 3.98, 0.25), (1.75, 3.98, -0.25), (2.25, 3.98, -0.25), (2.75, 3.98, 0.25), (2.25, 3.98, 0.25), (2.25, 3.98, -0.25), (2.75, 3.98, 0.25), (2.25, 3.98, -0.25), (2.75, 3.98, -0.25), (3.25, 3.98, 0.25), (2.75, 3.98, 0.25), (2.75, 3.98, -0.25), (3.25, 3.98, 0.25), (2.75, 3.98, -0.25), (3.25, 3.98, -0.25), (3.75, 3.98, 0.25), (3.25, 3.98, 0.25), (3.25, 3.98, -0.25), (3.75, 3.98, 0.25), (3.25, 3.98, -0.25), (3.75, 3.98, -0.25), (-3.75, 3.98, 0.75), (-4.25, 3.98, 0.75), (-4.25, 3.98, 0.25), (-3.75, 3.98, 0.75), (-4.25, 3.98, 0.25), (-3.75, 3.98, 0.25), (-3.25, 3.98, 0.75), (-3.75, 3.98, 0.75), (-3.75, 3.98, 0.25), (-3.25, 3.98, 0.75), (-3.75, 3.98, 0.25), (-3.25, 3.98, 0.25), (-2.75, 3.98, 0.75), (-3.25, 3.98, 0.75), (-3.25, 3.98, 0.25), (-2.75, 3.98, 0.75), (-3.25, 3.98, 0.25), (-2.75, 3.98, 0.25), (-2.25, 3.98, 0.75), (-2.75, 3.98, 0.75), (-2.75, 3.98, 0.25), (-2.25, 3.98, 0.75), (-2.75, 3.98, 0.25), (-2.25, 3.98, 0.25), (-1.75, 3.98, 0.75), (-2.25, 3.98, 0.75), (-2.25, 3.98, 0.25), (-1.75, 3.98, 0.75), (-2.25, 3.98, 0.25), (-1.75, 3.98, 0.25), (-1.25, 3.98, 0.75), (-1.75, 3.98, 0.75), (-1.75, 3.98, 0.25), (-1.25, 3.98, 0.75), (-1.75, 3.98, 0.25), (-1.25, 3.98, 0.25), (-0.75, 3.98, 0.75), (-1.25, 3.98, 0.75), (-1.25, 3.98, 0.25), (-0.75, 3.98, 0.75), (-1.25, 3.98, 0.25), (-0.75, 3.98, 0.25), (-0.25, 3.98, 0.75), (-0.75, 3.98, 0.75), (-0.75, 3.98, 0.25), (-0.25, 3.98, 0.75), (-0.75, 3.98, 0.25), (-0.25, 3.98, 0.25), (0.25, 3.98, 0.75), (-0.25, 3.98, 0.75), (-0.25, 3.98, 0.25), (0.25, 3.98, 0.75), (-0.25, 3.98, 0.25), (0.25, 3.98, 0.25), (0.75, 3.98, 0.75), (0.25, 3.98, 0.75), (0.25, 3.98, 0.25), (0.75, 3.98, 0.75), (0.25, 3.98, 0.25), (0.75, 3.98, 0.25), (1.25, 3.98, 0.75), (0.75, 3.98, 0.75), (0.75, 3.98, 0.25), (1.25, 3.98, 0.75), (0.75, 3.98, 0.25), (1.25, 3.98, 0.25), (1.75, 3.98, 0.75), (1.25, 3.98, 0.75), (1.25, 3.98, 0.25), (1.75, 3.98, 0.75), (1.25, 3.98, 0.25), (1.75, 3.98, 0.25), (2.25, 3.98, 0.75), (1.75, 3.98, 0.75), (1.75, 3.98, 0.25), (2.25, 3.98, 0.75), (1.75, 3.98, 0.25), (2.25, 3.98, 0.25), (2.75, 3.98, 0.75), (2.25, 3.98, 0.75), (2.25, 3.98, 0.25), (2.75, 3.98, 0.75), (2.25, 3.98, 0.25), (2.75, 3.98, 0.25), (3.25, 3.98, 0.75), (2.75, 3.98, 0.75), (2.75, 3.98, 0.25), (3.25, 3.98, 0.75), (2.75, 3.98, 0.25), (3.25, 3.98, 0.25), (3.75, 3.98, 0.75), (3.25, 3.98, 0.75), (3.25, 3.98, 0.25), (3.75, 3.98, 0.75), (3.25, 3.98, 0.25), (3.75, 3.98, 0.25), (-3.75, 3.98, 1.25), (-4.25, 3.98, 1.25), (-4.25, 3.98, 0.75), (-3.75, 3.98, 1.25), (-4.25, 3.98, 0.75), (-3.75, 3.98, 0.75), (-3.25, 3.98, 1.25), (-3.75, 3.98, 1.25), (-3.75, 3.98, 0.75), (-3.25, 3.98, 1.25), (-3.75, 3.98, 0.75), (-3.25, 3.98, 0.75), (-2.75, 3.98, 1.25), (-3.25, 3.98, 1.25), (-3.25, 3.98, 0.75), (-2.75, 3.98, 1.25), (-3.25, 3.98, 0.75), (-2.75, 3.98, 0.75), (-2.25, 3.98, 1.25), (-2.75, 3.98, 1.25), (-2.75, 3.98, 0.75), (-2.25, 3.98, 1.25), (-2.75, 3.98, 0.75), (-2.25, 3.98, 0.75), (-1.75, 3.98, 1.25), (-2.25, 3.98, 1.25), (-2.25, 3.98, 0.75), (-1.75, 3.98, 1.25), (-2.25, 3.98, 0.75), (-1.75, 3.98, 0.75), (-1.25, 3.98, 1.25), (-1.75, 3.98, 1.25), (-1.75, 3.98, 0.75), (-1.25, 3.98, 1.25), (-1.75, 3.98, 0.75), (-1.25, 3.98, 0.75), (-0.75, 3.98, 1.25), (-1.25, 3.98, 1.25), (-1.25, 3.98, 0.75), (-0.75, 3.98, 1.25), (-1.25, 3.98, 0.75), (-0.75, 3.98, 0.75), (-0.25, 3.98, 1.25), (-0.75, 3.98, 1.25), (-0.75, 3.98, 0.75), (-0.25, 3.98, 1.25), (-0.75, 3.98, 0.75), (-0.25, 3.98, 0.75), (0.25, 3.98, 1.25), (-0.25, 3.98, 1.25), (-0.25, 3.98, 0.75), (0.25, 3.98, 1.25), (-0.25, 3.98, 0.75), (0.25, 3.98, 0.75), (0.75, 3.98, 1.25), (0.25, 3.98, 1.25), (0.25, 3.98, 0.75), (0.75, 3.98, 1.25), (0.25, 3.98, 0.75), (0.75, 3.98, 0.75), (1.25, 3.98, 1.25), (0.75, 3.98, 1.25), (0.75, 3.98, 0.75), (1.25, 3.98, 1.25), (0.75, 3.98, 0.75), (1.25, 3.98, 0.75), (1.75, 3.98, 1.25), (1.25, 3.98, 1.25), (1.25, 3.98, 0.75), (1.75, 3.98, 1.25), (1.25, 3.98, 0.75), (1.75, 3.98, 0.75), (2.25, 3.98, 1.25), (1.75, 3.98, 1.25), (1.75, 3.98, 0.75), (2.25, 3.98, 1.25), (1.75, 3.98, 0.75), (2.25, 3.98, 0.75), (2.75, 3.98, 1.25), (2.25, 3.98, 1.25), (2.25, 3.98, 0.75), (2.75, 3.98, 1.25), (2.25, 3.98, 0.75), (2.75, 3.98, 0.75), (3.25, 3.98, 1.25), (2.75, 3.98, 1.25), (2.75, 3.98, 0.75), (3.25, 3.98, 1.25), (2.75, 3.98, 0.75), (3.25, 3.98, 0.75), (3.75, 3.98, 1.25), (3.25, 3.98, 1.25), (3.25, 3.98, 0.75), (3.75, 3.98, 1.25), (3.25, 3.98, 0.75), (3.75, 3.98, 0.75), (-3.75, 3.98, 1.75), (-4.25, 3.98, 1.75), (-4.25, 3.98, 1.25), (-3.75, 3.98, 1.75), (-4.25, 3.98, 1.25), (-3.75, 3.98, 1.25), (-3.25, 3.98, 1.75), (-3.75, 3.98, 1.75), (-3.75, 3.98, 1.25), (-3.25, 3.98, 1.75), (-3.75, 3.98, 1.25), (-3.25, 3.98, 1.25), (-2.75, 3.98, 1.75), (-3.25, 3.98, 1.75), (-3.25, 3.98, 1.25), (-2.75, 3.98, 1.75), (-3.25, 3.98, 1.25), (-2.75, 3.98, 1.25), (-2.25, 3.98, 1.75), (-2.75, 3.98, 1.75), (-2.75, 3.98, 1.25), (-2.25, 3.98, 1.75), (-2.75, 3.98, 1.25), (-2.25, 3.98, 1.25), (-1.75, 3.98, 1.75), (-2.25, 3.98, 1.75), (-2.25, 3.98, 1.25), (-1.75, 3.98, 1.75), (-2.25, 3.98, 1.25), (-1.75, 3.98, 1.25), (-1.25, 3.98, 1.75), (-1.75, 3.98, 1.75), (-1.75, 3.98, 1.25), (-1.25, 3.98, 1.75), (-1.75, 3.98, 1.25), (-1.25, 3.98, 1.25), (-0.75, 3.98, 1.75), (-1.25, 3.98, 1.75), (-1.25, 3.98, 1.25), (-0.75, 3.98, 1.75), (-1.25, 3.98, 1.25), (-0.75, 3.98, 1.25), (-0.25, 3.98, 1.75), (-0.75, 3.98, 1.75), (-0.75, 3.98, 1.25), (-0.25, 3.98, 1.75), (-0.75, 3.98, 1.25), (-0.25, 3.98, 1.25), (0.25, 3.98, 1.75), (-0.25, 3.98, 1.75), (-0.25, 3.98, 1.25), (0.25, 3.98, 1.75), (-0.25, 3.98, 1.25), (0.25, 3.98, 1.25), (0.75, 3.98, 1.75), (0.25, 3.98, 1.75), (0.25, 3.98, 1.25), (0.75, 3.98, 1.75), (0.25, 3.98, 1.25), (0.75, 3.98, 1.25), (1.25, 3.98, 1.75), (0.75, 3.98, 1.75), (0.75, 3.98, 1.25), (1.25, 3.98, 1.75), (0.75, 3.98, 1.25), (1.25, 3.98, 1.25), (1.75, 3.98, 1.75), (1.25, 3.98, 1.75), (1.25, 3.98, 1.25), (1.75, 3.98, 1.75), (1.25, 3.98, 1.25), (1.75, 3.98, 1.25), (2.25, 3.98, 1.75), (1.75, 3.98, 1.75), (1.75, 3.98, 1.25), (2.25, 3.98, 1.75), (1.75, 3.98, 1.25), (2.25, 3.98, 1.25), (2.75, 3.98, 1.75), (2.25, 3.98, 1.75), (2.25, 3.98, 1.25), (2.75, 3.98, 1.75), (2.25, 3.98, 1.25), (2.75, 3.98, 1.25), (3.25, 3.98, 1.75), (2.75, 3.98, 1.75), (2.75, 3.98, 1.25), (3.25, 3.98, 1.75), (2.75, 3.98, 1.25), (3.25, 3.98, 1.25), (3.75, 3.98, 1.75), (3.25, 3.98, 1.75), (3.25, 3.98, 1.25), (3.75, 3.98, 1.75), (3.25, 3.98, 1.25), (3.75, 3.98, 1.25), (-3.75, 3.98, 2.25), (-4.25, 3.98, 2.25), (-4.25, 3.98, 1.75), (-3.75, 3.98, 2.25), (-4.25, 3.98, 1.75), (-3.75, 3.98, 1.75), (-3.25, 3.98, 2.25), (-3.75, 3.98, 2.25), (-3.75, 3.98, 1.75), (-3.25, 3.98, 2.25), (-3.75, 3.98, 1.75), (-3.25, 3.98, 1.75), (-2.75, 3.98, 2.25), (-3.25, 3.98, 2.25), (-3.25, 3.98, 1.75), (-2.75, 3.98, 2.25), (-3.25, 3.98, 1.75), (-2.75, 3.98, 1.75), (-2.25, 3.98, 2.25), (-2.75, 3.98, 2.25), (-2.75, 3.98, 1.75), (-2.25, 3.98, 2.25), (-2.75, 3.98, 1.75), (-2.25, 3.98, 1.75), (-1.75, 3.98, 2.25), (-2.25, 3.98, 2.25), (-2.25, 3.98, 1.75), (-1.75, 3.98, 2.25), (-2.25, 3.98, 1.75), (-1.75, 3.98, 1.75), (-1.25, 3.98, 2.25), (-1.75, 3.98, 2.25), (-1.75, 3.98, 1.75), (-1.25, 3.98, 2.25), (-1.75, 3.98, 1.75), (-1.25, 3.98, 1.75), (-0.75, 3.98, 2.25), (-1.25, 3.98, 2.25), (-1.25, 3.98, 1.75), (-0.75, 3.98, 2.25), (-1.25, 3.98, 1.75), (-0.75, 3.98, 1.75), (-0.25, 3.98, 2.25), (-0.75, 3.98, 2.25), (-0.75, 3.98, 1.75), (-0.25, 3.98, 2.25), (-0.75, 3.98, 1.75), (-0.25, 3.98, 1.75), (0.25, 3.98, 2.25), (-0.25, 3.98, 2.25), (-0.25, 3.98, 1.75), (0.25, 3.98, 2.25), (-0.25, 3.98, 1.75), (0.25, 3.98, 1.75), (0.75, 3.98, 2.25), (0.25, 3.98, 2.25), (0.25, 3.98, 1.75), (0.75, 3.98, 2.25), (0.25, 3.98, 1.75), (0.75, 3.98, 1.75), (1.25, 3.98, 2.25), (0.75, 3.98, 2.25), (0.75, 3.98, 1.75), (1.25, 3.98, 2.25), (0.75, 3.98, 1.75), (1.25, 3.98, 1.75), (1.75, 3.98, 2.25), (1.25, 3.98, 2.25), (1.25, 3.98, 1.75), (1.75, 3.98, 2.25), (1.25, 3.98, 1.75), (1.75, 3.98, 1.75), (2.25, 3.98, 2.25), (1.75, 3.98, 2.25), (1.75, 3.98, 1.75), (2.25, 3.98, 2.25), (1.75, 3.98, 1.75), (2.25, 3.98, 1.75), (2.75, 3.98, 2.25), (2.25, 3.98, 2.25), (2.25, 3.98, 1.75), (2.75, 3.98, 2.25), (2.25, 3.98, 1.75), (2.75, 3.98, 1.75), (3.25, 3.98, 2.25), (2.75, 3.98, 2.25), (2.75, 3.98, 1.75), (3.25, 3.98, 2.25), (2.75, 3.98, 1.75), (3.25, 3.98, 1.75), (3.75, 3.98, 2.25), (3.25, 3.98, 2.25), (3.25, 3.98, 1.75), (3.75, 3.98, 2.25), (3.25, 3.98, 1.75), (3.75, 3.98, 1.75), (-3.75, 3.98, 2.75), (-4.25, 3.98, 2.75), (-4.25, 3.98, 2.25), (-3.75, 3.98, 2.75), (-4.25, 3.98, 2.25), (-3.75, 3.98, 2.25), (-3.25, 3.98, 2.75), (-3.75, 3.98, 2.75), (-3.75, 3.98, 2.25), (-3.25, 3.98, 2.75), (-3.75, 3.98, 2.25), (-3.25, 3.98, 2.25), (-2.75, 3.98, 2.75), (-3.25, 3.98, 2.75), (-3.25, 3.98, 2.25), (-2.75, 3.98, 2.75), (-3.25, 3.98, 2.25), (-2.75, 3.98, 2.25), (-2.25, 3.98, 2.75), (-2.75, 3.98, 2.75), (-2.75, 3.98, 2.25), (-2.25, 3.98, 2.75), (-2.75, 3.98, 2.25), (-2.25, 3.98, 2.25), (-1.75, 3.98, 2.75), (-2.25, 3.98, 2.75), (-2.25, 3.98, 2.25), (-1.75, 3.98, 2.75), (-2.25, 3.98, 2.25), (-1.75, 3.98, 2.25), (-1.25, 3.98, 2.75), (-1.75, 3.98, 2.75), (-1.75, 3.98, 2.25), (-1.25, 3.98, 2.75), (-1.75, 3.98, 2.25), (-1.25, 3.98, 2.25), (-0.75, 3.98, 2.75), (-1.25, 3.98, 2.75), (-1.25, 3.98, 2.25), (-0.75, 3.98, 2.75), (-1.25, 3.98, 2.25), (-0.75, 3.98, 2.25), (-0.25, 3.98, 2.75), (-0.75, 3.98, 2.75), (-0.75, 3.98, 2.25), (-0.25, 3.98, 2.75), (-0.75, 3.98, 2.25), (-0.25, 3.98, 2.25), (0.25, 3.98, 2.75), (-0.25, 3.98, 2.75), (-0.25, 3.98, 2.25), (0.25, 3.98, 2.75), (-0.25, 3.98, 2.25), (0.25, 3.98, 2.25), (0.75, 3.98, 2.75), (0.25, 3.98, 2.75), (0.25, 3.98, 2.25), (0.75, 3.98, 2.75), (0.25, 3.98, 2.25), (0.75, 3.98, 2.25), (1.25, 3.98, 2.75), (0.75, 3.98, 2.75), (0.75, 3.98, 2.25), (1.25, 3.98, 2.75), (0.75, 3.98, 2.25), (1.25, 3.98, 2.25), (1.75, 3.98, 2.75), (1.25, 3.98, 2.75), (1.25, 3.98, 2.25), (1.75, 3.98, 2.75), (1.25, 3.98, 2.25), (1.75, 3.98, 2.25), (2.25, 3.98, 2.75), (1.75, 3.98, 2.75), (1.75, 3.98, 2.25), (2.25, 3.98, 2.75), (1.75, 3.98, 2.25), (2.25, 3.98, 2.25), (2.75, 3.98, 2.75), (2.25, 3.98, 2.75), (2.25, 3.98, 2.25), (2.75, 3.98, 2.75), (2.25, 3.98, 2.25), (2.75, 3.98, 2.25), (3.25, 3.98, 2.75), (2.75, 3.98, 2.75), (2.75, 3.98, 2.25), (3.25, 3.98, 2.75), (2.75, 3.98, 2.25), (3.25, 3.98, 2.25), (3.75, 3.98, 2.75), (3.25, 3.98, 2.75), (3.25, 3.98, 2.25), (3.75, 3.98, 2.75), (3.25, 3.98, 2.25), (3.75, 3.98, 2.25), (-3.75, 3.98, 3.25), (-4.25, 3.98, 3.25), (-4.25, 3.98, 2.75), (-3.75, 3.98, 3.25), (-4.25, 3.98, 2.75), (-3.75, 3.98, 2.75), (-3.25, 3.98, 3.25), (-3.75, 3.98, 3.25), (-3.75, 3.98, 2.75), (-3.25, 3.98, 3.25), (-3.75, 3.98, 2.75), (-3.25, 3.98, 2.75), (-2.75, 3.98, 3.25), (-3.25, 3.98, 3.25), (-3.25, 3.98, 2.75), (-2.75, 3.98, 3.25), (-3.25, 3.98, 2.75), (-2.75, 3.98, 2.75), (-2.25, 3.98, 3.25), (-2.75, 3.98, 3.25), (-2.75, 3.98, 2.75), (-2.25, 3.98, 3.25), (-2.75, 3.98, 2.75), (-2.25, 3.98, 2.75), (-1.75, 3.98, 3.25), (-2.25, 3.98, 3.25), (-2.25, 3.98, 2.75), (-1.75, 3.98, 3.25), (-2.25, 3.98, 2.75), (-1.75, 3.98, 2.75), (-1.25, 3.98, 3.25), (-1.75, 3.98, 3.25), (-1.75, 3.98, 2.75), (-1.25, 3.98, 3.25), (-1.75, 3.98, 2.75), (-1.25, 3.98, 2.75), (-0.75, 3.98, 3.25), (-1.25, 3.98, 3.25), (-1.25, 3.98, 2.75), (-0.75, 3.98, 3.25), (-1.25, 3.98, 2.75), (-0.75, 3.98, 2.75), (-0.25, 3.98, 3.25), (-0.75, 3.98, 3.25), (-0.75, 3.98, 2.75), (-0.25, 3.98, 3.25), (-0.75, 3.98, 2.75), (-0.25, 3.98, 2.75), (0.25, 3.98, 3.25), (-0.25, 3.98, 3.25), (-0.25, 3.98, 2.75), (0.25, 3.98, 3.25), (-0.25, 3.98, 2.75), (0.25, 3.98, 2.75), (0.75, 3.98, 3.25), (0.25, 3.98, 3.25), (0.25, 3.98, 2.75), (0.75, 3.98, 3.25), (0.25, 3.98, 2.75), (0.75, 3.98, 2.75), (1.25, 3.98, 3.25), (0.75, 3.98, 3.25), (0.75, 3.98, 2.75), (1.25, 3.98, 3.25), (0.75, 3.98, 2.75), (1.25, 3.98, 2.75), (1.75, 3.98, 3.25), (1.25, 3.98, 3.25), (1.25, 3.98, 2.75), (1.75, 3.98, 3.25), (1.25, 3.98, 2.75), (1.75, 3.98, 2.75), (2.25, 3.98, 3.25), (1.75, 3.98, 3.25), (1.75, 3.98, 2.75), (2.25, 3.98, 3.25), (1.75, 3.98, 2.75), (2.25, 3.98, 2.75), (2.75, 3.98, 3.25), (2.25, 3.98, 3.25), (2.25, 3.98, 2.75), (2.75, 3.98, 3.25), (2.25, 3.98, 2.75), (2.75, 3.98, 2.75), (3.25, 3.98, 3.25), (2.75, 3.98, 3.25), (2.75, 3.98, 2.75), (3.25, 3.98, 3.25), (2.75, 3.98, 2.75), (3.25, 3.98, 2.75), (3.75, 3.98, 3.25), (3.25, 3.98, 3.25), (3.25, 3.98, 2.75), (3.75, 3.98, 3.25), (3.25, 3.98, 2.75), (3.75, 3.98, 2.75), (-3.75, 3.98, 3.75), (-4.25, 3.98, 3.75), (-4.25, 3.98, 3.25), (-3.75, 3.98, 3.75), (-4.25, 3.98, 3.25), (-3.75, 3.98, 3.25), (-3.25, 3.98, 3.75), (-3.75, 3.98, 3.75), (-3.75, 3.98, 3.25), (-3.25, 3.98, 3.75), (-3.75, 3.98, 3.25), (-3.25, 3.98, 3.25), (-2.75, 3.98, 3.75), (-3.25, 3.98, 3.75), (-3.25, 3.98, 3.25), (-2.75, 3.98, 3.75), (-3.25, 3.98, 3.25), (-2.75, 3.98, 3.25), (-2.25, 3.98, 3.75), (-2.75, 3.98, 3.75), (-2.75, 3.98, 3.25), (-2.25, 3.98, 3.75), (-2.75, 3.98, 3.25), (-2.25, 3.98, 3.25), (-1.75, 3.98, 3.75), (-2.25, 3.98, 3.75), (-2.25, 3.98, 3.25), (-1.75, 3.98, 3.75), (-2.25, 3.98, 3.25), (-1.75, 3.98, 3.25), (-1.25, 3.98, 3.75), (-1.75, 3.98, 3.75), (-1.75, 3.98, 3.25), (-1.25, 3.98, 3.75), (-1.75, 3.98, 3.25), (-1.25, 3.98, 3.25), (-0.75, 3.98, 3.75), (-1.25, 3.98, 3.75), (-1.25, 3.98, 3.25), (-0.75, 3.98, 3.75), (-1.25, 3.98, 3.25), (-0.75, 3.98, 3.25), (-0.25, 3.98, 3.75), (-0.75, 3.98, 3.75), (-0.75, 3.98, 3.25), (-0.25, 3.98, 3.75), (-0.75, 3.98, 3.25), (-0.25, 3.98, 3.25), (0.25, 3.98, 3.75), (-0.25, 3.98, 3.75), (-0.25, 3.98, 3.25), (0.25, 3.98, 3.75), (-0.25, 3.98, 3.25), (0.25, 3.98, 3.25), (0.75, 3.98, 3.75), (0.25, 3.98, 3.75), (0.25, 3.98, 3.25), (0.75, 3.98, 3.75), (0.25, 3.98, 3.25), (0.75, 3.98, 3.25), (1.25, 3.98, 3.75), (0.75, 3.98, 3.75), (0.75, 3.98, 3.25), (1.25, 3.98, 3.75), (0.75, 3.98, 3.25), (1.25, 3.98, 3.25), (1.75, 3.98, 3.75), (1.25, 3.98, 3.75), (1.25, 3.98, 3.25), (1.75, 3.98, 3.75), (1.25, 3.98, 3.25), (1.75, 3.98, 3.25), (2.25, 3.98, 3.75), (1.75, 3.98, 3.75), (1.75, 3.98, 3.25), (2.25, 3.98, 3.75), (1.75, 3.98, 3.25), (2.25, 3.98, 3.25), (2.75, 3.98, 3.75), (2.25, 3.98, 3.75), (2.25, 3.98, 3.25), (2.75, 3.98, 3.75), (2.25, 3.98, 3.25), (2.75, 3.98, 3.25), (3.25, 3.98, 3.75), (2.75, 3.98, 3.75), (2.75, 3.98, 3.25), (3.25, 3.98, 3.75), (2.75, 3.98, 3.25), (3.25, 3.98, 3.25), (3.75, 3.98, 3.75), (3.25, 3.98, 3.75), (3.25, 3.98, 3.25), (3.75, 3.98, 3.75), (3.25, 3.98, 3.25), (3.75, 3.98, 3.25)])] expected to equal [PACKED_VECTOR3_ARRAY([(-3.75, 3.98, -3.75), (-4.25, 3.98, -3.75), (-4.25, 3.98, -4.25), (-3.75, 3.98, -3.75), (-4.25, 3.98, -4.25), (-3.75, 3.98, -4.25), (-3.25, 3.98, -3.75), (-3.75, 3.98, -3.75), (-3.75, 3.98, -4.25), (-3.25, 3.98, -3.75), (-3.75, 3.98, -4.25), (-3.25, 3.98, -4.25), (-2.75, 3.98, -3.75), (-3.25, 3.98, -3.75), (-3.25, 3.98, -4.25), (-2.75, 3.98, -3.75), (-3.25, 3.98, -4.25), (-2.75, 3.98, -4.25), (-2.25, 3.98, -3.75), (-2.75, 3.98, -3.75), (-2.75, 3.98, -4.25), (-2.25, 3.98, -3.75), (-2.75, 3.98, -4.25), (-2.25, 3.98, -4.25), (-1.75, 3.98, -3.75), (-2.25, 3.98, -3.75), (-2.25, 3.98, -4.25), (-1.75, 3.98, -3.75), (-2.25, 3.98, -4.25), (-1.75, 3.98, -4.25), (-1.25, 3.98, -3.75), (-1.75, 3.98, -3.75), (-1.75, 3.98, -4.25), (-1.25, 3.98, -3.75), (-1.75, 3.98, -4.25), (-1.25, 3.98, -4.25), (-0.75, 3.98, -3.75), (-1.25, 3.98, -3.75), (-1.25, 3.98, -4.25), (-0.75, 3.98, -3.75), (-1.25, 3.98, -4.25), (-0.75, 3.98, -4.25), (-0.25, 3.98, -3.75), (-0.75, 3.98, -3.75), (-0.75, 3.98, -4.25), (-0.25, 3.98, -3.75), (-0.75, 3.98, -4.25), (-0.25, 3.98, -4.25), (0.25, 3.98, -3.75), (-0.25, 3.98, -3.75), (-0.25, 3.98, -4.25), (0.25, 3.98, -3.75), (-0.25, 3.98, -4.25), (0.25, 3.98, -4.25), (0.75, 3.98, -3.75), (0.25, 3.98, -3.75), (0.25, 3.98, -4.25), (0.75, 3.98, -3.75), (0.25, 3.98, -4.25), (0.75, 3.98, -4.25), (1.25, 3.98, -3.75), (0.75, 3.98, -3.75), (0.75, 3.98, -4.25), (1.25, 3.98, -3.75), (0.75, 3.98, -4.25), (1.25, 3.98, -4.25), (1.75, 3.98, -3.75), (1.25, 3.98, -3.75), (1.25, 3.98, -4.25), (1.75, 3.98, -3.75), (1.25, 3.98, -4.25), (1.75, 3.98, -4.25), (2.25, 3.98, -3.75), (1.75, 3.98, -3.75), (1.75, 3.98, -4.25), (2.25, 3.98, -3.75), (1.75, 3.98, -4.25), (2.25, 3.98, -4.25), (2.75, 3.98, -3.75), (2.25, 3.98, -3.75), (2.25, 3.98, -4.25), (2.75, 3.98, -3.75), (2.25, 3.98, -4.25), (2.75, 3.98, -4.25), (3.25, 3.98, -3.75), (2.75, 3.98, -3.75), (2.75, 3.98, -4.25), (3.25, 3.98, -3.75), (2.75, 3.98, -4.25), (3.25, 3.98, -4.25), (3.75, 3.98, -3.75), (3.25, 3.98, -3.75), (3.25, 3.98, -4.25), (3.75, 3.98, -3.75), (3.25, 3.98, -4.25), (3.75, 3.98, -4.25), (-3.75, 3.98, -3.25), (-4.25, 3.98, -3.25), (-4.25, 3.98, -3.75), (-3.75, 3.98, -3.25), (-4.25, 3.98, -3.75), (-3.75, 3.98, -3.75), (-3.25, 3.98, -3.25), (-3.75, 3.98, -3.25), (-3.75, 3.98, -3.75), (-3.25, 3.98, -3.25), (-3.75, 3.98, -3.75), (-3.25, 3.98, -3.75), (-2.75, 3.98, -3.25), (-3.25, 3.98, -3.25), (-3.25, 3.98, -3.75), (-2.75, 3.98, -3.25), (-3.25, 3.98, -3.75), (-2.75, 3.98, -3.75), (-2.25, 3.98, -3.25), (-2.75, 3.98, -3.25), (-2.75, 3.98, -3.75), (-2.25, 3.98, -3.25), (-2.75, 3.98, -3.75), (-2.25, 3.98, -3.75), (-1.75, 3.98, -3.25), (-2.25, 3.98, -3.25), (-2.25, 3.98, -3.75), (-1.75, 3.98, -3.25), (-2.25, 3.98, -3.75), (-1.75, 3.98, -3.75), (-1.25, 3.98, -3.25), (-1.75, 3.98, -3.25), (-1.75, 3.98, -3.75), (-1.25, 3.98, -3.25), (-1.75, 3.98, -3.75), (-1.25, 3.98, -3.75), (-0.75, 3.98, -3.25), (-1.25, 3.98, -3.25), (-1.25, 3.98, -3.75), (-0.75, 3.98, -3.25), (-1.25, 3.98, -3.75), (-0.75, 3.98, -3.75), (-0.25, 3.98, -3.25), (-0.75, 3.98, -3.25), (-0.75, 3.98, -3.75), (-0.25, 3.98, -3.25), (-0.75, 3.98, -3.75), (-0.25, 3.98, -3.75), (0.25, 3.98, -3.25), (-0.25, 3.98, -3.25), (-0.25, 3.98, -3.75), (0.25, 3.98, -3.25), (-0.25, 3.98, -3.75), (0.25, 3.98, -3.75), (0.75, 3.98, -3.25), (0.25, 3.98, -3.25), (0.25, 3.98, -3.75), (0.75, 3.98, -3.25), (0.25, 3.98, -3.75), (0.75, 3.98, -3.75), (1.25, 3.98, -3.25), (0.75, 3.98, -3.25), (0.75, 3.98, -3.75), (1.25, 3.98, -3.25), (0.75, 3.98, -3.75), (1.25, 3.98, -3.75), (1.75, 3.98, -3.25), (1.25, 3.98, -3.25), (1.25, 3.98, -3.75), (1.75, 3.98, -3.25), (1.25, 3.98, -3.75), (1.75, 3.98, -3.75), (2.25, 3.98, -3.25), (1.75, 3.98, -3.25), (1.75, 3.98, -3.75), (2.25, 3.98, -3.25), (1.75, 3.98, -3.75), (2.25, 3.98, -3.75), (2.75, 3.98, -3.25), (2.25, 3.98, -3.25), (2.25, 3.98, -3.75), (2.75, 3.98, -3.25), (2.25, 3.98, -3.75), (2.75, 3.98, -3.75), (3.25, 3.98, -3.25), (2.75, 3.98, -3.25), (2.75, 3.98, -3.75), (3.25, 3.98, -3.25), (2.75, 3.98, -3.75), (3.25, 3.98, -3.75), (3.75, 3.98, -3.25), (3.25, 3.98, -3.25), (3.25, 3.98, -3.75), (3.75, 3.98, -3.25), (3.25, 3.98, -3.75), (3.75, 3.98, -3.75), (-3.75, 3.98, -2.75), (-4.25, 3.98, -2.75), (-4.25, 3.98, -3.25), (-3.75, 3.98, -2.75), (-4.25, 3.98, -3.25), (-3.75, 3.98, -3.25), (-3.25, 3.98, -2.75), (-3.75, 3.98, -2.75), (-3.75, 3.98, -3.25), (-3.25, 3.98, -2.75), (-3.75, 3.98, -3.25), (-3.25, 3.98, -3.25), (-2.75, 3.98, -2.75), (-3.25, 3.98, -2.75), (-3.25, 3.98, -3.25), (-2.75, 3.98, -2.75), (-3.25, 3.98, -3.25), (-2.75, 3.98, -3.25), (-2.25, 3.98, -2.75), (-2.75, 3.98, -2.75), (-2.75, 3.98, -3.25), (-2.25, 3.98, -2.75), (-2.75, 3.98, -3.25), (-2.25, 3.98, -3.25), (-1.75, 3.98, -2.75), (-2.25, 3.98, -2.75), (-2.25, 3.98, -3.25), (-1.75, 3.98, -2.75), (-2.25, 3.98, -3.25), (-1.75, 3.98, -3.25), (-1.25, 3.98, -2.75), (-1.75, 3.98, -2.75), (-1.75, 3.98, -3.25), (-1.25, 3.98, -2.75), (-1.75, 3.98, -3.25), (-1.25, 3.98, -3.25), (-0.75, 3.98, -2.75), (-1.25, 3.98, -2.75), (-1.25, 3.98, -3.25), (-0.75, 3.98, -2.75), (-1.25, 3.98, -3.25), (-0.75, 3.98, -3.25), (-0.25, 3.98, -2.75), (-0.75, 3.98, -2.75), (-0.75, 3.98, -3.25), (-0.25, 3.98, -2.75), (-0.75, 3.98, -3.25), (-0.25, 3.98, -3.25), (0.25, 3.98, -2.75), (-0.25, 3.98, -2.75), (-0.25, 3.98, -3.25), (0.25, 3.98, -2.75), (-0.25, 3.98, -3.25), (0.25, 3.98, -3.25), (0.75, 3.98, -2.75), (0.25, 3.98, -2.75), (0.25, 3.98, -3.25), (0.75, 3.98, -2.75), (0.25, 3.98, -3.25), (0.75, 3.98, -3.25), (1.25, 3.98, -2.75), (0.75, 3.98, -2.75), (0.75, 3.98, -3.25), (1.25, 3.98, -2.75), (0.75, 3.98, -3.25), (1.25, 3.98, -3.25), (1.75, 3.98, -2.75), (1.25, 3.98, -2.75), (1.25, 3.98, -3.25), (1.75, 3.98, -2.75), (1.25, 3.98, -3.25), (1.75, 3.98, -3.25), (2.25, 3.98, -2.75), (1.75, 3.98, -2.75), (1.75, 3.98, -3.25), (2.25, 3.98, -2.75), (1.75, 3.98, -3.25), (2.25, 3.98, -3.25), (2.75, 3.98, -2.75), (2.25, 3.98, -2.75), (2.25, 3.98, -3.25), (2.75, 3.98, -2.75), (2.25, 3.98, -3.25), (2.75, 3.98, -3.25), (3.25, 3.98, -2.75), (2.75, 3.98, -2.75), (2.75, 3.98, -3.25), (3.25, 3.98, -2.75), (2.75, 3.98, -3.25), (3.25, 3.98, -3.25), (3.75, 3.98, -2.75), (3.25, 3.98, -2.75), (3.25, 3.98, -3.25), (3.75, 3.98, -2.75), (3.25, 3.98, -3.25), (3.75, 3.98, -3.25), (-3.75, 3.98, -2.25), (-4.25, 3.98, -2.25), (-4.25, 3.98, -2.75), (-3.75, 3.98, -2.25), (-4.25, 3.98, -2.75), (-3.75, 3.98, -2.75), (-3.25, 3.98, -2.25), (-3.75, 3.98, -2.25), (-3.75, 3.98, -2.75), (-3.25, 3.98, -2.25), (-3.75, 3.98, -2.75), (-3.25, 3.98, -2.75), (-2.75, 3.98, -2.25), (-3.25, 3.98, -2.25), (-3.25, 3.98, -2.75), (-2.75, 3.98, -2.25), (-3.25, 3.98, -2.75), (-2.75, 3.98, -2.75), (-2.25, 3.98, -2.25), (-2.75, 3.98, -2.25), (-2.75, 3.98, -2.75), (-2.25, 3.98, -2.25), (-2.75, 3.98, -2.75), (-2.25, 3.98, -2.75), (-1.75, 3.98, -2.25), (-2.25, 3.98, -2.25), (-2.25, 3.98, -2.75), (-1.75, 3.98, -2.25), (-2.25, 3.98, -2.75), (-1.75, 3.98, -2.75), (-1.25, 3.98, -2.25), (-1.75, 3.98, -2.25), (-1.75, 3.98, -2.75), (-1.25, 3.98, -2.25), (-1.75, 3.98, -2.75), (-1.25, 3.98, -2.75), (-0.75, 3.9802, -2.25), (-1.25, 3.98, -2.25), (-1.25, 3.98, -2.75), (-0.75, 3.9802, -2.25), (-1.25, 3.98, -2.75), (-0.75, 3.98, -2.75), (-0.25, 3.9815, -2.25), (-0.75, 3.9802, -2.25), (-0.75, 3.98, -2.75), (-0.25, 3.9815, -2.25), (-0.75, 3.98, -2.75), (-0.25, 3.98, -2.75), (0.25, 3.9815, -2.25), (-0.25, 3.9815, -2.25), (-0.25, 3.98, -2.75), (0.25, 3.9815, -2.25), (-0.25, 3.98, -2.75), (0.25, 3.98, -2.75), (0.75, 3.9802, -2.25), (0.25, 3.9815, -2.25), (0.25, 3.98, -2.75), (0.75, 3.9802, -2.25), (0.25, 3.98, -2.75), (0.75, 3.98, -2.75), (1.25, 3.98, -2.25), (0.75, 3.9802, -2.25), (0.75, 3.98, -2.75), (1.25, 3.98, -2.25), (0.75, 3.98, -2.75), (1.25, 3.98, -2.75), (1.75, 3.98, -2.25), (1.25, 3.98, -2.25), (1.25, 3.98, -2.75), (1.75, 3.98, -2.25), (1.25, 3.98, -2.75), (1.75, 3.98, -2.75), (2.25, 3.98, -2.25), (1.75, 3.98, -2.25), (1.75, 3.98, -2.75), (2.25, 3.98, -2.25), (1.75, 3.98, -2.75), (2.25, 3.98, -2.75), (2.75, 3.98, -2.25), (2.25, 3.98, -2.25), (2.25, 3.98, -2.75), (2.75, 3.98, -2.25), (2.25, 3.98, -2.75), (2.75, 3.98, -2.75), (3.25, 3.98, -2.25), (2.75, 3.98, -2.25), (2.75, 3.98, -2.75), (3.25, 3.98, -2.25), (2.75, 3.98, -2.75), (3.25, 3.98, -2.75), (3.75, 3.98, -2.25), (3.25, 3.98, -2.25), (3.25, 3.98, -2.75), (3.75, 3.98, -2.25), (3.25, 3.98, -2.75), (3.75, 3.98, -2.75), (-3.75, 3.98, -1.75), (-4.25, 3.98, -1.75), (-4.25, 3.98, -2.25), (-3.75, 3.98, -1.75), (-4.25, 3.98, -2.25), (-3.75, 3.98, -2.25), (-3.25, 3.98, -1.75), (-3.75, 3.98, -1.75), (-3.75, 3.98, -2.25), (-3.25, 3.98, -1.75), (-3.75, 3.98, -2.25), (-3.25, 3.98, -2.25), (-2.75, 3.98, -1.75), (-3.25, 3.98, -1.75), (-3.25, 3.98, -2.25), (-2.75, 3.98, -1.75), (-3.25, 3.98, -2.25), (-2.75, 3.98, -2.25), (-2.25, 3.98, -1.75), (-2.75, 3.98, -1.75), (-2.75, 3.98, -2.25), (-2.25, 3.98, -1.75), (-2.75, 3.98, -2.25), (-2.25, 3.98, -2.25), (-1.75, 3.98, -1.75), (-2.25, 3.98, -1.75), (-2.25, 3.98, -2.25), (-1.75, 3.98, -1.75), (-2.25, 3.98, -2.25), (-1.75, 3.98, -2.25), (-1.2488, 3.988, -1.7488), (-1.75, 3.98, -1.75), (-1.75, 3.98, -2.25), (-1.2488, 3.988, -1.7488), (-1.75, 3.98, -2.25), (-1.25, 3.98, -2.25), (-0.75, 3.9902, -1.9152), (-1.2488, 3.988, -1.7488), (-1.25, 3.98, -2.25), (-0.75, 3.9902, -1.9152), (-1.25, 3.98, -2.25), (-0.75, 3.9802, -2.25), (-0.75, 4.0488, -1.6652), (-1.0813, 4.0093, -1.5813), (-1.2488, 3.988, -1.7488), (-0.75, 4.0488, -1.6652), (-1.2488, 3.988, -1.7488), (-0.75, 3.9902, -1.9152), (-0.25, 3.9915, -1.9666), (-0.75, 3.9902, -1.9152), (-0.75, 3.9802, -2.25), (-0.25, 3.9915, -1.9666), (-0.75, 3.9802, -2.25), (-0.25, 3.9815, -2.25), (-0.25, 4.1047, -1.7166), (-0.75, 4.0488, -1.6652), (-0.75, 3.9902, -1.9152), (-0.25, 4.1047, -1.7166), (-0.75, 3.9902, -1.9152), (-0.25, 3.9915, -1.9666), (0.25, 3.9915, -1.9666), (-0.25, 3.9915, -1.9666), (-0.25, 3.9815, -2.25), (0.25, 3.9915, -1.9666), (-0.25, 3.9815, -2.25), (0.25, 3.9815, -2.25), (0.25, 4.1047, -1.7166), (-0.25, 4.1047, -1.7166), (-0.25, 3.9915, -1.9666), (0.25, 4.1047, -1.7166), (-0.25, 3.9915, -1.9666), (0.25, 3.9915, -1.9666), (0.75, 3.9902, -1.9152), (0.25, 3.9915, -1.9666), (0.25, 3.9815, -2.25), (0.75, 3.9902, -1.9152), (0.25, 3.9815, -2.25), (0.75, 3.9802, -2.25), (0.75, 4.0488, -1.6652), (0.25, 4.1047, -1.7166), (0.25, 3.9915, -1.9666), (0.75, 4.0488, -1.6652), (0.25, 3.9915, -1.9666), (0.75, 3.9902, -1.9152), (1.2488, 3.988, -1.7488), (0.75, 3.9902, -1.9152), (0.75, 3.9802, -2.25), (1.2488, 3.988, -1.7488), (0.75, 3.9802, -2.25), (1.25, 3.98, -2.25), (1.0813, 4.0093, -1.5813), (0.75, 4.0488, -1.6652), (0.75, 3.9902, -1.9152), (1.0813, 4.0093, -1.5813), (0.75, 3.9902, -1.9152), (1.2488, 3.988, -1.7488), (1.75, 3.98, -1.75), (1.2488, 3.988, -1.7488), (1.25, 3.98, -2.25), (1.75, 3.98, -1.75), (1.25, 3.98, -2.25), (1.75, 3.98, -2.25), (2.25, 3.98, -1.75), (1.75, 3.98, -1.75), (1.75, 3.98, -2.25), (2.25, 3.98, -1.75), (1.75, 3.98, -2.25), (2.25, 3.98, -2.25), (2.75, 3.98, -1.75), (2.25, 3.98, -1.75), (2.25, 3.98, -2.25), (2.75, 3.98, -1.75), (2.25, 3.98, -2.25), (2.75, 3.98, -2.25), (3.25, 3.98, -1.75), (2.75, 3.98, -1.75), (2.75, 3.98, -2.25), (3.25, 3.98, -1.75), (2.75, 3.98, -2.25), (3.25, 3.98, -2.25), (3.75, 3.98, -1.75), (3.25, 3.98, -1.75), (3.25, 3.98, -2.25), (3.75, 3.98, -1.75), (3.25, 3.98, -2.25), (3.75, 3.98, -2.25), (-3.75, 3.98, -1.25), (-4.25, 3.98, -1.25), (-4.25, 3.98, -1.75), (-3.75, 3.98, -1.25), (-4.25, 3.98, -1.75), (-3.75, 3.98, -1.75), (-3.25, 3.98, -1.25), (-3.75, 3.98, -1.25), (-3.75, 3.98, -1.75), (-3.25, 3.98, -1.25), (-3.75, 3.98, -1.75), (-3.25, 3.98, -1.75), (-2.75, 3.98, -1.25), (-3.25, 3.98, -1.25), (-3.25, 3.98, -1.75), (-2.75, 3.98, -1.25), (-3.25, 3.98, -1.75), (-2.75, 3.98, -1.75), (-2.25, 3.98, -1.25), (-2.75, 3.98, -1.25), (-2.75, 3.98, -1.75), (-2.25, 3.98, -1.25), (-2.75, 3.98, -1.75), (-2.25, 3.98, -1.75), (-1.7488, 3.988, -1.2488), (-2.25, 3.98, -1.25), (-2.25, 3.98, -1.75), (-1.7488, 3.988, -1.2488), (-2.25, 3.98, -1.75), (-1.75, 3.98, -1.75), (-1.4147, 3.9933, -1.4147), (-1.7488, 3.988, -1.2488), (-1.75, 3.98, -1.75), (-1.4147, 3.9933, -1.4147), (-1.75, 3.98, -1.75), (-1.2488, 3.988, -1.7488), (-1.2488, 4.0837, -1.2488), (-1.4147, 3.9933, -1.4147), (-1.2488, 3.988, -1.7488), (-1.2488, 4.0837, -1.2488), (-1.2488, 3.988, -1.7488), (-1.0813, 4.0093, -1.5813), (-1.2488, 4.0837, -1.2488), (-1.5813, 4.0093, -1.0813), (-1.7488, 3.988, -1.2488), (-1.2488, 4.0837, -1.2488), (-1.7488, 3.988, -1.2488), (-1.4147, 3.9933, -1.4147), (-0.7728, 4.3117, -1.2489), (-1.2488, 4.0837, -1.2488), (-1.0813, 4.0093, -1.5813), (-0.7728, 4.3117, -1.2489), (-1.0813, 4.0093, -1.5813), (-0.75, 4.0488, -1.6652), (-0.25, 4.3547, -1.3959), (-0.7728, 4.3117, -1.2489), (-0.75, 4.0488, -1.6652), (-0.25, 4.3547, -1.3959), (-0.75, 4.0488, -1.6652), (-0.25, 4.1047, -1.7166), (-0.25, 4.6727, -1.1459), (-0.6213, 4.5939, -1.0814), (-0.7728, 4.3117, -1.2489), (-0.25, 4.6727, -1.1459), (-0.7728, 4.3117, -1.2489), (-0.25, 4.3547, -1.3959), (0.25, 4.3547, -1.3959), (-0.25, 4.3547, -1.3959), (-0.25, 4.1047, -1.7166), (0.25, 4.3547, -1.3959), (-0.25, 4.1047, -1.7166), (0.25, 4.1047, -1.7166), (0.25, 4.6727, -1.1459), (-0.25, 4.6727, -1.1459), (-0.25, 4.3547, -1.3959), (0.25, 4.6727, -1.1459), (-0.25, 4.3547, -1.3959), (0.25, 4.3547, -1.3959), (0.7728, 4.3117, -1.2489), (0.25, 4.3547, -1.3959), (0.25, 4.1047, -1.7166), (0.7728, 4.3117, -1.2489), (0.25, 4.1047, -1.7166), (0.75, 4.0488, -1.6652), (0.6213, 4.5939, -1.0814), (0.25, 4.6727, -1.1459), (0.25, 4.3547, -1.3959), (0.6213, 4.5939, -1.0814), (0.25, 4.3547, -1.3959), (0.7728, 4.3117, -1.2489), (1.2488, 4.0837, -1.2488), (1.2488, 3.988, -1.7488), (1.4147, 3.9933, -1.4147), (1.2488, 4.0837, -1.2488), (1.0813, 4.0093, -1.5813), (1.2488, 3.988, -1.7488), (1.2488, 4.0837, -1.2488), (0.7728, 4.3117, -1.2489), (0.75, 4.0488, -1.6652), (1.2488, 4.0837, -1.2488), (0.75, 4.0488, -1.6652), (1.0813, 4.0093, -1.5813), (1.7488, 3.988, -1.2488), (1.4147, 3.9933, -1.4147), (1.2488, 3.988, -1.7488), (1.7488, 3.988, -1.2488), (1.2488, 3.988, -1.7488), (1.75, 3.98, -1.75), (1.5813, 4.0093, -1.0813), (1.2488, 4.0837, -1.2488), (1.4147, 3.9933, -1.4147), (1.5813, 4.0093, -1.0813), (1.4147, 3.9933, -1.4147), (1.7488, 3.988, -1.2488), (2.25, 3.98, -1.25), (1.7488, 3.988, -1.2488), (1.75, 3.98, -1.75), (2.25, 3.98, -1.25), (1.75, 3.98, -1.75), (2.25, 3.98, -1.75), (2.75, 3.98, -1.25), (2.25, 3.98, -1.25), (2.25, 3.98, -1.75), (2.75, 3.98, -1.25), (2.25, 3.98, -1.75), (2.75, 3.98, -1.75), (3.25, 3.98, -1.25), (2.75, 3.98, -1.25), (2.75, 3.98, -1.75), (3.25, 3.98, -1.25), (2.75, 3.98, -1.75), (3.25, 3.98, -1.75), (3.75, 3.98, -1.25), (3.25, 3.98, -1.25), (3.25, 3.98, -1.75), (3.75, 3.98, -1.25), (3.25, 3.98, -1.75), (3.75, 3.98, -1.75), (-3.75, 3.98, -0.75), (-4.25, 3.98, -0.75), (-4.25, 3.98, -1.25), (-3.75, 3.98, -0.75), (-4.25, 3.98, -1.25), (-3.75, 3.98, -1.25), (-3.25, 3.98, -0.75), (-3.75, 3.98, -0.75), (-3.75, 3.98, -1.25), (-3.25, 3.98, -0.75), (-3.75, 3.98, -1.25), (-3.25, 3.98, -1.25), (-2.75, 3.98, -0.75), (-3.25, 3.98, -0.75), (-3.25, 3.98, -1.25), (-2.75, 3.98, -0.75), (-3.25, 3.98, -1.25), (-2.75, 3.98, -1.25), (-2.25, 3.9802, -0.75), (-2.75, 3.98, -0.75), (-2.75, 3.98, -1.25), (-2.25, 3.9802, -0.75), (-2.75, 3.98, -1.25), (-2.25, 3.98, -1.25), (-1.9152, 3.9902, -0.75), (-2.25, 3.9802, -0.75), (-2.25, 3.98, -1.25), (-1.9152, 3.9902, -0.75), (-2.25, 3.98, -1.25), (-1.7488, 3.988, -1.2488), (-1.6652, 4.0488, -0.75), (-1.9152, 3.9902, -0.75), (-1.7488, 3.988, -1.2488), (-1.6652, 4.0488, -0.75), (-1.7488, 3.988, -1.2488), (-1.5813, 4.0093, -1.0813), (-1.2489, 4.3117, -0.7728), (-1.6652, 4.0488, -0.75), (-1.5813, 4.0093, -1.0813), (-1.2489, 4.3117, -0.7728), (-1.5813, 4.0093, -1.0813), (-1.2488, 4.0837, -1.2488), (-0.9547, 4.4544, -0.9547), (-1.2489, 4.3117, -0.7728), (-1.2488, 4.0837, -1.2488), (-0.9547, 4.4544, -0.9547), (-1.2488, 4.0837, -1.2488), (-0.7728, 4.3117, -1.2489), (-0.7635, 4.7606, -0.7635), (-0.9547, 4.4544, -0.9547), (-0.7728, 4.3117, -1.2489), (-0.7635, 4.7606, -0.7635), (-0.7728, 4.3117, -1.2489), (-0.6213, 4.5939, -1.0814), (-0.7635, 4.7606, -0.7635), (-1.0814, 4.5939, -0.6213), (-1.2489, 4.3117, -0.7728), (-0.7635, 4.7606, -0.7635), (-1.2489, 4.3117, -0.7728), (-0.9547, 4.4544, -0.9547), (-0.25, 4.9227, -0.8996), (-0.7635, 4.7606, -0.7635), (-0.6213, 4.5939, -1.0814), (-0.25, 4.9227, -0.8996), (-0.6213, 4.5939, -1.0814), (-0.25, 4.6727, -1.1459), (-0.25, 5.0828, -0.6496), (-0.5722, 5.0398, -0.5722), (-0.7635, 4.7606, -0.7635), (-0.25, 5.0828, -0.6496), (-0.7635, 4.7606, -0.7635), (-0.25, 4.9227, -0.8996), (0.25, 4.9227, -0.8996), (-0.25, 4.9227, -0.8996), (-0.25, 4.6727, -1.1459), (0.25, 4.9227, -0.8996), (-0.25, 4.6727, -1.1459), (0.25, 4.6727, -1.1459), (0.25, 5.0828, -0.6496), (-0.25, 5.0828, -0.6496), (-0.25, 4.9227, -0.8996), (0.25, 5.0828, -0.6496), (-0.25, 4.9227, -0.8996), (0.25, 4.9227, -0.8996), (0.7635, 4.7606, -0.7635), (0.7728, 4.3117, -1.2489), (0.9547, 4.4544, -0.9547), (0.7635, 4.7606, -0.7635), (0.6213, 4.5939, -1.0814), (0.7728, 4.3117, -1.2489), (0.7635, 4.7606, -0.7635), (0.25, 4.9227, -0.8996), (0.25, 4.6727, -1.1459), (0.7635, 4.7606, -0.7635), (0.25, 4.6727, -1.1459), (0.6213, 4.5939, -1.0814), (0.5722, 5.0398, -0.5722), (0.25, 5.0828, -0.6496), (0.25, 4.9227, -0.8996), (0.5722, 5.0398, -0.5722), (0.25, 4.9227, -0.8996), (0.7635, 4.7606, -0.7635), (1.2489, 4.3117, -0.7728), (0.9547, 4.4544, -0.9547), (0.7728, 4.3117, -1.2489), (1.2489, 4.3117, -0.7728), (0.7728, 4.3117, -1.2489), (1.2488, 4.0837, -1.2488), (1.0814, 4.5939, -0.6213), (0.7635, 4.7606, -0.7635), (0.9547, 4.4544, -0.9547), (1.0814, 4.5939, -0.6213), (0.9547, 4.4544, -0.9547), (1.2489, 4.3117, -0.7728), (1.6652, 4.0488, -0.75), (1.7488, 3.988, -1.2488), (1.9152, 3.9902, -0.75), (1.6652, 4.0488, -0.75), (1.5813, 4.0093, -1.0813), (1.7488, 3.988, -1.2488), (1.6652, 4.0488, -0.75), (1.2489, 4.3117, -0.7728), (1.2488, 4.0837, -1.2488), (1.6652, 4.0488, -0.75), (1.2488, 4.0837, -1.2488), (1.5813, 4.0093, -1.0813), (2.25, 3.9802, -0.75), (1.9152, 3.9902, -0.75), (1.7488, 3.988, -1.2488), (2.25, 3.9802, -0.75), (1.7488, 3.988, -1.2488), (2.25, 3.98, -1.25), (2.75, 3.98, -0.75), (2.25, 3.9802, -0.75), (2.25, 3.98, -1.25), (2.75, 3.98, -0.75), (2.25, 3.98, -1.25), (2.75, 3.98, -1.25), (3.25, 3.98, -0.75), (2.75, 3.98, -0.75), (2.75, 3.98, -1.25), (3.25, 3.98, -0.75), (2.75, 3.98, -1.25), (3.25, 3.98, -1.25), (3.75, 3.98, -0.75), (3.25, 3.98, -0.75), (3.25, 3.98, -1.25), (3.75, 3.98, -0.75), (3.25, 3.98, -1.25), (3.75, 3.98, -1.25), (-3.75, 3.98, -0.25), (-4.25, 3.98, -0.25), (-4.25, 3.98, -0.75), (-3.75, 3.98, -0.25), (-4.25, 3.98, -0.75), (-3.75, 3.98, -0.75), (-3.25, 3.98, -0.25), (-3.75, 3.98, -0.25), (-3.75, 3.98, -0.75), (-3.25, 3.98, -0.25), (-3.75, 3.98, -0.75), (-3.25, 3.98, -0.75), (-2.75, 3.98, -0.25), (-3.25, 3.98, -0.25), (-3.25, 3.98, -0.75), (-2.75, 3.98, -0.25), (-3.25, 3.98, -0.75), (-2.75, 3.98, -0.75), (-2.25, 3.9815, -0.25), (-2.75, 3.98, -0.25), (-2.75, 3.98, -0.75), (-2.25, 3.9815, -0.25), (-2.75, 3.98, -0.75), (-2.25, 3.9802, -0.75), (-1.9666, 3.9915, -0.25), (-2.25, 3.9815, -0.25), (-2.25, 3.9802, -0.75), (-1.9666, 3.9915, -0.25), (-2.25, 3.9802, -0.75), (-1.9152, 3.9902, -0.75), (-1.7166, 4.1047, -0.25), (-1.9666, 3.9915, -0.25), (-1.9152, 3.9902, -0.75), (-1.7166, 4.1047, -0.25), (-1.9152, 3.9902, -0.75), (-1.6652, 4.0488, -0.75), (-1.3959, 4.3547, -0.25), (-1.7166, 4.1047, -0.25), (-1.6652, 4.0488, -0.75), (-1.3959, 4.3547, -0.25), (-1.6652, 4.0488, -0.75), (-1.2489, 4.3117, -0.7728), (-1.1459, 4.6727, -0.25), (-1.3959, 4.3547, -0.25), (-1.2489, 4.3117, -0.7728), (-1.1459, 4.6727, -0.25), (-1.2489, 4.3117, -0.7728), (-1.0814, 4.5939, -0.6213), (-0.8996, 4.9227, -0.25), (-1.1459, 4.6727, -0.25), (-1.0814, 4.5939, -0.6213), (-0.8996, 4.9227, -0.25), (-1.0814, 4.5939, -0.6213), (-0.7635, 4.7606, -0.7635), (-0.6496, 5.0828, -0.25), (-0.8996, 4.9227, -0.25), (-0.7635, 4.7606, -0.7635), (-0.6496, 5.0828, -0.25), (-0.7635, 4.7606, -0.7635), (-0.5722, 5.0398, -0.5722), (-0.25, 5.2108, -0.25), (-0.6496, 5.0828, -0.25), (-0.5722, 5.0398, -0.5722), (-0.25, 5.2108, -0.25), (-0.5722, 5.0398, -0.5722), (-0.25, 5.0828, -0.6496), (0.25, 5.2108, -0.25), (-0.25, 5.2108, -0.25), (-0.25, 5.0828, -0.6496), (0.25, 5.2108, -0.25), (-0.25, 5.0828, -0.6496), (0.25, 5.0828, -0.6496), (0.6496, 5.0828, -0.25), (0.7635, 4.7606, -0.7635), (0.8996, 4.9227, -0.25), (0.6496, 5.0828, -0.25), (0.5722, 5.0398, -0.5722), (0.7635, 4.7606, -0.7635), (0.6496, 5.0828, -0.25), (0.25, 5.2108, -0.25), (0.25, 5.0828, -0.6496), (0.6496, 5.0828, -0.25), (0.25, 5.0828, -0.6496), (0.5722, 5.0398, -0.5722), (1.1459, 4.6727, -0.25), (1.2489, 4.3117, -0.7728), (1.3959, 4.3547, -0.25), (1.1459, 4.6727, -0.25), (1.0814, 4.5939, -0.6213), (1.2489, 4.3117, -0.7728), (1.1459, 4.6727, -0.25), (0.8996, 4.9227, -0.25), (0.7635, 4.7606, -0.7635), (1.1459, 4.6727, -0.25), (0.7635, 4.7606, -0.7635), (1.0814, 4.5939, -0.6213), (1.7166, 4.1047, -0.25), (1.9152, 3.9902, -0.75), (1.9666, 3.9915, -0.25), (1.7166, 4.1047, -0.25), (1.6652, 4.0488, -0.75), (1.9152, 3.9902, -0.75), (1.7166, 4.1047, -0.25), (1.3959, 4.3547, -0.25), (1.2489, 4.3117, -0.7728), (1.7166, 4.1047, -0.25), (1.2489, 4.3117, -0.7728), (1.6652, 4.0488, -0.75), (2.25, 3.9815, -0.25), (1.9666, 3.9915, -0.25), (1.9152, 3.9902, -0.75), (2.25, 3.9815, -0.25), (1.9152, 3.9902, -0.75), (2.25, 3.9802, -0.75), (2.75, 3.98, -0.25), (2.25, 3.9815, -0.25), (2.25, 3.9802, -0.75), (2.75, 3.98, -0.25), (2.25, 3.9802, -0.75), (2.75, 3.98, -0.75), (3.25, 3.98, -0.25), (2.75, 3.98, -0.25), (2.75, 3.98, -0.75), (3.25, 3.98, -0.25), (2.75, 3.98, -0.75), (3.25, 3.98, -0.75), (3.75, 3.98, -0.25), (3.25, 3.98, -0.25), (3.25, 3.98, -0.75), (3.75, 3.98, -0.25), (3.25, 3.98, -0.75), (3.75, 3.98, -0.75), (-3.75, 3.98, 0.25), (-4.25, 3.98, 0.25), (-4.25, 3.98, -0.25), (-3.75, 3.98, 0.25), (-4.25, 3.98, -0.25), (-3.75, 3.98, -0.25), (-3.25, 3.98, 0.25), (-3.75, 3.98, 0.25), (-3.75, 3.98, -0.25), (-3.25, 3.98, 0.25), (-3.75, 3.98, -0.25), (-3.25, 3.98, -0.25), (-2.75, 3.98, 0.25), (-3.25, 3.98, 0.25), (-3.25, 3.98, -0.25), (-2.75, 3.98, 0.25), (-3.25, 3.98, -0.25), (-2.75, 3.98, -0.25), (-2.25, 3.9815, 0.25), (-2.75, 3.98, 0.25), (-2.75, 3.98, -0.25), (-2.25, 3.9815, 0.25), (-2.75, 3.98, -0.25), (-2.25, 3.9815, -0.25), (-1.9666, 3.9915, 0.25), (-2.25, 3.9815, 0.25), (-2.25, 3.9815, -0.25), (-1.9666, 3.9915, 0.25), (-2.25, 3.9815, -0.25), (-1.9666, 3.9915, -0.25), (-1.7166, 4.1047, 0.25), (-1.9666, 3.9915, 0.25), (-1.9666, 3.9915, -0.25), (-1.7166, 4.1047, 0.25), (-1.9666, 3.9915, -0.25), (-1.7166, 4.1047, -0.25), (-1.3959, 4.3547, 0.25), (-1.7166, 4.1047, 0.25), (-1.7166, 4.1047, -0.25), (-1.3959, 4.3547, 0.25), (-1.7166, 4.1047, -0.25), (-1.3959, 4.3547, -0.25), (-1.1459, 4.6727, 0.25), (-1.3959, 4.3547, 0.25), (-1.3959, 4.3547, -0.25), (-1.1459, 4.6727, 0.25), (-1.3959, 4.3547, -0.25), (-1.1459, 4.6727, -0.25), (-0.8996, 4.9227, 0.25), (-1.1459, 4.6727, 0.25), (-1.1459, 4.6727, -0.25), (-0.8996, 4.9227, 0.25), (-1.1459, 4.6727, -0.25), (-0.8996, 4.9227, -0.25), (-0.6496, 5.0828, 0.25), (-0.8996, 4.9227, 0.25), (-0.8996, 4.9227, -0.25), (-0.6496, 5.0828, 0.25), (-0.8996, 4.9227, -0.25), (-0.6496, 5.0828, -0.25), (-0.25, 5.2108, 0.25), (-0.6496, 5.0828, 0.25), (-0.6496, 5.0828, -0.25), (-0.25, 5.2108, 0.25), (-0.6496, 5.0828, -0.25), (-0.25, 5.2108, -0.25), (0.25, 5.2108, 0.25), (-0.25, 5.2108, 0.25), (-0.25, 5.2108, -0.25), (0.25, 5.2108, 0.25), (-0.25, 5.2108, -0.25), (0.25, 5.2108, -0.25), (0.6496, 5.0828, 0.25), (0.8996, 4.9227, -0.25), (0.8996, 4.9227, 0.25), (0.6496, 5.0828, 0.25), (0.6496, 5.0828, -0.25), (0.8996, 4.9227, -0.25), (0.6496, 5.0828, 0.25), (0.25, 5.2108, 0.25), (0.25, 5.2108, -0.25), (0.6496, 5.0828, 0.25), (0.25, 5.2108, -0.25), (0.6496, 5.0828, -0.25), (1.1459, 4.6727, 0.25), (1.3959, 4.3547, -0.25), (1.3959, 4.3547, 0.25), (1.1459, 4.6727, 0.25), (1.1459, 4.6727, -0.25), (1.3959, 4.3547, -0.25), (1.1459, 4.6727, 0.25), (0.8996, 4.9227, 0.25), (0.8996, 4.9227, -0.25), (1.1459, 4.6727, 0.25), (0.8996, 4.9227, -0.25), (1.1459, 4.6727, -0.25), (1.7166, 4.1047, 0.25), (1.9666, 3.9915, -0.25), (1.9666, 3.9915, 0.25), (1.7166, 4.1047, 0.25), (1.7166, 4.1047, -0.25), (1.9666, 3.9915, -0.25), (1.7166, 4.1047, 0.25), (1.3959, 4.3547, 0.25), (1.3959, 4.3547, -0.25), (1.7166, 4.1047, 0.25), (1.3959, 4.3547, -0.25), (1.7166, 4.1047, -0.25), (2.25, 3.9815, 0.25), (1.9666, 3.9915, 0.25), (1.9666, 3.9915, -0.25), (2.25, 3.9815, 0.25), (1.9666, 3.9915, -0.25), (2.25, 3.9815, -0.25), (2.75, 3.98, 0.25), (2.25, 3.9815, 0.25), (2.25, 3.9815, -0.25), (2.75, 3.98, 0.25), (2.25, 3.9815, -0.25), (2.75, 3.98, -0.25), (3.25, 3.98, 0.25), (2.75, 3.98, 0.25), (2.75, 3.98, -0.25), (3.25, 3.98, 0.25), (2.75, 3.98, -0.25), (3.25, 3.98, -0.25), (3.75, 3.98, 0.25), (3.25, 3.98, 0.25), (3.25, 3.98, -0.25), (3.75, 3.98, 0.25), (3.25, 3.98, -0.25), (3.75, 3.98, -0.25), (-3.75, 3.98, 0.75), (-4.25, 3.98, 0.75), (-4.25, 3.98, 0.25), (-3.75, 3.98, 0.75), (-4.25, 3.98, 0.25), (-3.75, 3.98, 0.25), (-3.25, 3.98, 0.75), (-3.75, 3.98, 0.75), (-3.75, 3.98, 0.25), (-3.25, 3.98, 0.75), (-3.75, 3.98, 0.25), (-3.25, 3.98, 0.25), (-2.75, 3.98, 0.75), (-3.25, 3.98, 0.75), (-3.25, 3.98, 0.25), (-2.75, 3.98, 0.75), (-3.25, 3.98, 0.25), (-2.75, 3.98, 0.25), (-2.25, 3.9802, 0.75), (-2.75, 3.98, 0.75), (-2.75, 3.98, 0.25), (-2.25, 3.9802, 0.75), (-2.75, 3.98, 0.25), (-2.25, 3.9815, 0.25), (-1.9152, 3.9902, 0.75), (-2.25, 3.9802, 0.75), (-2.25, 3.9815, 0.25), (-1.9152, 3.9902, 0.75), (-2.25, 3.9815, 0.25), (-1.9666, 3.9915, 0.25), (-1.6652, 4.0488, 0.75), (-1.9152, 3.9902, 0.75), (-1.9666, 3.9915, 0.25), (-1.6652, 4.0488, 0.75), (-1.9666, 3.9915, 0.25), (-1.7166, 4.1047, 0.25), (-1.2489, 4.3117, 0.7728), (-1.6652, 4.0488, 0.75), (-1.7166, 4.1047, 0.25), (-1.2489, 4.3117, 0.7728), (-1.7166, 4.1047, 0.25), (-1.3959, 4.3547, 0.25), (-1.0814, 4.5939, 0.6213), (-1.2489, 4.3117, 0.7728), (-1.3959, 4.3547, 0.25), (-1.0814, 4.5939, 0.6213), (-1.3959, 4.3547, 0.25), (-1.1459, 4.6727, 0.25), (-0.7635, 4.7606, 0.7635), (-1.0814, 4.5939, 0.6213), (-1.1459, 4.6727, 0.25), (-0.7635, 4.7606, 0.7635), (-1.1459, 4.6727, 0.25), (-0.8996, 4.9227, 0.25), (-0.7635, 4.7606, 0.7635), (-1.2489, 4.3117, 0.7728), (-1.0814, 4.5939, 0.6213), (-0.7635, 4.7606, 0.7635), (-0.9547, 4.4544, 0.9547), (-1.2489, 4.3117, 0.7728), (-0.5722, 5.0398, 0.5722), (-0.7635, 4.7606, 0.7635), (-0.8996, 4.9227, 0.25), (-0.5722, 5.0398, 0.5722), (-0.8996, 4.9227, 0.25), (-0.6496, 5.0828, 0.25), (-0.25, 5.0828, 0.6496), (-0.5722, 5.0398, 0.5722), (-0.6496, 5.0828, 0.25), (-0.25, 5.0828, 0.6496), (-0.6496, 5.0828, 0.25), (-0.25, 5.2108, 0.25), (-0.25, 5.0828, 0.6496), (-0.7635, 4.7606, 0.7635), (-0.5722, 5.0398, 0.5722), (-0.25, 5.0828, 0.6496), (-0.25, 4.9227, 0.8996), (-0.7635, 4.7606, 0.7635), (0.25, 5.0828, 0.6496), (-0.25, 5.0828, 0.6496), (-0.25, 5.2108, 0.25), (0.25, 5.0828, 0.6496), (-0.25, 5.2108, 0.25), (0.25, 5.2108, 0.25), (0.25, 5.0828, 0.6496), (-0.25, 4.9227, 0.8996), (-0.25, 5.0828, 0.6496), (0.25, 5.0828, 0.6496), (0.25, 4.9227, 0.8996), (-0.25, 4.9227, 0.8996), (0.5722, 5.0398, 0.5722), (0.8996, 4.9227, 0.25), (0.7635, 4.7606, 0.7635), (0.5722, 5.0398, 0.5722), (0.6496, 5.0828, 0.25), (0.8996, 4.9227, 0.25), (0.5722, 5.0398, 0.5722), (0.25, 5.0828, 0.6496), (0.25, 5.2108, 0.25), (0.5722, 5.0398, 0.5722), (0.25, 5.2108, 0.25), (0.6496, 5.0828, 0.25), (0.5722, 5.0398, 0.5722), (0.25, 4.9227, 0.8996), (0.25, 5.0828, 0.6496), (0.5722, 5.0398, 0.5722), (0.7635, 4.7606, 0.7635), (0.25, 4.9227, 0.8996), (1.0814, 4.5939, 0.6213), (1.3959, 4.3547, 0.25), (1.2489, 4.3117, 0.7728), (1.0814, 4.5939, 0.6213), (1.1459, 4.6727, 0.25), (1.3959, 4.3547, 0.25), (1.0814, 4.5939, 0.6213), (0.7635, 4.7606, 0.7635), (0.8996, 4.9227, 0.25), (1.0814, 4.5939, 0.6213), (0.8996, 4.9227, 0.25), (1.1459, 4.6727, 0.25), (1.0814, 4.5939, 0.6213), (0.9547, 4.4544, 0.9547), (0.7635, 4.7606, 0.7635), (1.0814, 4.5939, 0.6213), (1.2489, 4.3117, 0.7728), (0.9547, 4.4544, 0.9547), (1.6652, 4.0488, 0.75), (1.9666, 3.9915, 0.25), (1.9152, 3.9902, 0.75), (1.6652, 4.0488, 0.75), (1.7166, 4.1047, 0.25), (1.9666, 3.9915, 0.25), (1.6652, 4.0488, 0.75), (1.2489, 4.3117, 0.7728), (1.3959, 4.3547, 0.25), (1.6652, 4.0488, 0.75), (1.3959, 4.3547, 0.25), (1.7166, 4.1047, 0.25), (2.25, 3.9802, 0.75), (1.9152, 3.9902, 0.75), (1.9666, 3.9915, 0.25), (2.25, 3.9802, 0.75), (1.9666, 3.9915, 0.25), (2.25, 3.9815, 0.25), (2.75, 3.98, 0.75), (2.25, 3.9802, 0.75), (2.25, 3.9815, 0.25), (2.75, 3.98, 0.75), (2.25, 3.9815, 0.25), (2.75, 3.98, 0.25), (3.25, 3.98, 0.75), (2.75, 3.98, 0.75), (2.75, 3.98, 0.25), (3.25, 3.98, 0.75), (2.75, 3.98, 0.25), (3.25, 3.98, 0.25), (3.75, 3.98, 0.75), (3.25, 3.98, 0.75), (3.25, 3.98, 0.25), (3.75, 3.98, 0.75), (3.25, 3.98, 0.25), (3.75, 3.98, 0.25), (-3.75, 3.98, 1.25), (-4.25, 3.98, 1.25), (-4.25, 3.98, 0.75), (-3.75, 3.98, 1.25), (-4.25, 3.98, 0.75), (-3.75, 3.98, 0.75), (-3.25, 3.98, 1.25), (-3.75, 3.98, 1.25), (-3.75, 3.98, 0.75), (-3.25, 3.98, 1.25), (-3.75, 3.98, 0.75), (-3.25, 3.98, 0.75), (-2.75, 3.98, 1.25), (-3.25, 3.98, 1.25), (-3.25, 3.98, 0.75), (-2.75, 3.98, 1.25), (-3.25, 3.98, 0.75), (-2.75, 3.98, 0.75), (-2.25, 3.98, 1.25), (-2.75, 3.98, 1.25), (-2.75, 3.98, 0.75), (-2.25, 3.98, 1.25), (-2.75, 3.98, 0.75), (-2.25, 3.9802, 0.75), (-1.7488, 3.988, 1.2488), (-2.25, 3.98, 1.25), (-2.25, 3.9802, 0.75), (-1.7488, 3.988, 1.2488), (-2.25, 3.9802, 0.75), (-1.9152, 3.9902, 0.75), (-1.5813, 4.0093, 1.0813), (-1.7488, 3.988, 1.2488), (-1.9152, 3.9902, 0.75), (-1.5813, 4.0093, 1.0813), (-1.9152, 3.9902, 0.75), (-1.6652, 4.0488, 0.75), (-1.2488, 4.0837, 1.2488), (-1.5813, 4.0093, 1.0813), (-1.6652, 4.0488, 0.75), (-1.2488, 4.0837, 1.2488), (-1.6652, 4.0488, 0.75), (-1.2489, 4.3117, 0.7728), (-1.2488, 4.0837, 1.2488), (-1.7488, 3.988, 1.2488), (-1.5813, 4.0093, 1.0813), (-1.2488, 4.0837, 1.2488), (-1.4147, 3.9933, 1.4147), (-1.7488, 3.988, 1.2488), (-0.7728, 4.3117, 1.2489), (-1.2488, 4.0837, 1.2488), (-1.2489, 4.3117, 0.7728), (-0.7728, 4.3117, 1.2489), (-1.2489, 4.3117, 0.7728), (-0.9547, 4.4544, 0.9547), (-0.6213, 4.5939, 1.0814), (-0.7728, 4.3117, 1.2489), (-0.9547, 4.4544, 0.9547), (-0.6213, 4.5939, 1.0814), (-0.9547, 4.4544, 0.9547), (-0.7635, 4.7606, 0.7635), (-0.25, 4.6727, 1.1459), (-0.6213, 4.5939, 1.0814), (-0.7635, 4.7606, 0.7635), (-0.25, 4.6727, 1.1459), (-0.7635, 4.7606, 0.7635), (-0.25, 4.9227, 0.8996), (-0.25, 4.6727, 1.1459), (-0.7728, 4.3117, 1.2489), (-0.6213, 4.5939, 1.0814), (-0.25, 4.6727, 1.1459), (-0.25, 4.3547, 1.3959), (-0.7728, 4.3117, 1.2489), (0.25, 4.6727, 1.1459), (-0.25, 4.6727, 1.1459), (-0.25, 4.9227, 0.8996), (0.25, 4.6727, 1.1459), (-0.25, 4.9227, 0.8996), (0.25, 4.9227, 0.8996), (0.25, 4.6727, 1.1459), (-0.25, 4.3547, 1.3959), (-0.25, 4.6727, 1.1459), (0.25, 4.6727, 1.1459), (0.25, 4.3547, 1.3959), (-0.25, 4.3547, 1.3959), (0.6213, 4.5939, 1.0814), (0.9547, 4.4544, 0.9547), (0.7728, 4.3117, 1.2489), (0.6213, 4.5939, 1.0814), (0.7635, 4.7606, 0.7635), (0.9547, 4.4544, 0.9547), (0.6213, 4.5939, 1.0814), (0.25, 4.6727, 1.1459), (0.25, 4.9227, 0.8996), (0.6213, 4.5939, 1.0814), (0.25, 4.9227, 0.8996), (0.7635, 4.7606, 0.7635), (0.6213, 4.5939, 1.0814), (0.25, 4.3547, 1.3959), (0.25, 4.6727, 1.1459), (0.6213, 4.5939, 1.0814), (0.7728, 4.3117, 1.2489), (0.25, 4.3547, 1.3959), (1.2488, 4.0837, 1.2488), (0.7728, 4.3117, 1.2489), (0.9547, 4.4544, 0.9547), (1.2488, 4.0837, 1.2488), (0.9547, 4.4544, 0.9547), (1.2489, 4.3117, 0.7728), (1.5813, 4.0093, 1.0813), (1.9152, 3.9902, 0.75), (1.7488, 3.988, 1.2488), (1.5813, 4.0093, 1.0813), (1.6652, 4.0488, 0.75), (1.9152, 3.9902, 0.75), (1.5813, 4.0093, 1.0813), (1.2488, 4.0837, 1.2488), (1.2489, 4.3117, 0.7728), (1.5813, 4.0093, 1.0813), (1.2489, 4.3117, 0.7728), (1.6652, 4.0488, 0.75), (1.5813, 4.0093, 1.0813), (1.4147, 3.9933, 1.4147), (1.2488, 4.0837, 1.2488), (1.5813, 4.0093, 1.0813), (1.7488, 3.988, 1.2488), (1.4147, 3.9933, 1.4147), (2.25, 3.98, 1.25), (1.7488, 3.988, 1.2488), (1.9152, 3.9902, 0.75), (2.25, 3.98, 1.25), (1.9152, 3.9902, 0.75), (2.25, 3.9802, 0.75), (2.75, 3.98, 1.25), (2.25, 3.98, 1.25), (2.25, 3.9802, 0.75), (2.75, 3.98, 1.25), (2.25, 3.9802, 0.75), (2.75, 3.98, 0.75), (3.25, 3.98, 1.25), (2.75, 3.98, 1.25), (2.75, 3.98, 0.75), (3.25, 3.98, 1.25), (2.75, 3.98, 0.75), (3.25, 3.98, 0.75), (3.75, 3.98, 1.25), (3.25, 3.98, 1.25), (3.25, 3.98, 0.75), (3.75, 3.98, 1.25), (3.25, 3.98, 0.75), (3.75, 3.98, 0.75), (-3.75, 3.98, 1.75), (-4.25, 3.98, 1.75), (-4.25, 3.98, 1.25), (-3.75, 3.98, 1.75), (-4.25, 3.98, 1.25), (-3.75, 3.98, 1.25), (-3.25, 3.98, 1.75), (-3.75, 3.98, 1.75), (-3.75, 3.98, 1.25), (-3.25, 3.98, 1.75), (-3.75, 3.98, 1.25), (-3.25, 3.98, 1.25), (-2.75, 3.98, 1.75), (-3.25, 3.98, 1.75), (-3.25, 3.98, 1.25), (-2.75, 3.98, 1.75), (-3.25, 3.98, 1.25), (-2.75, 3.98, 1.25), (-2.25, 3.98, 1.75), (-2.75, 3.98, 1.75), (-2.75, 3.98, 1.25), (-2.25, 3.98, 1.75), (-2.75, 3.98, 1.25), (-2.25, 3.98, 1.25), (-1.75, 3.98, 1.75), (-2.25, 3.98, 1.75), (-2.25, 3.98, 1.25), (-1.75, 3.98, 1.75), (-2.25, 3.98, 1.25), (-1.7488, 3.988, 1.2488), (-1.2488, 3.988, 1.7488), (-1.75, 3.98, 1.75), (-1.7488, 3.988, 1.2488), (-1.2488, 3.988, 1.7488), (-1.7488, 3.988, 1.2488), (-1.4147, 3.9933, 1.4147), (-1.0813, 4.0093, 1.5813), (-1.2488, 3.988, 1.7488), (-1.4147, 3.9933, 1.4147), (-1.0813, 4.0093, 1.5813), (-1.4147, 3.9933, 1.4147), (-1.2488, 4.0837, 1.2488), (-0.75, 4.0488, 1.6652), (-1.0813, 4.0093, 1.5813), (-1.2488, 4.0837, 1.2488), (-0.75, 4.0488, 1.6652), (-1.2488, 4.0837, 1.2488), (-0.7728, 4.3117, 1.2489), (-0.75, 4.0488, 1.6652), (-1.2488, 3.988, 1.7488), (-1.0813, 4.0093, 1.5813), (-0.75, 4.0488, 1.6652), (-0.75, 3.9902, 1.9152), (-1.2488, 3.988, 1.7488), (-0.25, 4.1047, 1.7166), (-0.75, 4.0488, 1.6652), (-0.7728, 4.3117, 1.2489), (-0.25, 4.1047, 1.7166), (-0.7728, 4.3117, 1.2489), (-0.25, 4.3547, 1.3959), (-0.25, 4.1047, 1.7166), (-0.75, 3.9902, 1.9152), (-0.75, 4.0488, 1.6652), (-0.25, 4.1047, 1.7166), (-0.25, 3.9915, 1.9666), (-0.75, 3.9902, 1.9152), (0.25, 4.1047, 1.7166), (-0.25, 4.1047, 1.7166), (-0.25, 4.3547, 1.3959), (0.25, 4.1047, 1.7166), (-0.25, 4.3547, 1.3959), (0.25, 4.3547, 1.3959), (0.25, 4.1047, 1.7166), (-0.25, 3.9915, 1.9666), (-0.25, 4.1047, 1.7166), (0.25, 4.1047, 1.7166), (0.25, 3.9915, 1.9666), (-0.25, 3.9915, 1.9666), (0.75, 4.0488, 1.6652), (0.25, 4.1047, 1.7166), (0.25, 4.3547, 1.3959), (0.75, 4.0488, 1.6652), (0.25, 4.3547, 1.3959), (0.7728, 4.3117, 1.2489), (0.75, 4.0488, 1.6652), (0.25, 3.9915, 1.9666), (0.25, 4.1047, 1.7166), (0.75, 4.0488, 1.6652), (0.75, 3.9902, 1.9152), (0.25, 3.9915, 1.9666), (1.0813, 4.0093, 1.5813), (1.4147, 3.9933, 1.4147), (1.2488, 3.988, 1.7488), (1.0813, 4.0093, 1.5813), (1.2488, 4.0837, 1.2488), (1.4147, 3.9933, 1.4147), (1.0813, 4.0093, 1.5813), (0.75, 4.0488, 1.6652), (0.7728, 4.3117, 1.2489), (1.0813, 4.0093, 1.5813), (0.7728, 4.3117, 1.2489), (1.2488, 4.0837, 1.2488), (1.0813, 4.0093, 1.5813), (0.75, 3.9902, 1.9152), (0.75, 4.0488, 1.6652), (1.0813, 4.0093, 1.5813), (1.2488, 3.988, 1.7488), (0.75, 3.9902, 1.9152), (1.75, 3.98, 1.75), (1.2488, 3.988, 1.7488), (1.4147, 3.9933, 1.4147), (1.75, 3.98, 1.75), (1.4147, 3.9933, 1.4147), (1.7488, 3.988, 1.2488), (2.25, 3.98, 1.75), (1.75, 3.98, 1.75), (1.7488, 3.988, 1.2488), (2.25, 3.98, 1.75), (1.7488, 3.988, 1.2488), (2.25, 3.98, 1.25), (2.75, 3.98, 1.75), (2.25, 3.98, 1.75), (2.25, 3.98, 1.25), (2.75, 3.98, 1.75), (2.25, 3.98, 1.25), (2.75, 3.98, 1.25), (3.25, 3.98, 1.75), (2.75, 3.98, 1.75), (2.75, 3.98, 1.25), (3.25, 3.98, 1.75), (2.75, 3.98, 1.25), (3.25, 3.98, 1.25), (3.75, 3.98, 1.75), (3.25, 3.98, 1.75), (3.25, 3.98, 1.25), (3.75, 3.98, 1.75), (3.25, 3.98, 1.25), (3.75, 3.98, 1.25), (-3.75, 3.98, 2.25), (-4.25, 3.98, 2.25), (-4.25, 3.98, 1.75), (-3.75, 3.98, 2.25), (-4.25, 3.98, 1.75), (-3.75, 3.98, 1.75), (-3.25, 3.98, 2.25), (-3.75, 3.98, 2.25), (-3.75, 3.98, 1.75), (-3.25, 3.98, 2.25), (-3.75, 3.98, 1.75), (-3.25, 3.98, 1.75), (-2.75, 3.98, 2.25), (-3.25, 3.98, 2.25), (-3.25, 3.98, 1.75), (-2.75, 3.98, 2.25), (-3.25, 3.98, 1.75), (-2.75, 3.98, 1.75), (-2.25, 3.98, 2.25), (-2.75, 3.98, 2.25), (-2.75, 3.98, 1.75), (-2.25, 3.98, 2.25), (-2.75, 3.98, 1.75), (-2.25, 3.98, 1.75), (-1.75, 3.98, 2.25), (-2.25, 3.98, 2.25), (-2.25, 3.98, 1.75), (-1.75, 3.98, 2.25), (-2.25, 3.98, 1.75), (-1.75, 3.98, 1.75), (-1.25, 3.98, 2.25), (-1.75, 3.98, 2.25), (-1.75, 3.98, 1.75), (-1.25, 3.98, 2.25), (-1.75, 3.98, 1.75), (-1.2488, 3.988, 1.7488), (-0.75, 3.9802, 2.25), (-1.25, 3.98, 2.25), (-1.2488, 3.988, 1.7488), (-0.75, 3.9802, 2.25), (-1.2488, 3.988, 1.7488), (-0.75, 3.9902, 1.9152), (-0.25, 3.9815, 2.25), (-0.75, 3.9802, 2.25), (-0.75, 3.9902, 1.9152), (-0.25, 3.9815, 2.25), (-0.75, 3.9902, 1.9152), (-0.25, 3.9915, 1.9666), (0.25, 3.9815, 2.25), (-0.25, 3.9815, 2.25), (-0.25, 3.9915, 1.9666), (0.25, 3.9815, 2.25), (-0.25, 3.9915, 1.9666), (0.25, 3.9915, 1.9666), (0.75, 3.9802, 2.25), (0.25, 3.9815, 2.25), (0.25, 3.9915, 1.9666), (0.75, 3.9802, 2.25), (0.25, 3.9915, 1.9666), (0.75, 3.9902, 1.9152), (1.25, 3.98, 2.25), (0.75, 3.9802, 2.25), (0.75, 3.9902, 1.9152), (1.25, 3.98, 2.25), (0.75, 3.9902, 1.9152), (1.2488, 3.988, 1.7488), (1.75, 3.98, 2.25), (1.25, 3.98, 2.25), (1.2488, 3.988, 1.7488), (1.75, 3.98, 2.25), (1.2488, 3.988, 1.7488), (1.75, 3.98, 1.75), (2.25, 3.98, 2.25), (1.75, 3.98, 2.25), (1.75, 3.98, 1.75), (2.25, 3.98, 2.25), (1.75, 3.98, 1.75), (2.25, 3.98, 1.75), (2.75, 3.98, 2.25), (2.25, 3.98, 2.25), (2.25, 3.98, 1.75), (2.75, 3.98, 2.25), (2.25, 3.98, 1.75), (2.75, 3.98, 1.75), (3.25, 3.98, 2.25), (2.75, 3.98, 2.25), (2.75, 3.98, 1.75), (3.25, 3.98, 2.25), (2.75, 3.98, 1.75), (3.25, 3.98, 1.75), (3.75, 3.98, 2.25), (3.25, 3.98, 2.25), (3.25, 3.98, 1.75), (3.75, 3.98, 2.25), (3.25, 3.98, 1.75), (3.75, 3.98, 1.75), (-3.75, 3.98, 2.75), (-4.25, 3.98, 2.75), (-4.25, 3.98, 2.25), (-3.75, 3.98, 2.75), (-4.25, 3.98, 2.25), (-3.75, 3.98, 2.25), (-3.25, 3.98, 2.75), (-3.75, 3.98, 2.75), (-3.75, 3.98, 2.25), (-3.25, 3.98, 2.75), (-3.75, 3.98, 2.25), (-3.25, 3.98, 2.25), (-2.75, 3.98, 2.75), (-3.25, 3.98, 2.75), (-3.25, 3.98, 2.25), (-2.75, 3.98, 2.75), (-3.25, 3.98, 2.25), (-2.75, 3.98, 2.25), (-2.25, 3.98, 2.75), (-2.75, 3.98, 2.75), (-2.75, 3.98, 2.25), (-2.25, 3.98, 2.75), (-2.75, 3.98, 2.25), (-2.25, 3.98, 2.25), (-1.75, 3.98, 2.75), (-2.25, 3.98, 2.75), (-2.25, 3.98, 2.25), (-1.75, 3.98, 2.75), (-2.25, 3.98, 2.25), (-1.75, 3.98, 2.25), (-1.25, 3.98, 2.75), (-1.75, 3.98, 2.75), (-1.75, 3.98, 2.25), (-1.25, 3.98, 2.75), (-1.75, 3.98, 2.25), (-1.25, 3.98, 2.25), (-0.75, 3.98, 2.75), (-1.25, 3.98, 2.75), (-1.25, 3.98, 2.25), (-0.75, 3.98, 2.75), (-1.25, 3.98, 2.25), (-0.75, 3.9802, 2.25), (-0.25, 3.98, 2.75), (-0.75, 3.98, 2.75), (-0.75, 3.9802, 2.25), (-0.25, 3.98, 2.75), (-0.75, 3.9802, 2.25), (-0.25, 3.9815, 2.25), (0.25, 3.98, 2.75), (-0.25, 3.98, 2.75), (-0.25, 3.9815, 2.25), (0.25, 3.98, 2.75), (-0.25, 3.9815, 2.25), (0.25, 3.9815, 2.25), (0.75, 3.98, 2.75), (0.25, 3.98, 2.75), (0.25, 3.9815, 2.25), (0.75, 3.98, 2.75), (0.25, 3.9815, 2.25), (0.75, 3.9802, 2.25), (1.25, 3.98, 2.75), (0.75, 3.98, 2.75), (0.75, 3.9802, 2.25), (1.25, 3.98, 2.75), (0.75, 3.9802, 2.25), (1.25, 3.98, 2.25), (1.75, 3.98, 2.75), (1.25, 3.98, 2.75), (1.25, 3.98, 2.25), (1.75, 3.98, 2.75), (1.25, 3.98, 2.25), (1.75, 3.98, 2.25), (2.25, 3.98, 2.75), (1.75, 3.98, 2.75), (1.75, 3.98, 2.25), (2.25, 3.98, 2.75), (1.75, 3.98, 2.25), (2.25, 3.98, 2.25), (2.75, 3.98, 2.75), (2.25, 3.98, 2.75), (2.25, 3.98, 2.25), (2.75, 3.98, 2.75), (2.25, 3.98, 2.25), (2.75, 3.98, 2.25), (3.25, 3.98, 2.75), (2.75, 3.98, 2.75), (2.75, 3.98, 2.25), (3.25, 3.98, 2.75), (2.75, 3.98, 2.25), (3.25, 3.98, 2.25), (3.75, 3.98, 2.75), (3.25, 3.98, 2.75), (3.25, 3.98, 2.25), (3.75, 3.98, 2.75), (3.25, 3.98, 2.25), (3.75, 3.98, 2.25), (-3.75, 3.98, 3.25), (-4.25, 3.98, 3.25), (-4.25, 3.98, 2.75), (-3.75, 3.98, 3.25), (-4.25, 3.98, 2.75), (-3.75, 3.98, 2.75), (-3.25, 3.98, 3.25), (-3.75, 3.98, 3.25), (-3.75, 3.98, 2.75), (-3.25, 3.98, 3.25), (-3.75, 3.98, 2.75), (-3.25, 3.98, 2.75), (-2.75, 3.98, 3.25), (-3.25, 3.98, 3.25), (-3.25, 3.98, 2.75), (-2.75, 3.98, 3.25), (-3.25, 3.98, 2.75), (-2.75, 3.98, 2.75), (-2.25, 3.98, 3.25), (-2.75, 3.98, 3.25), (-2.75, 3.98, 2.75), (-2.25, 3.98, 3.25), (-2.75, 3.98, 2.75), (-2.25, 3.98, 2.75), (-1.75, 3.98, 3.25), (-2.25, 3.98, 3.25), (-2.25, 3.98, 2.75), (-1.75, 3.98, 3.25), (-2.25, 3.98, 2.75), (-1.75, 3.98, 2.75), (-1.25, 3.98, 3.25), (-1.75, 3.98, 3.25), (-1.75, 3.98, 2.75), (-1.25, 3.98, 3.25), (-1.75, 3.98, 2.75), (-1.25, 3.98, 2.75), (-0.75, 3.98, 3.25), (-1.25, 3.98, 3.25), (-1.25, 3.98, 2.75), (-0.75, 3.98, 3.25), (-1.25, 3.98, 2.75), (-0.75, 3.98, 2.75), (-0.25, 3.98, 3.25), (-0.75, 3.98, 3.25), (-0.75, 3.98, 2.75), (-0.25, 3.98, 3.25), (-0.75, 3.98, 2.75), (-0.25, 3.98, 2.75), (0.25, 3.98, 3.25), (-0.25, 3.98, 3.25), (-0.25, 3.98, 2.75), (0.25, 3.98, 3.25), (-0.25, 3.98, 2.75), (0.25, 3.98, 2.75), (0.75, 3.98, 3.25), (0.25, 3.98, 3.25), (0.25, 3.98, 2.75), (0.75, 3.98, 3.25), (0.25, 3.98, 2.75), (0.75, 3.98, 2.75), (1.25, 3.98, 3.25), (0.75, 3.98, 3.25), (0.75, 3.98, 2.75), (1.25, 3.98, 3.25), (0.75, 3.98, 2.75), (1.25, 3.98, 2.75), (1.75, 3.98, 3.25), (1.25, 3.98, 3.25), (1.25, 3.98, 2.75), (1.75, 3.98, 3.25), (1.25, 3.98, 2.75), (1.75, 3.98, 2.75), (2.25, 3.98, 3.25), (1.75, 3.98, 3.25), (1.75, 3.98, 2.75), (2.25, 3.98, 3.25), (1.75, 3.98, 2.75), (2.25, 3.98, 2.75), (2.75, 3.98, 3.25), (2.25, 3.98, 3.25), (2.25, 3.98, 2.75), (2.75, 3.98, 3.25), (2.25, 3.98, 2.75), (2.75, 3.98, 2.75), (3.25, 3.98, 3.25), (2.75, 3.98, 3.25), (2.75, 3.98, 2.75), (3.25, 3.98, 3.25), (2.75, 3.98, 2.75), (3.25, 3.98, 2.75), (3.75, 3.98, 3.25), (3.25, 3.98, 3.25), (3.25, 3.98, 2.75), (3.75, 3.98, 3.25), (3.25, 3.98, 2.75), (3.75, 3.98, 2.75), (-3.75, 3.98, 3.75), (-4.25, 3.98, 3.75), (-4.25, 3.98, 3.25), (-3.75, 3.98, 3.75), (-4.25, 3.98, 3.25), (-3.75, 3.98, 3.25), (-3.25, 3.98, 3.75), (-3.75, 3.98, 3.75), (-3.75, 3.98, 3.25), (-3.25, 3.98, 3.75), (-3.75, 3.98, 3.25), (-3.25, 3.98, 3.25), (-2.75, 3.98, 3.75), (-3.25, 3.98, 3.75), (-3.25, 3.98, 3.25), (-2.75, 3.98, 3.75), (-3.25, 3.98, 3.25), (-2.75, 3.98, 3.25), (-2.25, 3.98, 3.75), (-2.75, 3.98, 3.75), (-2.75, 3.98, 3.25), (-2.25, 3.98, 3.75), (-2.75, 3.98, 3.25), (-2.25, 3.98, 3.25), (-1.75, 3.98, 3.75), (-2.25, 3.98, 3.75), (-2.25, 3.98, 3.25), (-1.75, 3.98, 3.75), (-2.25, 3.98, 3.25), (-1.75, 3.98, 3.25), (-1.25, 3.98, 3.75), (-1.75, 3.98, 3.75), (-1.75, 3.98, 3.25), (-1.25, 3.98, 3.75), (-1.75, 3.98, 3.25), (-1.25, 3.98, 3.25), (-0.75, 3.98, 3.75), (-1.25, 3.98, 3.75), (-1.25, 3.98, 3.25), (-0.75, 3.98, 3.75), (-1.25, 3.98, 3.25), (-0.75, 3.98, 3.25), (-0.25, 3.98, 3.75), (-0.75, 3.98, 3.75), (-0.75, 3.98, 3.25), (-0.25, 3.98, 3.75), (-0.75, 3.98, 3.25), (-0.25, 3.98, 3.25), (0.25, 3.98, 3.75), (-0.25, 3.98, 3.75), (-0.25, 3.98, 3.25), (0.25, 3.98, 3.75), (-0.25, 3.98, 3.25), (0.25, 3.98, 3.25), (0.75, 3.98, 3.75), (0.25, 3.98, 3.75), (0.25, 3.98, 3.25), (0.75, 3.98, 3.75), (0.25, 3.98, 3.25), (0.75, 3.98, 3.25), (1.25, 3.98, 3.75), (0.75, 3.98, 3.75), (0.75, 3.98, 3.25), (1.25, 3.98, 3.75), (0.75, 3.98, 3.25), (1.25, 3.98, 3.25), (1.75, 3.98, 3.75), (1.25, 3.98, 3.75), (1.25, 3.98, 3.25), (1.75, 3.98, 3.75), (1.25, 3.98, 3.25), (1.75, 3.98, 3.25), (2.25, 3.98, 3.75), (1.75, 3.98, 3.75), (1.75, 3.98, 3.25), (2.25, 3.98, 3.75), (1.75, 3.98, 3.25), (2.25, 3.98, 3.25), (2.75, 3.98, 3.75), (2.25, 3.98, 3.75), (2.25, 3.98, 3.25), (2.75, 3.98, 3.75), (2.25, 3.98, 3.25), (2.75, 3.98, 3.25), (3.25, 3.98, 3.75), (2.75, 3.98, 3.75), (2.75, 3.98, 3.25), (3.25, 3.98, 3.75), (2.75, 3.98, 3.25), (3.25, 3.98, 3.25), (3.75, 3.98, 3.75), (3.25, 3.98, 3.75), (3.25, 3.98, 3.25), (3.75, 3.98, 3.75), (3.25, 3.98, 3.25), (3.75, 3.98, 3.25)])]:  Already buried foot rocks cannot add owner-dependent mounds to the continuous bedrock
      at line 101
[31m    [Failed]:  [0mDICTIONARY({ (-3.75, 3.98, -3.75): [(0.0, 1.0, 0.0), 0.0], (-4.25, 3.98, -3.75): [(0.0, 1....), 0.0] }) != DICTIONARY({ (-3.75, 3.98, -3.75): [(0.0, 1.0, 0.0), 0.0], (-4.25, 3.98, -3.75): [(0.0, 1....), 0.0] }).
    { (-3.75, 3.98, -3.75): [(0.0, 1.0, 0.0)...0), 0.0] } != { (-3.75, 3.98, -3.75): [(0.0, 1.0, 0.0)...0), 0.0] }  240 of 425 keys do not match.  Their presence in a chunk halo cannot change shared surface normals
      at line 102
[1m7/8 passed.
[0m



[33m==============================================
[0m[33m= Run Summary
[0m[33m==============================================
[0m[4m
res://tests/test_p03_constrained_cliffs.gd
[0m- test_buried_foot_rocks_do_not_warp_the_shared_bedrock_sheet
[31m    [Failed]:  [0m[PACKED_VECTOR3_ARRAY([(-3.75, 3.98, -3.75), (-4.25, 3.98, -3.75), (-4.25, 3.98, -4.25), (-3.75, 3.98, -3.75), (-4.25, 3.98, -4.25), (-3.75, 3.98, -4.25), (-3.25, 3.98, -3.75), (-3.75, 3.98, -3.75), (-3.75, 3.98, -4.25), (-3.25, 3.98, -3.75), (-3.75, 3.98, -4.25), (-3.25, 3.98, -4.25), (-2.75, 3.98, -3.75), (-3.25, 3.98, -3.75), (-3.25, 3.98, -4.25), (-2.75, 3.98, -3.75), (-3.25, 3.98, -4.25), (-2.75, 3.98, -4.25), (-2.25, 3.98, -3.75), (-2.75, 3.98, -3.75), (-2.75, 3.98, -4.25), (-2.25, 3.98, -3.75), (-2.75, 3.98, -4.25), (-2.25, 3.98, -4.25), (-1.75, 3.98, -3.75), (-2.25, 3.98, -3.75), (-2.25, 3.98, -4.25), (-1.75, 3.98, -3.75), (-2.25, 3.98, -4.25), (-1.75, 3.98, -4.25), (-1.25, 3.98, -3.75), (-1.75, 3.98, -3.75), (-1.75, 3.98, -4.25), (-1.25, 3.98, -3.75), (-1.75, 3.98, -4.25), (-1.25, 3.98, -4.25), (-0.75, 3.98, -3.75), (-1.25, 3.98, -3.75), (-1.25, 3.98, -4.25), (-0.75, 3.98, -3.75), (-1.25, 3.98, -4.25), (-0.75, 3.98, -4.25), (-0.25, 3.98, -3.75), (-0.75, 3.98, -3.75), (-0.75, 3.98, -4.25), (-0.25, 3.98, -3.75), (-0.75, 3.98, -4.25), (-0.25, 3.98, -4.25), (0.25, 3.98, -3.75), (-0.25, 3.98, -3.75), (-0.25, 3.98, -4.25), (0.25, 3.98, -3.75), (-0.25, 3.98, -4.25), (0.25, 3.98, -4.25), (0.75, 3.98, -3.75), (0.25, 3.98, -3.75), (0.25, 3.98, -4.25), (0.75, 3.98, -3.75), (0.25, 3.98, -4.25), (0.75, 3.98, -4.25), (1.25, 3.98, -3.75), (0.75, 3.98, -3.75), (0.75, 3.98, -4.25), (1.25, 3.98, -3.75), (0.75, 3.98, -4.25), (1.25, 3.98, -4.25), (1.75, 3.98, -3.75), (1.25, 3.98, -3.75), (1.25, 3.98, -4.25), (1.75, 3.98, -3.75), (1.25, 3.98, -4.25), (1.75, 3.98, -4.25), (2.25, 3.98, -3.75), (1.75, 3.98, -3.75), (1.75, 3.98, -4.25), (2.25, 3.98, -3.75), (1.75, 3.98, -4.25), (2.25, 3.98, -4.25), (2.75, 3.98, -3.75), (2.25, 3.98, -3.75), (2.25, 3.98, -4.25), (2.75, 3.98, -3.75), (2.25, 3.98, -4.25), (2.75, 3.98, -4.25), (3.25, 3.98, -3.75), (2.75, 3.98, -3.75), (2.75, 3.98, -4.25), (3.25, 3.98, -3.75), (2.75, 3.98, -4.25), (3.25, 3.98, -4.25), (3.75, 3.98, -3.75), (3.25, 3.98, -3.75), (3.25, 3.98, -4.25), (3.75, 3.98, -3.75), (3.25, 3.98, -4.25), (3.75, 3.98, -4.25), (-3.75, 3.98, -3.25), (-4.25, 3.98, -3.25), (-4.25, 3.98, -3.75), (-3.75, 3.98, -3.25), (-4.25, 3.98, -3.75), (-3.75, 3.98, -3.75), (-3.25, 3.98, -3.25), (-3.75, 3.98, -3.25), (-3.75, 3.98, -3.75), (-3.25, 3.98, -3.25), (-3.75, 3.98, -3.75), (-3.25, 3.98, -3.75), (-2.75, 3.98, -3.25), (-3.25, 3.98, -3.25), (-3.25, 3.98, -3.75), (-2.75, 3.98, -3.25), (-3.25, 3.98, -3.75), (-2.75, 3.98, -3.75), (-2.25, 3.98, -3.25), (-2.75, 3.98, -3.25), (-2.75, 3.98, -3.75), (-2.25, 3.98, -3.25), (-2.75, 3.98, -3.75), (-2.25, 3.98, -3.75), (-1.75, 3.98, -3.25), (-2.25, 3.98, -3.25), (-2.25, 3.98, -3.75), (-1.75, 3.98, -3.25), (-2.25, 3.98, -3.75), (-1.75, 3.98, -3.75), (-1.25, 3.98, -3.25), (-1.75, 3.98, -3.25), (-1.75, 3.98, -3.75), (-1.25, 3.98, -3.25), (-1.75, 3.98, -3.75), (-1.25, 3.98, -3.75), (-0.75, 3.98, -3.25), (-1.25, 3.98, -3.25), (-1.25, 3.98, -3.75), (-0.75, 3.98, -3.25), (-1.25, 3.98, -3.75), (-0.75, 3.98, -3.75), (-0.25, 3.98, -3.25), (-0.75, 3.98, -3.25), (-0.75, 3.98, -3.75), (-0.25, 3.98, -3.25), (-0.75, 3.98, -3.75), (-0.25, 3.98, -3.75), (0.25, 3.98, -3.25), (-0.25, 3.98, -3.25), (-0.25, 3.98, -3.75), (0.25, 3.98, -3.25), (-0.25, 3.98, -3.75), (0.25, 3.98, -3.75), (0.75, 3.98, -3.25), (0.25, 3.98, -3.25), (0.25, 3.98, -3.75), (0.75, 3.98, -3.25), (0.25, 3.98, -3.75), (0.75, 3.98, -3.75), (1.25, 3.98, -3.25), (0.75, 3.98, -3.25), (0.75, 3.98, -3.75), (1.25, 3.98, -3.25), (0.75, 3.98, -3.75), (1.25, 3.98, -3.75), (1.75, 3.98, -3.25), (1.25, 3.98, -3.25), (1.25, 3.98, -3.75), (1.75, 3.98, -3.25), (1.25, 3.98, -3.75), (1.75, 3.98, -3.75), (2.25, 3.98, -3.25), (1.75, 3.98, -3.25), (1.75, 3.98, -3.75), (2.25, 3.98, -3.25), (1.75, 3.98, -3.75), (2.25, 3.98, -3.75), (2.75, 3.98, -3.25), (2.25, 3.98, -3.25), (2.25, 3.98, -3.75), (2.75, 3.98, -3.25), (2.25, 3.98, -3.75), (2.75, 3.98, -3.75), (3.25, 3.98, -3.25), (2.75, 3.98, -3.25), (2.75, 3.98, -3.75), (3.25, 3.98, -3.25), (2.75, 3.98, -3.75), (3.25, 3.98, -3.75), (3.75, 3.98, -3.25), (3.25, 3.98, -3.25), (3.25, 3.98, -3.75), (3.75, 3.98, -3.25), (3.25, 3.98, -3.75), (3.75, 3.98, -3.75), (-3.75, 3.98, -2.75), (-4.25, 3.98, -2.75), (-4.25, 3.98, -3.25), (-3.75, 3.98, -2.75), (-4.25, 3.98, -3.25), (-3.75, 3.98, -3.25), (-3.25, 3.98, -2.75), (-3.75, 3.98, -2.75), (-3.75, 3.98, -3.25), (-3.25, 3.98, -2.75), (-3.75, 3.98, -3.25), (-3.25, 3.98, -3.25), (-2.75, 3.98, -2.75), (-3.25, 3.98, -2.75), (-3.25, 3.98, -3.25), (-2.75, 3.98, -2.75), (-3.25, 3.98, -3.25), (-2.75, 3.98, -3.25), (-2.25, 3.98, -2.75), (-2.75, 3.98, -2.75), (-2.75, 3.98, -3.25), (-2.25, 3.98, -2.75), (-2.75, 3.98, -3.25), (-2.25, 3.98, -3.25), (-1.75, 3.98, -2.75), (-2.25, 3.98, -2.75), (-2.25, 3.98, -3.25), (-1.75, 3.98, -2.75), (-2.25, 3.98, -3.25), (-1.75, 3.98, -3.25), (-1.25, 3.98, -2.75), (-1.75, 3.98, -2.75), (-1.75, 3.98, -3.25), (-1.25, 3.98, -2.75), (-1.75, 3.98, -3.25), (-1.25, 3.98, -3.25), (-0.75, 3.98, -2.75), (-1.25, 3.98, -2.75), (-1.25, 3.98, -3.25), (-0.75, 3.98, -2.75), (-1.25, 3.98, -3.25), (-0.75, 3.98, -3.25), (-0.25, 3.98, -2.75), (-0.75, 3.98, -2.75), (-0.75, 3.98, -3.25), (-0.25, 3.98, -2.75), (-0.75, 3.98, -3.25), (-0.25, 3.98, -3.25), (0.25, 3.98, -2.75), (-0.25, 3.98, -2.75), (-0.25, 3.98, -3.25), (0.25, 3.98, -2.75), (-0.25, 3.98, -3.25), (0.25, 3.98, -3.25), (0.75, 3.98, -2.75), (0.25, 3.98, -2.75), (0.25, 3.98, -3.25), (0.75, 3.98, -2.75), (0.25, 3.98, -3.25), (0.75, 3.98, -3.25), (1.25, 3.98, -2.75), (0.75, 3.98, -2.75), (0.75, 3.98, -3.25), (1.25, 3.98, -2.75), (0.75, 3.98, -3.25), (1.25, 3.98, -3.25), (1.75, 3.98, -2.75), (1.25, 3.98, -2.75), (1.25, 3.98, -3.25), (1.75, 3.98, -2.75), (1.25, 3.98, -3.25), (1.75, 3.98, -3.25), (2.25, 3.98, -2.75), (1.75, 3.98, -2.75), (1.75, 3.98, -3.25), (2.25, 3.98, -2.75), (1.75, 3.98, -3.25), (2.25, 3.98, -3.25), (2.75, 3.98, -2.75), (2.25, 3.98, -2.75), (2.25, 3.98, -3.25), (2.75, 3.98, -2.75), (2.25, 3.98, -3.25), (2.75, 3.98, -3.25), (3.25, 3.98, -2.75), (2.75, 3.98, -2.75), (2.75, 3.98, -3.25), (3.25, 3.98, -2.75), (2.75, 3.98, -3.25), (3.25, 3.98, -3.25), (3.75, 3.98, -2.75), (3.25, 3.98, -2.75), (3.25, 3.98, -3.25), (3.75, 3.98, -2.75), (3.25, 3.98, -3.25), (3.75, 3.98, -3.25), (-3.75, 3.98, -2.25), (-4.25, 3.98, -2.25), (-4.25, 3.98, -2.75), (-3.75, 3.98, -2.25), (-4.25, 3.98, -2.75), (-3.75, 3.98, -2.75), (-3.25, 3.98, -2.25), (-3.75, 3.98, -2.25), (-3.75, 3.98, -2.75), (-3.25, 3.98, -2.25), (-3.75, 3.98, -2.75), (-3.25, 3.98, -2.75), (-2.75, 3.98, -2.25), (-3.25, 3.98, -2.25), (-3.25, 3.98, -2.75), (-2.75, 3.98, -2.25), (-3.25, 3.98, -2.75), (-2.75, 3.98, -2.75), (-2.25, 3.98, -2.25), (-2.75, 3.98, -2.25), (-2.75, 3.98, -2.75), (-2.25, 3.98, -2.25), (-2.75, 3.98, -2.75), (-2.25, 3.98, -2.75), (-1.75, 3.98, -2.25), (-2.25, 3.98, -2.25), (-2.25, 3.98, -2.75), (-1.75, 3.98, -2.25), (-2.25, 3.98, -2.75), (-1.75, 3.98, -2.75), (-1.25, 3.98, -2.25), (-1.75, 3.98, -2.25), (-1.75, 3.98, -2.75), (-1.25, 3.98, -2.25), (-1.75, 3.98, -2.75), (-1.25, 3.98, -2.75), (-0.75, 3.98, -2.25), (-1.25, 3.98, -2.25), (-1.25, 3.98, -2.75), (-0.75, 3.98, -2.25), (-1.25, 3.98, -2.75), (-0.75, 3.98, -2.75), (-0.25, 3.98, -2.25), (-0.75, 3.98, -2.25), (-0.75, 3.98, -2.75), (-0.25, 3.98, -2.25), (-0.75, 3.98, -2.75), (-0.25, 3.98, -2.75), (0.25, 3.98, -2.25), (-0.25, 3.98, -2.25), (-0.25, 3.98, -2.75), (0.25, 3.98, -2.25), (-0.25, 3.98, -2.75), (0.25, 3.98, -2.75), (0.75, 3.98, -2.25), (0.25, 3.98, -2.25), (0.25, 3.98, -2.75), (0.75, 3.98, -2.25), (0.25, 3.98, -2.75), (0.75, 3.98, -2.75), (1.25, 3.98, -2.25), (0.75, 3.98, -2.25), (0.75, 3.98, -2.75), (1.25, 3.98, -2.25), (0.75, 3.98, -2.75), (1.25, 3.98, -2.75), (1.75, 3.98, -2.25), (1.25, 3.98, -2.25), (1.25, 3.98, -2.75), (1.75, 3.98, -2.25), (1.25, 3.98, -2.75), (1.75, 3.98, -2.75), (2.25, 3.98, -2.25), (1.75, 3.98, -2.25), (1.75, 3.98, -2.75), (2.25, 3.98, -2.25), (1.75, 3.98, -2.75), (2.25, 3.98, -2.75), (2.75, 3.98, -2.25), (2.25, 3.98, -2.25), (2.25, 3.98, -2.75), (2.75, 3.98, -2.25), (2.25, 3.98, -2.75), (2.75, 3.98, -2.75), (3.25, 3.98, -2.25), (2.75, 3.98, -2.25), (2.75, 3.98, -2.75), (3.25, 3.98, -2.25), (2.75, 3.98, -2.75), (3.25, 3.98, -2.75), (3.75, 3.98, -2.25), (3.25, 3.98, -2.25), (3.25, 3.98, -2.75), (3.75, 3.98, -2.25), (3.25, 3.98, -2.75), (3.75, 3.98, -2.75), (-3.75, 3.98, -1.75), (-4.25, 3.98, -1.75), (-4.25, 3.98, -2.25), (-3.75, 3.98, -1.75), (-4.25, 3.98, -2.25), (-3.75, 3.98, -2.25), (-3.25, 3.98, -1.75), (-3.75, 3.98, -1.75), (-3.75, 3.98, -2.25), (-3.25, 3.98, -1.75), (-3.75, 3.98, -2.25), (-3.25, 3.98, -2.25), (-2.75, 3.98, -1.75), (-3.25, 3.98, -1.75), (-3.25, 3.98, -2.25), (-2.75, 3.98, -1.75), (-3.25, 3.98, -2.25), (-2.75, 3.98, -2.25), (-2.25, 3.98, -1.75), (-2.75, 3.98, -1.75), (-2.75, 3.98, -2.25), (-2.25, 3.98, -1.75), (-2.75, 3.98, -2.25), (-2.25, 3.98, -2.25), (-1.75, 3.98, -1.75), (-2.25, 3.98, -1.75), (-2.25, 3.98, -2.25), (-1.75, 3.98, -1.75), (-2.25, 3.98, -2.25), (-1.75, 3.98, -2.25), (-1.25, 3.98, -1.75), (-1.75, 3.98, -1.75), (-1.75, 3.98, -2.25), (-1.25, 3.98, -1.75), (-1.75, 3.98, -2.25), (-1.25, 3.98, -2.25), (-0.75, 3.98, -1.75), (-1.25, 3.98, -1.75), (-1.25, 3.98, -2.25), (-0.75, 3.98, -1.75), (-1.25, 3.98, -2.25), (-0.75, 3.98, -2.25), (-0.25, 3.98, -1.75), (-0.75, 3.98, -1.75), (-0.75, 3.98, -2.25), (-0.25, 3.98, -1.75), (-0.75, 3.98, -2.25), (-0.25, 3.98, -2.25), (0.25, 3.98, -1.75), (-0.25, 3.98, -1.75), (-0.25, 3.98, -2.25), (0.25, 3.98, -1.75), (-0.25, 3.98, -2.25), (0.25, 3.98, -2.25), (0.75, 3.98, -1.75), (0.25, 3.98, -1.75), (0.25, 3.98, -2.25), (0.75, 3.98, -1.75), (0.25, 3.98, -2.25), (0.75, 3.98, -2.25), (1.25, 3.98, -1.75), (0.75, 3.98, -1.75), (0.75, 3.98, -2.25), (1.25, 3.98, -1.75), (0.75, 3.98, -2.25), (1.25, 3.98, -2.25), (1.75, 3.98, -1.75), (1.25, 3.98, -1.75), (1.25, 3.98, -2.25), (1.75, 3.98, -1.75), (1.25, 3.98, -2.25), (1.75, 3.98, -2.25), (2.25, 3.98, -1.75), (1.75, 3.98, -1.75), (1.75, 3.98, -2.25), (2.25, 3.98, -1.75), (1.75, 3.98, -2.25), (2.25, 3.98, -2.25), (2.75, 3.98, -1.75), (2.25, 3.98, -1.75), (2.25, 3.98, -2.25), (2.75, 3.98, -1.75), (2.25, 3.98, -2.25), (2.75, 3.98, -2.25), (3.25, 3.98, -1.75), (2.75, 3.98, -1.75), (2.75, 3.98, -2.25), (3.25, 3.98, -1.75), (2.75, 3.98, -2.25), (3.25, 3.98, -2.25), (3.75, 3.98, -1.75), (3.25, 3.98, -1.75), (3.25, 3.98, -2.25), (3.75, 3.98, -1.75), (3.25, 3.98, -2.25), (3.75, 3.98, -2.25), (-3.75, 3.98, -1.25), (-4.25, 3.98, -1.25), (-4.25, 3.98, -1.75), (-3.75, 3.98, -1.25), (-4.25, 3.98, -1.75), (-3.75, 3.98, -1.75), (-3.25, 3.98, -1.25), (-3.75, 3.98, -1.25), (-3.75, 3.98, -1.75), (-3.25, 3.98, -1.25), (-3.75, 3.98, -1.75), (-3.25, 3.98, -1.75), (-2.75, 3.98, -1.25), (-3.25, 3.98, -1.25), (-3.25, 3.98, -1.75), (-2.75, 3.98, -1.25), (-3.25, 3.98, -1.75), (-2.75, 3.98, -1.75), (-2.25, 3.98, -1.25), (-2.75, 3.98, -1.25), (-2.75, 3.98, -1.75), (-2.25, 3.98, -1.25), (-2.75, 3.98, -1.75), (-2.25, 3.98, -1.75), (-1.75, 3.98, -1.25), (-2.25, 3.98, -1.25), (-2.25, 3.98, -1.75), (-1.75, 3.98, -1.25), (-2.25, 3.98, -1.75), (-1.75, 3.98, -1.75), (-1.25, 3.98, -1.25), (-1.75, 3.98, -1.25), (-1.75, 3.98, -1.75), (-1.25, 3.98, -1.25), (-1.75, 3.98, -1.75), (-1.25, 3.98, -1.75), (-0.75, 3.98, -1.25), (-1.25, 3.98, -1.25), (-1.25, 3.98, -1.75), (-0.75, 3.98, -1.25), (-1.25, 3.98, -1.75), (-0.75, 3.98, -1.75), (-0.25, 3.98, -1.25), (-0.75, 3.98, -1.25), (-0.75, 3.98, -1.75), (-0.25, 3.98, -1.25), (-0.75, 3.98, -1.75), (-0.25, 3.98, -1.75), (0.25, 3.98, -1.25), (-0.25, 3.98, -1.25), (-0.25, 3.98, -1.75), (0.25, 3.98, -1.25), (-0.25, 3.98, -1.75), (0.25, 3.98, -1.75), (0.75, 3.98, -1.25), (0.25, 3.98, -1.25), (0.25, 3.98, -1.75), (0.75, 3.98, -1.25), (0.25, 3.98, -1.75), (0.75, 3.98, -1.75), (1.25, 3.98, -1.25), (0.75, 3.98, -1.25), (0.75, 3.98, -1.75), (1.25, 3.98, -1.25), (0.75, 3.98, -1.75), (1.25, 3.98, -1.75), (1.75, 3.98, -1.25), (1.25, 3.98, -1.25), (1.25, 3.98, -1.75), (1.75, 3.98, -1.25), (1.25, 3.98, -1.75), (1.75, 3.98, -1.75), (2.25, 3.98, -1.25), (1.75, 3.98, -1.25), (1.75, 3.98, -1.75), (2.25, 3.98, -1.25), (1.75, 3.98, -1.75), (2.25, 3.98, -1.75), (2.75, 3.98, -1.25), (2.25, 3.98, -1.25), (2.25, 3.98, -1.75), (2.75, 3.98, -1.25), (2.25, 3.98, -1.75), (2.75, 3.98, -1.75), (3.25, 3.98, -1.25), (2.75, 3.98, -1.25), (2.75, 3.98, -1.75), (3.25, 3.98, -1.25), (2.75, 3.98, -1.75), (3.25, 3.98, -1.75), (3.75, 3.98, -1.25), (3.25, 3.98, -1.25), (3.25, 3.98, -1.75), (3.75, 3.98, -1.25), (3.25, 3.98, -1.75), (3.75, 3.98, -1.75), (-3.75, 3.98, -0.75), (-4.25, 3.98, -0.75), (-4.25, 3.98, -1.25), (-3.75, 3.98, -0.75), (-4.25, 3.98, -1.25), (-3.75, 3.98, -1.25), (-3.25, 3.98, -0.75), (-3.75, 3.98, -0.75), (-3.75, 3.98, -1.25), (-3.25, 3.98, -0.75), (-3.75, 3.98, -1.25), (-3.25, 3.98, -1.25), (-2.75, 3.98, -0.75), (-3.25, 3.98, -0.75), (-3.25, 3.98, -1.25), (-2.75, 3.98, -0.75), (-3.25, 3.98, -1.25), (-2.75, 3.98, -1.25), (-2.25, 3.98, -0.75), (-2.75, 3.98, -0.75), (-2.75, 3.98, -1.25), (-2.25, 3.98, -0.75), (-2.75, 3.98, -1.25), (-2.25, 3.98, -1.25), (-1.75, 3.98, -0.75), (-2.25, 3.98, -0.75), (-2.25, 3.98, -1.25), (-1.75, 3.98, -0.75), (-2.25, 3.98, -1.25), (-1.75, 3.98, -1.25), (-1.25, 3.98, -0.75), (-1.75, 3.98, -0.75), (-1.75, 3.98, -1.25), (-1.25, 3.98, -0.75), (-1.75, 3.98, -1.25), (-1.25, 3.98, -1.25), (-0.75, 3.98, -0.75), (-1.25, 3.98, -0.75), (-1.25, 3.98, -1.25), (-0.75, 3.98, -0.75), (-1.25, 3.98, -1.25), (-0.75, 3.98, -1.25), (-0.25, 3.98, -0.75), (-0.75, 3.98, -0.75), (-0.75, 3.98, -1.25), (-0.25, 3.98, -0.75), (-0.75, 3.98, -1.25), (-0.25, 3.98, -1.25), (0.25, 3.98, -0.75), (-0.25, 3.98, -0.75), (-0.25, 3.98, -1.25), (0.25, 3.98, -0.75), (-0.25, 3.98, -1.25), (0.25, 3.98, -1.25), (0.75, 3.98, -0.75), (0.25, 3.98, -0.75), (0.25, 3.98, -1.25), (0.75, 3.98, -0.75), (0.25, 3.98, -1.25), (0.75, 3.98, -1.25), (1.25, 3.98, -0.75), (0.75, 3.98, -0.75), (0.75, 3.98, -1.25), (1.25, 3.98, -0.75), (0.75, 3.98, -1.25), (1.25, 3.98, -1.25), (1.75, 3.98, -0.75), (1.25, 3.98, -0.75), (1.25, 3.98, -1.25), (1.75, 3.98, -0.75), (1.25, 3.98, -1.25), (1.75, 3.98, -1.25), (2.25, 3.98, -0.75), (1.75, 3.98, -0.75), (1.75, 3.98, -1.25), (2.25, 3.98, -0.75), (1.75, 3.98, -1.25), (2.25, 3.98, -1.25), (2.75, 3.98, -0.75), (2.25, 3.98, -0.75), (2.25, 3.98, -1.25), (2.75, 3.98, -0.75), (2.25, 3.98, -1.25), (2.75, 3.98, -1.25), (3.25, 3.98, -0.75), (2.75, 3.98, -0.75), (2.75, 3.98, -1.25), (3.25, 3.98, -0.75), (2.75, 3.98, -1.25), (3.25, 3.98, -1.25), (3.75, 3.98, -0.75), (3.25, 3.98, -0.75), (3.25, 3.98, -1.25), (3.75, 3.98, -0.75), (3.25, 3.98, -1.25), (3.75, 3.98, -1.25), (-3.75, 3.98, -0.25), (-4.25, 3.98, -0.25), (-4.25, 3.98, -0.75), (-3.75, 3.98, -0.25), (-4.25, 3.98, -0.75), (-3.75, 3.98, -0.75), (-3.25, 3.98, -0.25), (-3.75, 3.98, -0.25), (-3.75, 3.98, -0.75), (-3.25, 3.98, -0.25), (-3.75, 3.98, -0.75), (-3.25, 3.98, -0.75), (-2.75, 3.98, -0.25), (-3.25, 3.98, -0.25), (-3.25, 3.98, -0.75), (-2.75, 3.98, -0.25), (-3.25, 3.98, -0.75), (-2.75, 3.98, -0.75), (-2.25, 3.98, -0.25), (-2.75, 3.98, -0.25), (-2.75, 3.98, -0.75), (-2.25, 3.98, -0.25), (-2.75, 3.98, -0.75), (-2.25, 3.98, -0.75), (-1.75, 3.98, -0.25), (-2.25, 3.98, -0.25), (-2.25, 3.98, -0.75), (-1.75, 3.98, -0.25), (-2.25, 3.98, -0.75), (-1.75, 3.98, -0.75), (-1.25, 3.98, -0.25), (-1.75, 3.98, -0.25), (-1.75, 3.98, -0.75), (-1.25, 3.98, -0.25), (-1.75, 3.98, -0.75), (-1.25, 3.98, -0.75), (-0.75, 3.98, -0.25), (-1.25, 3.98, -0.25), (-1.25, 3.98, -0.75), (-0.75, 3.98, -0.25), (-1.25, 3.98, -0.75), (-0.75, 3.98, -0.75), (-0.25, 3.98, -0.25), (-0.75, 3.98, -0.25), (-0.75, 3.98, -0.75), (-0.25, 3.98, -0.25), (-0.75, 3.98, -0.75), (-0.25, 3.98, -0.75), (0.25, 3.98, -0.25), (-0.25, 3.98, -0.25), (-0.25, 3.98, -0.75), (0.25, 3.98, -0.25), (-0.25, 3.98, -0.75), (0.25, 3.98, -0.75), (0.75, 3.98, -0.25), (0.25, 3.98, -0.25), (0.25, 3.98, -0.75), (0.75, 3.98, -0.25), (0.25, 3.98, -0.75), (0.75, 3.98, -0.75), (1.25, 3.98, -0.25), (0.75, 3.98, -0.25), (0.75, 3.98, -0.75), (1.25, 3.98, -0.25), (0.75, 3.98, -0.75), (1.25, 3.98, -0.75), (1.75, 3.98, -0.25), (1.25, 3.98, -0.25), (1.25, 3.98, -0.75), (1.75, 3.98, -0.25), (1.25, 3.98, -0.75), (1.75, 3.98, -0.75), (2.25, 3.98, -0.25), (1.75, 3.98, -0.25), (1.75, 3.98, -0.75), (2.25, 3.98, -0.25), (1.75, 3.98, -0.75), (2.25, 3.98, -0.75), (2.75, 3.98, -0.25), (2.25, 3.98, -0.25), (2.25, 3.98, -0.75), (2.75, 3.98, -0.25), (2.25, 3.98, -0.75), (2.75, 3.98, -0.75), (3.25, 3.98, -0.25), (2.75, 3.98, -0.25), (2.75, 3.98, -0.75), (3.25, 3.98, -0.25), (2.75, 3.98, -0.75), (3.25, 3.98, -0.75), (3.75, 3.98, -0.25), (3.25, 3.98, -0.25), (3.25, 3.98, -0.75), (3.75, 3.98, -0.25), (3.25, 3.98, -0.75), (3.75, 3.98, -0.75), (-3.75, 3.98, 0.25), (-4.25, 3.98, 0.25), (-4.25, 3.98, -0.25), (-3.75, 3.98, 0.25), (-4.25, 3.98, -0.25), (-3.75, 3.98, -0.25), (-3.25, 3.98, 0.25), (-3.75, 3.98, 0.25), (-3.75, 3.98, -0.25), (-3.25, 3.98, 0.25), (-3.75, 3.98, -0.25), (-3.25, 3.98, -0.25), (-2.75, 3.98, 0.25), (-3.25, 3.98, 0.25), (-3.25, 3.98, -0.25), (-2.75, 3.98, 0.25), (-3.25, 3.98, -0.25), (-2.75, 3.98, -0.25), (-2.25, 3.98, 0.25), (-2.75, 3.98, 0.25), (-2.75, 3.98, -0.25), (-2.25, 3.98, 0.25), (-2.75, 3.98, -0.25), (-2.25, 3.98, -0.25), (-1.75, 3.98, 0.25), (-2.25, 3.98, 0.25), (-2.25, 3.98, -0.25), (-1.75, 3.98, 0.25), (-2.25, 3.98, -0.25), (-1.75, 3.98, -0.25), (-1.25, 3.98, 0.25), (-1.75, 3.98, 0.25), (-1.75, 3.98, -0.25), (-1.25, 3.98, 0.25), (-1.75, 3.98, -0.25), (-1.25, 3.98, -0.25), (-0.75, 3.98, 0.25), (-1.25, 3.98, 0.25), (-1.25, 3.98, -0.25), (-0.75, 3.98, 0.25), (-1.25, 3.98, -0.25), (-0.75, 3.98, -0.25), (-0.25, 3.98, 0.25), (-0.75, 3.98, 0.25), (-0.75, 3.98, -0.25), (-0.25, 3.98, 0.25), (-0.75, 3.98, -0.25), (-0.25, 3.98, -0.25), (0.25, 3.98, 0.25), (-0.25, 3.98, 0.25), (-0.25, 3.98, -0.25), (0.25, 3.98, 0.25), (-0.25, 3.98, -0.25), (0.25, 3.98, -0.25), (0.75, 3.98, 0.25), (0.25, 3.98, 0.25), (0.25, 3.98, -0.25), (0.75, 3.98, 0.25), (0.25, 3.98, -0.25), (0.75, 3.98, -0.25), (1.25, 3.98, 0.25), (0.75, 3.98, 0.25), (0.75, 3.98, -0.25), (1.25, 3.98, 0.25), (0.75, 3.98, -0.25), (1.25, 3.98, -0.25), (1.75, 3.98, 0.25), (1.25, 3.98, 0.25), (1.25, 3.98, -0.25), (1.75, 3.98, 0.25), (1.25, 3.98, -0.25), (1.75, 3.98, -0.25), (2.25, 3.98, 0.25), (1.75, 3.98, 0.25), (1.75, 3.98, -0.25), (2.25, 3.98, 0.25), (1.75, 3.98, -0.25), (2.25, 3.98, -0.25), (2.75, 3.98, 0.25), (2.25, 3.98, 0.25), (2.25, 3.98, -0.25), (2.75, 3.98, 0.25), (2.25, 3.98, -0.25), (2.75, 3.98, -0.25), (3.25, 3.98, 0.25), (2.75, 3.98, 0.25), (2.75, 3.98, -0.25), (3.25, 3.98, 0.25), (2.75, 3.98, -0.25), (3.25, 3.98, -0.25), (3.75, 3.98, 0.25), (3.25, 3.98, 0.25), (3.25, 3.98, -0.25), (3.75, 3.98, 0.25), (3.25, 3.98, -0.25), (3.75, 3.98, -0.25), (-3.75, 3.98, 0.75), (-4.25, 3.98, 0.75), (-4.25, 3.98, 0.25), (-3.75, 3.98, 0.75), (-4.25, 3.98, 0.25), (-3.75, 3.98, 0.25), (-3.25, 3.98, 0.75), (-3.75, 3.98, 0.75), (-3.75, 3.98, 0.25), (-3.25, 3.98, 0.75), (-3.75, 3.98, 0.25), (-3.25, 3.98, 0.25), (-2.75, 3.98, 0.75), (-3.25, 3.98, 0.75), (-3.25, 3.98, 0.25), (-2.75, 3.98, 0.75), (-3.25, 3.98, 0.25), (-2.75, 3.98, 0.25), (-2.25, 3.98, 0.75), (-2.75, 3.98, 0.75), (-2.75, 3.98, 0.25), (-2.25, 3.98, 0.75), (-2.75, 3.98, 0.25), (-2.25, 3.98, 0.25), (-1.75, 3.98, 0.75), (-2.25, 3.98, 0.75), (-2.25, 3.98, 0.25), (-1.75, 3.98, 0.75), (-2.25, 3.98, 0.25), (-1.75, 3.98, 0.25), (-1.25, 3.98, 0.75), (-1.75, 3.98, 0.75), (-1.75, 3.98, 0.25), (-1.25, 3.98, 0.75), (-1.75, 3.98, 0.25), (-1.25, 3.98, 0.25), (-0.75, 3.98, 0.75), (-1.25, 3.98, 0.75), (-1.25, 3.98, 0.25), (-0.75, 3.98, 0.75), (-1.25, 3.98, 0.25), (-0.75, 3.98, 0.25), (-0.25, 3.98, 0.75), (-0.75, 3.98, 0.75), (-0.75, 3.98, 0.25), (-0.25, 3.98, 0.75), (-0.75, 3.98, 0.25), (-0.25, 3.98, 0.25), (0.25, 3.98, 0.75), (-0.25, 3.98, 0.75), (-0.25, 3.98, 0.25), (0.25, 3.98, 0.75), (-0.25, 3.98, 0.25), (0.25, 3.98, 0.25), (0.75, 3.98, 0.75), (0.25, 3.98, 0.75), (0.25, 3.98, 0.25), (0.75, 3.98, 0.75), (0.25, 3.98, 0.25), (0.75, 3.98, 0.25), (1.25, 3.98, 0.75), (0.75, 3.98, 0.75), (0.75, 3.98, 0.25), (1.25, 3.98, 0.75), (0.75, 3.98, 0.25), (1.25, 3.98, 0.25), (1.75, 3.98, 0.75), (1.25, 3.98, 0.75), (1.25, 3.98, 0.25), (1.75, 3.98, 0.75), (1.25, 3.98, 0.25), (1.75, 3.98, 0.25), (2.25, 3.98, 0.75), (1.75, 3.98, 0.75), (1.75, 3.98, 0.25), (2.25, 3.98, 0.75), (1.75, 3.98, 0.25), (2.25, 3.98, 0.25), (2.75, 3.98, 0.75), (2.25, 3.98, 0.75), (2.25, 3.98, 0.25), (2.75, 3.98, 0.75), (2.25, 3.98, 0.25), (2.75, 3.98, 0.25), (3.25, 3.98, 0.75), (2.75, 3.98, 0.75), (2.75, 3.98, 0.25), (3.25, 3.98, 0.75), (2.75, 3.98, 0.25), (3.25, 3.98, 0.25), (3.75, 3.98, 0.75), (3.25, 3.98, 0.75), (3.25, 3.98, 0.25), (3.75, 3.98, 0.75), (3.25, 3.98, 0.25), (3.75, 3.98, 0.25), (-3.75, 3.98, 1.25), (-4.25, 3.98, 1.25), (-4.25, 3.98, 0.75), (-3.75, 3.98, 1.25), (-4.25, 3.98, 0.75), (-3.75, 3.98, 0.75), (-3.25, 3.98, 1.25), (-3.75, 3.98, 1.25), (-3.75, 3.98, 0.75), (-3.25, 3.98, 1.25), (-3.75, 3.98, 0.75), (-3.25, 3.98, 0.75), (-2.75, 3.98, 1.25), (-3.25, 3.98, 1.25), (-3.25, 3.98, 0.75), (-2.75, 3.98, 1.25), (-3.25, 3.98, 0.75), (-2.75, 3.98, 0.75), (-2.25, 3.98, 1.25), (-2.75, 3.98, 1.25), (-2.75, 3.98, 0.75), (-2.25, 3.98, 1.25), (-2.75, 3.98, 0.75), (-2.25, 3.98, 0.75), (-1.75, 3.98, 1.25), (-2.25, 3.98, 1.25), (-2.25, 3.98, 0.75), (-1.75, 3.98, 1.25), (-2.25, 3.98, 0.75), (-1.75, 3.98, 0.75), (-1.25, 3.98, 1.25), (-1.75, 3.98, 1.25), (-1.75, 3.98, 0.75), (-1.25, 3.98, 1.25), (-1.75, 3.98, 0.75), (-1.25, 3.98, 0.75), (-0.75, 3.98, 1.25), (-1.25, 3.98, 1.25), (-1.25, 3.98, 0.75), (-0.75, 3.98, 1.25), (-1.25, 3.98, 0.75), (-0.75, 3.98, 0.75), (-0.25, 3.98, 1.25), (-0.75, 3.98, 1.25), (-0.75, 3.98, 0.75), (-0.25, 3.98, 1.25), (-0.75, 3.98, 0.75), (-0.25, 3.98, 0.75), (0.25, 3.98, 1.25), (-0.25, 3.98, 1.25), (-0.25, 3.98, 0.75), (0.25, 3.98, 1.25), (-0.25, 3.98, 0.75), (0.25, 3.98, 0.75), (0.75, 3.98, 1.25), (0.25, 3.98, 1.25), (0.25, 3.98, 0.75), (0.75, 3.98, 1.25), (0.25, 3.98, 0.75), (0.75, 3.98, 0.75), (1.25, 3.98, 1.25), (0.75, 3.98, 1.25), (0.75, 3.98, 0.75), (1.25, 3.98, 1.25), (0.75, 3.98, 0.75), (1.25, 3.98, 0.75), (1.75, 3.98, 1.25), (1.25, 3.98, 1.25), (1.25, 3.98, 0.75), (1.75, 3.98, 1.25), (1.25, 3.98, 0.75), (1.75, 3.98, 0.75), (2.25, 3.98, 1.25), (1.75, 3.98, 1.25), (1.75, 3.98, 0.75), (2.25, 3.98, 1.25), (1.75, 3.98, 0.75), (2.25, 3.98, 0.75), (2.75, 3.98, 1.25), (2.25, 3.98, 1.25), (2.25, 3.98, 0.75), (2.75, 3.98, 1.25), (2.25, 3.98, 0.75), (2.75, 3.98, 0.75), (3.25, 3.98, 1.25), (2.75, 3.98, 1.25), (2.75, 3.98, 0.75), (3.25, 3.98, 1.25), (2.75, 3.98, 0.75), (3.25, 3.98, 0.75), (3.75, 3.98, 1.25), (3.25, 3.98, 1.25), (3.25, 3.98, 0.75), (3.75, 3.98, 1.25), (3.25, 3.98, 0.75), (3.75, 3.98, 0.75), (-3.75, 3.98, 1.75), (-4.25, 3.98, 1.75), (-4.25, 3.98, 1.25), (-3.75, 3.98, 1.75), (-4.25, 3.98, 1.25), (-3.75, 3.98, 1.25), (-3.25, 3.98, 1.75), (-3.75, 3.98, 1.75), (-3.75, 3.98, 1.25), (-3.25, 3.98, 1.75), (-3.75, 3.98, 1.25), (-3.25, 3.98, 1.25), (-2.75, 3.98, 1.75), (-3.25, 3.98, 1.75), (-3.25, 3.98, 1.25), (-2.75, 3.98, 1.75), (-3.25, 3.98, 1.25), (-2.75, 3.98, 1.25), (-2.25, 3.98, 1.75), (-2.75, 3.98, 1.75), (-2.75, 3.98, 1.25), (-2.25, 3.98, 1.75), (-2.75, 3.98, 1.25), (-2.25, 3.98, 1.25), (-1.75, 3.98, 1.75), (-2.25, 3.98, 1.75), (-2.25, 3.98, 1.25), (-1.75, 3.98, 1.75), (-2.25, 3.98, 1.25), (-1.75, 3.98, 1.25), (-1.25, 3.98, 1.75), (-1.75, 3.98, 1.75), (-1.75, 3.98, 1.25), (-1.25, 3.98, 1.75), (-1.75, 3.98, 1.25), (-1.25, 3.98, 1.25), (-0.75, 3.98, 1.75), (-1.25, 3.98, 1.75), (-1.25, 3.98, 1.25), (-0.75, 3.98, 1.75), (-1.25, 3.98, 1.25), (-0.75, 3.98, 1.25), (-0.25, 3.98, 1.75), (-0.75, 3.98, 1.75), (-0.75, 3.98, 1.25), (-0.25, 3.98, 1.75), (-0.75, 3.98, 1.25), (-0.25, 3.98, 1.25), (0.25, 3.98, 1.75), (-0.25, 3.98, 1.75), (-0.25, 3.98, 1.25), (0.25, 3.98, 1.75), (-0.25, 3.98, 1.25), (0.25, 3.98, 1.25), (0.75, 3.98, 1.75), (0.25, 3.98, 1.75), (0.25, 3.98, 1.25), (0.75, 3.98, 1.75), (0.25, 3.98, 1.25), (0.75, 3.98, 1.25), (1.25, 3.98, 1.75), (0.75, 3.98, 1.75), (0.75, 3.98, 1.25), (1.25, 3.98, 1.75), (0.75, 3.98, 1.25), (1.25, 3.98, 1.25), (1.75, 3.98, 1.75), (1.25, 3.98, 1.75), (1.25, 3.98, 1.25), (1.75, 3.98, 1.75), (1.25, 3.98, 1.25), (1.75, 3.98, 1.25), (2.25, 3.98, 1.75), (1.75, 3.98, 1.75), (1.75, 3.98, 1.25), (2.25, 3.98, 1.75), (1.75, 3.98, 1.25), (2.25, 3.98, 1.25), (2.75, 3.98, 1.75), (2.25, 3.98, 1.75), (2.25, 3.98, 1.25), (2.75, 3.98, 1.75), (2.25, 3.98, 1.25), (2.75, 3.98, 1.25), (3.25, 3.98, 1.75), (2.75, 3.98, 1.75), (2.75, 3.98, 1.25), (3.25, 3.98, 1.75), (2.75, 3.98, 1.25), (3.25, 3.98, 1.25), (3.75, 3.98, 1.75), (3.25, 3.98, 1.75), (3.25, 3.98, 1.25), (3.75, 3.98, 1.75), (3.25, 3.98, 1.25), (3.75, 3.98, 1.25), (-3.75, 3.98, 2.25), (-4.25, 3.98, 2.25), (-4.25, 3.98, 1.75), (-3.75, 3.98, 2.25), (-4.25, 3.98, 1.75), (-3.75, 3.98, 1.75), (-3.25, 3.98, 2.25), (-3.75, 3.98, 2.25), (-3.75, 3.98, 1.75), (-3.25, 3.98, 2.25), (-3.75, 3.98, 1.75), (-3.25, 3.98, 1.75), (-2.75, 3.98, 2.25), (-3.25, 3.98, 2.25), (-3.25, 3.98, 1.75), (-2.75, 3.98, 2.25), (-3.25, 3.98, 1.75), (-2.75, 3.98, 1.75), (-2.25, 3.98, 2.25), (-2.75, 3.98, 2.25), (-2.75, 3.98, 1.75), (-2.25, 3.98, 2.25), (-2.75, 3.98, 1.75), (-2.25, 3.98, 1.75), (-1.75, 3.98, 2.25), (-2.25, 3.98, 2.25), (-2.25, 3.98, 1.75), (-1.75, 3.98, 2.25), (-2.25, 3.98, 1.75), (-1.75, 3.98, 1.75), (-1.25, 3.98, 2.25), (-1.75, 3.98, 2.25), (-1.75, 3.98, 1.75), (-1.25, 3.98, 2.25), (-1.75, 3.98, 1.75), (-1.25, 3.98, 1.75), (-0.75, 3.98, 2.25), (-1.25, 3.98, 2.25), (-1.25, 3.98, 1.75), (-0.75, 3.98, 2.25), (-1.25, 3.98, 1.75), (-0.75, 3.98, 1.75), (-0.25, 3.98, 2.25), (-0.75, 3.98, 2.25), (-0.75, 3.98, 1.75), (-0.25, 3.98, 2.25), (-0.75, 3.98, 1.75), (-0.25, 3.98, 1.75), (0.25, 3.98, 2.25), (-0.25, 3.98, 2.25), (-0.25, 3.98, 1.75), (0.25, 3.98, 2.25), (-0.25, 3.98, 1.75), (0.25, 3.98, 1.75), (0.75, 3.98, 2.25), (0.25, 3.98, 2.25), (0.25, 3.98, 1.75), (0.75, 3.98, 2.25), (0.25, 3.98, 1.75), (0.75, 3.98, 1.75), (1.25, 3.98, 2.25), (0.75, 3.98, 2.25), (0.75, 3.98, 1.75), (1.25, 3.98, 2.25), (0.75, 3.98, 1.75), (1.25, 3.98, 1.75), (1.75, 3.98, 2.25), (1.25, 3.98, 2.25), (1.25, 3.98, 1.75), (1.75, 3.98, 2.25), (1.25, 3.98, 1.75), (1.75, 3.98, 1.75), (2.25, 3.98, 2.25), (1.75, 3.98, 2.25), (1.75, 3.98, 1.75), (2.25, 3.98, 2.25), (1.75, 3.98, 1.75), (2.25, 3.98, 1.75), (2.75, 3.98, 2.25), (2.25, 3.98, 2.25), (2.25, 3.98, 1.75), (2.75, 3.98, 2.25), (2.25, 3.98, 1.75), (2.75, 3.98, 1.75), (3.25, 3.98, 2.25), (2.75, 3.98, 2.25), (2.75, 3.98, 1.75), (3.25, 3.98, 2.25), (2.75, 3.98, 1.75), (3.25, 3.98, 1.75), (3.75, 3.98, 2.25), (3.25, 3.98, 2.25), (3.25, 3.98, 1.75), (3.75, 3.98, 2.25), (3.25, 3.98, 1.75), (3.75, 3.98, 1.75), (-3.75, 3.98, 2.75), (-4.25, 3.98, 2.75), (-4.25, 3.98, 2.25), (-3.75, 3.98, 2.75), (-4.25, 3.98, 2.25), (-3.75, 3.98, 2.25), (-3.25, 3.98, 2.75), (-3.75, 3.98, 2.75), (-3.75, 3.98, 2.25), (-3.25, 3.98, 2.75), (-3.75, 3.98, 2.25), (-3.25, 3.98, 2.25), (-2.75, 3.98, 2.75), (-3.25, 3.98, 2.75), (-3.25, 3.98, 2.25), (-2.75, 3.98, 2.75), (-3.25, 3.98, 2.25), (-2.75, 3.98, 2.25), (-2.25, 3.98, 2.75), (-2.75, 3.98, 2.75), (-2.75, 3.98, 2.25), (-2.25, 3.98, 2.75), (-2.75, 3.98, 2.25), (-2.25, 3.98, 2.25), (-1.75, 3.98, 2.75), (-2.25, 3.98, 2.75), (-2.25, 3.98, 2.25), (-1.75, 3.98, 2.75), (-2.25, 3.98, 2.25), (-1.75, 3.98, 2.25), (-1.25, 3.98, 2.75), (-1.75, 3.98, 2.75), (-1.75, 3.98, 2.25), (-1.25, 3.98, 2.75), (-1.75, 3.98, 2.25), (-1.25, 3.98, 2.25), (-0.75, 3.98, 2.75), (-1.25, 3.98, 2.75), (-1.25, 3.98, 2.25), (-0.75, 3.98, 2.75), (-1.25, 3.98, 2.25), (-0.75, 3.98, 2.25), (-0.25, 3.98, 2.75), (-0.75, 3.98, 2.75), (-0.75, 3.98, 2.25), (-0.25, 3.98, 2.75), (-0.75, 3.98, 2.25), (-0.25, 3.98, 2.25), (0.25, 3.98, 2.75), (-0.25, 3.98, 2.75), (-0.25, 3.98, 2.25), (0.25, 3.98, 2.75), (-0.25, 3.98, 2.25), (0.25, 3.98, 2.25), (0.75, 3.98, 2.75), (0.25, 3.98, 2.75), (0.25, 3.98, 2.25), (0.75, 3.98, 2.75), (0.25, 3.98, 2.25), (0.75, 3.98, 2.25), (1.25, 3.98, 2.75), (0.75, 3.98, 2.75), (0.75, 3.98, 2.25), (1.25, 3.98, 2.75), (0.75, 3.98, 2.25), (1.25, 3.98, 2.25), (1.75, 3.98, 2.75), (1.25, 3.98, 2.75), (1.25, 3.98, 2.25), (1.75, 3.98, 2.75), (1.25, 3.98, 2.25), (1.75, 3.98, 2.25), (2.25, 3.98, 2.75), (1.75, 3.98, 2.75), (1.75, 3.98, 2.25), (2.25, 3.98, 2.75), (1.75, 3.98, 2.25), (2.25, 3.98, 2.25), (2.75, 3.98, 2.75), (2.25, 3.98, 2.75), (2.25, 3.98, 2.25), (2.75, 3.98, 2.75), (2.25, 3.98, 2.25), (2.75, 3.98, 2.25), (3.25, 3.98, 2.75), (2.75, 3.98, 2.75), (2.75, 3.98, 2.25), (3.25, 3.98, 2.75), (2.75, 3.98, 2.25), (3.25, 3.98, 2.25), (3.75, 3.98, 2.75), (3.25, 3.98, 2.75), (3.25, 3.98, 2.25), (3.75, 3.98, 2.75), (3.25, 3.98, 2.25), (3.75, 3.98, 2.25), (-3.75, 3.98, 3.25), (-4.25, 3.98, 3.25), (-4.25, 3.98, 2.75), (-3.75, 3.98, 3.25), (-4.25, 3.98, 2.75), (-3.75, 3.98, 2.75), (-3.25, 3.98, 3.25), (-3.75, 3.98, 3.25), (-3.75, 3.98, 2.75), (-3.25, 3.98, 3.25), (-3.75, 3.98, 2.75), (-3.25, 3.98, 2.75), (-2.75, 3.98, 3.25), (-3.25, 3.98, 3.25), (-3.25, 3.98, 2.75), (-2.75, 3.98, 3.25), (-3.25, 3.98, 2.75), (-2.75, 3.98, 2.75), (-2.25, 3.98, 3.25), (-2.75, 3.98, 3.25), (-2.75, 3.98, 2.75), (-2.25, 3.98, 3.25), (-2.75, 3.98, 2.75), (-2.25, 3.98, 2.75), (-1.75, 3.98, 3.25), (-2.25, 3.98, 3.25), (-2.25, 3.98, 2.75), (-1.75, 3.98, 3.25), (-2.25, 3.98, 2.75), (-1.75, 3.98, 2.75), (-1.25, 3.98, 3.25), (-1.75, 3.98, 3.25), (-1.75, 3.98, 2.75), (-1.25, 3.98, 3.25), (-1.75, 3.98, 2.75), (-1.25, 3.98, 2.75), (-0.75, 3.98, 3.25), (-1.25, 3.98, 3.25), (-1.25, 3.98, 2.75), (-0.75, 3.98, 3.25), (-1.25, 3.98, 2.75), (-0.75, 3.98, 2.75), (-0.25, 3.98, 3.25), (-0.75, 3.98, 3.25), (-0.75, 3.98, 2.75), (-0.25, 3.98, 3.25), (-0.75, 3.98, 2.75), (-0.25, 3.98, 2.75), (0.25, 3.98, 3.25), (-0.25, 3.98, 3.25), (-0.25, 3.98, 2.75), (0.25, 3.98, 3.25), (-0.25, 3.98, 2.75), (0.25, 3.98, 2.75), (0.75, 3.98, 3.25), (0.25, 3.98, 3.25), (0.25, 3.98, 2.75), (0.75, 3.98, 3.25), (0.25, 3.98, 2.75), (0.75, 3.98, 2.75), (1.25, 3.98, 3.25), (0.75, 3.98, 3.25), (0.75, 3.98, 2.75), (1.25, 3.98, 3.25), (0.75, 3.98, 2.75), (1.25, 3.98, 2.75), (1.75, 3.98, 3.25), (1.25, 3.98, 3.25), (1.25, 3.98, 2.75), (1.75, 3.98, 3.25), (1.25, 3.98, 2.75), (1.75, 3.98, 2.75), (2.25, 3.98, 3.25), (1.75, 3.98, 3.25), (1.75, 3.98, 2.75), (2.25, 3.98, 3.25), (1.75, 3.98, 2.75), (2.25, 3.98, 2.75), (2.75, 3.98, 3.25), (2.25, 3.98, 3.25), (2.25, 3.98, 2.75), (2.75, 3.98, 3.25), (2.25, 3.98, 2.75), (2.75, 3.98, 2.75), (3.25, 3.98, 3.25), (2.75, 3.98, 3.25), (2.75, 3.98, 2.75), (3.25, 3.98, 3.25), (2.75, 3.98, 2.75), (3.25, 3.98, 2.75), (3.75, 3.98, 3.25), (3.25, 3.98, 3.25), (3.25, 3.98, 2.75), (3.75, 3.98, 3.25), (3.25, 3.98, 2.75), (3.75, 3.98, 2.75), (-3.75, 3.98, 3.75), (-4.25, 3.98, 3.75), (-4.25, 3.98, 3.25), (-3.75, 3.98, 3.75), (-4.25, 3.98, 3.25), (-3.75, 3.98, 3.25), (-3.25, 3.98, 3.75), (-3.75, 3.98, 3.75), (-3.75, 3.98, 3.25), (-3.25, 3.98, 3.75), (-3.75, 3.98, 3.25), (-3.25, 3.98, 3.25), (-2.75, 3.98, 3.75), (-3.25, 3.98, 3.75), (-3.25, 3.98, 3.25), (-2.75, 3.98, 3.75), (-3.25, 3.98, 3.25), (-2.75, 3.98, 3.25), (-2.25, 3.98, 3.75), (-2.75, 3.98, 3.75), (-2.75, 3.98, 3.25), (-2.25, 3.98, 3.75), (-2.75, 3.98, 3.25), (-2.25, 3.98, 3.25), (-1.75, 3.98, 3.75), (-2.25, 3.98, 3.75), (-2.25, 3.98, 3.25), (-1.75, 3.98, 3.75), (-2.25, 3.98, 3.25), (-1.75, 3.98, 3.25), (-1.25, 3.98, 3.75), (-1.75, 3.98, 3.75), (-1.75, 3.98, 3.25), (-1.25, 3.98, 3.75), (-1.75, 3.98, 3.25), (-1.25, 3.98, 3.25), (-0.75, 3.98, 3.75), (-1.25, 3.98, 3.75), (-1.25, 3.98, 3.25), (-0.75, 3.98, 3.75), (-1.25, 3.98, 3.25), (-0.75, 3.98, 3.25), (-0.25, 3.98, 3.75), (-0.75, 3.98, 3.75), (-0.75, 3.98, 3.25), (-0.25, 3.98, 3.75), (-0.75, 3.98, 3.25), (-0.25, 3.98, 3.25), (0.25, 3.98, 3.75), (-0.25, 3.98, 3.75), (-0.25, 3.98, 3.25), (0.25, 3.98, 3.75), (-0.25, 3.98, 3.25), (0.25, 3.98, 3.25), (0.75, 3.98, 3.75), (0.25, 3.98, 3.75), (0.25, 3.98, 3.25), (0.75, 3.98, 3.75), (0.25, 3.98, 3.25), (0.75, 3.98, 3.25), (1.25, 3.98, 3.75), (0.75, 3.98, 3.75), (0.75, 3.98, 3.25), (1.25, 3.98, 3.75), (0.75, 3.98, 3.25), (1.25, 3.98, 3.25), (1.75, 3.98, 3.75), (1.25, 3.98, 3.75), (1.25, 3.98, 3.25), (1.75, 3.98, 3.75), (1.25, 3.98, 3.25), (1.75, 3.98, 3.25), (2.25, 3.98, 3.75), (1.75, 3.98, 3.75), (1.75, 3.98, 3.25), (2.25, 3.98, 3.75), (1.75, 3.98, 3.25), (2.25, 3.98, 3.25), (2.75, 3.98, 3.75), (2.25, 3.98, 3.75), (2.25, 3.98, 3.25), (2.75, 3.98, 3.75), (2.25, 3.98, 3.25), (2.75, 3.98, 3.25), (3.25, 3.98, 3.75), (2.75, 3.98, 3.75), (2.75, 3.98, 3.25), (3.25, 3.98, 3.75), (2.75, 3.98, 3.25), (3.25, 3.98, 3.25), (3.75, 3.98, 3.75), (3.25, 3.98, 3.75), (3.25, 3.98, 3.25), (3.75, 3.98, 3.75), (3.25, 3.98, 3.25), (3.75, 3.98, 3.25)])] expected to equal [PACKED_VECTOR3_ARRAY([(-3.75, 3.98, -3.75), (-4.25, 3.98, -3.75), (-4.25, 3.98, -4.25), (-3.75, 3.98, -3.75), (-4.25, 3.98, -4.25), (-3.75, 3.98, -4.25), (-3.25, 3.98, -3.75), (-3.75, 3.98, -3.75), (-3.75, 3.98, -4.25), (-3.25, 3.98, -3.75), (-3.75, 3.98, -4.25), (-3.25, 3.98, -4.25), (-2.75, 3.98, -3.75), (-3.25, 3.98, -3.75), (-3.25, 3.98, -4.25), (-2.75, 3.98, -3.75), (-3.25, 3.98, -4.25), (-2.75, 3.98, -4.25), (-2.25, 3.98, -3.75), (-2.75, 3.98, -3.75), (-2.75, 3.98, -4.25), (-2.25, 3.98, -3.75), (-2.75, 3.98, -4.25), (-2.25, 3.98, -4.25), (-1.75, 3.98, -3.75), (-2.25, 3.98, -3.75), (-2.25, 3.98, -4.25), (-1.75, 3.98, -3.75), (-2.25, 3.98, -4.25), (-1.75, 3.98, -4.25), (-1.25, 3.98, -3.75), (-1.75, 3.98, -3.75), (-1.75, 3.98, -4.25), (-1.25, 3.98, -3.75), (-1.75, 3.98, -4.25), (-1.25, 3.98, -4.25), (-0.75, 3.98, -3.75), (-1.25, 3.98, -3.75), (-1.25, 3.98, -4.25), (-0.75, 3.98, -3.75), (-1.25, 3.98, -4.25), (-0.75, 3.98, -4.25), (-0.25, 3.98, -3.75), (-0.75, 3.98, -3.75), (-0.75, 3.98, -4.25), (-0.25, 3.98, -3.75), (-0.75, 3.98, -4.25), (-0.25, 3.98, -4.25), (0.25, 3.98, -3.75), (-0.25, 3.98, -3.75), (-0.25, 3.98, -4.25), (0.25, 3.98, -3.75), (-0.25, 3.98, -4.25), (0.25, 3.98, -4.25), (0.75, 3.98, -3.75), (0.25, 3.98, -3.75), (0.25, 3.98, -4.25), (0.75, 3.98, -3.75), (0.25, 3.98, -4.25), (0.75, 3.98, -4.25), (1.25, 3.98, -3.75), (0.75, 3.98, -3.75), (0.75, 3.98, -4.25), (1.25, 3.98, -3.75), (0.75, 3.98, -4.25), (1.25, 3.98, -4.25), (1.75, 3.98, -3.75), (1.25, 3.98, -3.75), (1.25, 3.98, -4.25), (1.75, 3.98, -3.75), (1.25, 3.98, -4.25), (1.75, 3.98, -4.25), (2.25, 3.98, -3.75), (1.75, 3.98, -3.75), (1.75, 3.98, -4.25), (2.25, 3.98, -3.75), (1.75, 3.98, -4.25), (2.25, 3.98, -4.25), (2.75, 3.98, -3.75), (2.25, 3.98, -3.75), (2.25, 3.98, -4.25), (2.75, 3.98, -3.75), (2.25, 3.98, -4.25), (2.75, 3.98, -4.25), (3.25, 3.98, -3.75), (2.75, 3.98, -3.75), (2.75, 3.98, -4.25), (3.25, 3.98, -3.75), (2.75, 3.98, -4.25), (3.25, 3.98, -4.25), (3.75, 3.98, -3.75), (3.25, 3.98, -3.75), (3.25, 3.98, -4.25), (3.75, 3.98, -3.75), (3.25, 3.98, -4.25), (3.75, 3.98, -4.25), (-3.75, 3.98, -3.25), (-4.25, 3.98, -3.25), (-4.25, 3.98, -3.75), (-3.75, 3.98, -3.25), (-4.25, 3.98, -3.75), (-3.75, 3.98, -3.75), (-3.25, 3.98, -3.25), (-3.75, 3.98, -3.25), (-3.75, 3.98, -3.75), (-3.25, 3.98, -3.25), (-3.75, 3.98, -3.75), (-3.25, 3.98, -3.75), (-2.75, 3.98, -3.25), (-3.25, 3.98, -3.25), (-3.25, 3.98, -3.75), (-2.75, 3.98, -3.25), (-3.25, 3.98, -3.75), (-2.75, 3.98, -3.75), (-2.25, 3.98, -3.25), (-2.75, 3.98, -3.25), (-2.75, 3.98, -3.75), (-2.25, 3.98, -3.25), (-2.75, 3.98, -3.75), (-2.25, 3.98, -3.75), (-1.75, 3.98, -3.25), (-2.25, 3.98, -3.25), (-2.25, 3.98, -3.75), (-1.75, 3.98, -3.25), (-2.25, 3.98, -3.75), (-1.75, 3.98, -3.75), (-1.25, 3.98, -3.25), (-1.75, 3.98, -3.25), (-1.75, 3.98, -3.75), (-1.25, 3.98, -3.25), (-1.75, 3.98, -3.75), (-1.25, 3.98, -3.75), (-0.75, 3.98, -3.25), (-1.25, 3.98, -3.25), (-1.25, 3.98, -3.75), (-0.75, 3.98, -3.25), (-1.25, 3.98, -3.75), (-0.75, 3.98, -3.75), (-0.25, 3.98, -3.25), (-0.75, 3.98, -3.25), (-0.75, 3.98, -3.75), (-0.25, 3.98, -3.25), (-0.75, 3.98, -3.75), (-0.25, 3.98, -3.75), (0.25, 3.98, -3.25), (-0.25, 3.98, -3.25), (-0.25, 3.98, -3.75), (0.25, 3.98, -3.25), (-0.25, 3.98, -3.75), (0.25, 3.98, -3.75), (0.75, 3.98, -3.25), (0.25, 3.98, -3.25), (0.25, 3.98, -3.75), (0.75, 3.98, -3.25), (0.25, 3.98, -3.75), (0.75, 3.98, -3.75), (1.25, 3.98, -3.25), (0.75, 3.98, -3.25), (0.75, 3.98, -3.75), (1.25, 3.98, -3.25), (0.75, 3.98, -3.75), (1.25, 3.98, -3.75), (1.75, 3.98, -3.25), (1.25, 3.98, -3.25), (1.25, 3.98, -3.75), (1.75, 3.98, -3.25), (1.25, 3.98, -3.75), (1.75, 3.98, -3.75), (2.25, 3.98, -3.25), (1.75, 3.98, -3.25), (1.75, 3.98, -3.75), (2.25, 3.98, -3.25), (1.75, 3.98, -3.75), (2.25, 3.98, -3.75), (2.75, 3.98, -3.25), (2.25, 3.98, -3.25), (2.25, 3.98, -3.75), (2.75, 3.98, -3.25), (2.25, 3.98, -3.75), (2.75, 3.98, -3.75), (3.25, 3.98, -3.25), (2.75, 3.98, -3.25), (2.75, 3.98, -3.75), (3.25, 3.98, -3.25), (2.75, 3.98, -3.75), (3.25, 3.98, -3.75), (3.75, 3.98, -3.25), (3.25, 3.98, -3.25), (3.25, 3.98, -3.75), (3.75, 3.98, -3.25), (3.25, 3.98, -3.75), (3.75, 3.98, -3.75), (-3.75, 3.98, -2.75), (-4.25, 3.98, -2.75), (-4.25, 3.98, -3.25), (-3.75, 3.98, -2.75), (-4.25, 3.98, -3.25), (-3.75, 3.98, -3.25), (-3.25, 3.98, -2.75), (-3.75, 3.98, -2.75), (-3.75, 3.98, -3.25), (-3.25, 3.98, -2.75), (-3.75, 3.98, -3.25), (-3.25, 3.98, -3.25), (-2.75, 3.98, -2.75), (-3.25, 3.98, -2.75), (-3.25, 3.98, -3.25), (-2.75, 3.98, -2.75), (-3.25, 3.98, -3.25), (-2.75, 3.98, -3.25), (-2.25, 3.98, -2.75), (-2.75, 3.98, -2.75), (-2.75, 3.98, -3.25), (-2.25, 3.98, -2.75), (-2.75, 3.98, -3.25), (-2.25, 3.98, -3.25), (-1.75, 3.98, -2.75), (-2.25, 3.98, -2.75), (-2.25, 3.98, -3.25), (-1.75, 3.98, -2.75), (-2.25, 3.98, -3.25), (-1.75, 3.98, -3.25), (-1.25, 3.98, -2.75), (-1.75, 3.98, -2.75), (-1.75, 3.98, -3.25), (-1.25, 3.98, -2.75), (-1.75, 3.98, -3.25), (-1.25, 3.98, -3.25), (-0.75, 3.98, -2.75), (-1.25, 3.98, -2.75), (-1.25, 3.98, -3.25), (-0.75, 3.98, -2.75), (-1.25, 3.98, -3.25), (-0.75, 3.98, -3.25), (-0.25, 3.98, -2.75), (-0.75, 3.98, -2.75), (-0.75, 3.98, -3.25), (-0.25, 3.98, -2.75), (-0.75, 3.98, -3.25), (-0.25, 3.98, -3.25), (0.25, 3.98, -2.75), (-0.25, 3.98, -2.75), (-0.25, 3.98, -3.25), (0.25, 3.98, -2.75), (-0.25, 3.98, -3.25), (0.25, 3.98, -3.25), (0.75, 3.98, -2.75), (0.25, 3.98, -2.75), (0.25, 3.98, -3.25), (0.75, 3.98, -2.75), (0.25, 3.98, -3.25), (0.75, 3.98, -3.25), (1.25, 3.98, -2.75), (0.75, 3.98, -2.75), (0.75, 3.98, -3.25), (1.25, 3.98, -2.75), (0.75, 3.98, -3.25), (1.25, 3.98, -3.25), (1.75, 3.98, -2.75), (1.25, 3.98, -2.75), (1.25, 3.98, -3.25), (1.75, 3.98, -2.75), (1.25, 3.98, -3.25), (1.75, 3.98, -3.25), (2.25, 3.98, -2.75), (1.75, 3.98, -2.75), (1.75, 3.98, -3.25), (2.25, 3.98, -2.75), (1.75, 3.98, -3.25), (2.25, 3.98, -3.25), (2.75, 3.98, -2.75), (2.25, 3.98, -2.75), (2.25, 3.98, -3.25), (2.75, 3.98, -2.75), (2.25, 3.98, -3.25), (2.75, 3.98, -3.25), (3.25, 3.98, -2.75), (2.75, 3.98, -2.75), (2.75, 3.98, -3.25), (3.25, 3.98, -2.75), (2.75, 3.98, -3.25), (3.25, 3.98, -3.25), (3.75, 3.98, -2.75), (3.25, 3.98, -2.75), (3.25, 3.98, -3.25), (3.75, 3.98, -2.75), (3.25, 3.98, -3.25), (3.75, 3.98, -3.25), (-3.75, 3.98, -2.25), (-4.25, 3.98, -2.25), (-4.25, 3.98, -2.75), (-3.75, 3.98, -2.25), (-4.25, 3.98, -2.75), (-3.75, 3.98, -2.75), (-3.25, 3.98, -2.25), (-3.75, 3.98, -2.25), (-3.75, 3.98, -2.75), (-3.25, 3.98, -2.25), (-3.75, 3.98, -2.75), (-3.25, 3.98, -2.75), (-2.75, 3.98, -2.25), (-3.25, 3.98, -2.25), (-3.25, 3.98, -2.75), (-2.75, 3.98, -2.25), (-3.25, 3.98, -2.75), (-2.75, 3.98, -2.75), (-2.25, 3.98, -2.25), (-2.75, 3.98, -2.25), (-2.75, 3.98, -2.75), (-2.25, 3.98, -2.25), (-2.75, 3.98, -2.75), (-2.25, 3.98, -2.75), (-1.75, 3.98, -2.25), (-2.25, 3.98, -2.25), (-2.25, 3.98, -2.75), (-1.75, 3.98, -2.25), (-2.25, 3.98, -2.75), (-1.75, 3.98, -2.75), (-1.25, 3.98, -2.25), (-1.75, 3.98, -2.25), (-1.75, 3.98, -2.75), (-1.25, 3.98, -2.25), (-1.75, 3.98, -2.75), (-1.25, 3.98, -2.75), (-0.75, 3.9802, -2.25), (-1.25, 3.98, -2.25), (-1.25, 3.98, -2.75), (-0.75, 3.9802, -2.25), (-1.25, 3.98, -2.75), (-0.75, 3.98, -2.75), (-0.25, 3.9815, -2.25), (-0.75, 3.9802, -2.25), (-0.75, 3.98, -2.75), (-0.25, 3.9815, -2.25), (-0.75, 3.98, -2.75), (-0.25, 3.98, -2.75), (0.25, 3.9815, -2.25), (-0.25, 3.9815, -2.25), (-0.25, 3.98, -2.75), (0.25, 3.9815, -2.25), (-0.25, 3.98, -2.75), (0.25, 3.98, -2.75), (0.75, 3.9802, -2.25), (0.25, 3.9815, -2.25), (0.25, 3.98, -2.75), (0.75, 3.9802, -2.25), (0.25, 3.98, -2.75), (0.75, 3.98, -2.75), (1.25, 3.98, -2.25), (0.75, 3.9802, -2.25), (0.75, 3.98, -2.75), (1.25, 3.98, -2.25), (0.75, 3.98, -2.75), (1.25, 3.98, -2.75), (1.75, 3.98, -2.25), (1.25, 3.98, -2.25), (1.25, 3.98, -2.75), (1.75, 3.98, -2.25), (1.25, 3.98, -2.75), (1.75, 3.98, -2.75), (2.25, 3.98, -2.25), (1.75, 3.98, -2.25), (1.75, 3.98, -2.75), (2.25, 3.98, -2.25), (1.75, 3.98, -2.75), (2.25, 3.98, -2.75), (2.75, 3.98, -2.25), (2.25, 3.98, -2.25), (2.25, 3.98, -2.75), (2.75, 3.98, -2.25), (2.25, 3.98, -2.75), (2.75, 3.98, -2.75), (3.25, 3.98, -2.25), (2.75, 3.98, -2.25), (2.75, 3.98, -2.75), (3.25, 3.98, -2.25), (2.75, 3.98, -2.75), (3.25, 3.98, -2.75), (3.75, 3.98, -2.25), (3.25, 3.98, -2.25), (3.25, 3.98, -2.75), (3.75, 3.98, -2.25), (3.25, 3.98, -2.75), (3.75, 3.98, -2.75), (-3.75, 3.98, -1.75), (-4.25, 3.98, -1.75), (-4.25, 3.98, -2.25), (-3.75, 3.98, -1.75), (-4.25, 3.98, -2.25), (-3.75, 3.98, -2.25), (-3.25, 3.98, -1.75), (-3.75, 3.98, -1.75), (-3.75, 3.98, -2.25), (-3.25, 3.98, -1.75), (-3.75, 3.98, -2.25), (-3.25, 3.98, -2.25), (-2.75, 3.98, -1.75), (-3.25, 3.98, -1.75), (-3.25, 3.98, -2.25), (-2.75, 3.98, -1.75), (-3.25, 3.98, -2.25), (-2.75, 3.98, -2.25), (-2.25, 3.98, -1.75), (-2.75, 3.98, -1.75), (-2.75, 3.98, -2.25), (-2.25, 3.98, -1.75), (-2.75, 3.98, -2.25), (-2.25, 3.98, -2.25), (-1.75, 3.98, -1.75), (-2.25, 3.98, -1.75), (-2.25, 3.98, -2.25), (-1.75, 3.98, -1.75), (-2.25, 3.98, -2.25), (-1.75, 3.98, -2.25), (-1.2488, 3.988, -1.7488), (-1.75, 3.98, -1.75), (-1.75, 3.98, -2.25), (-1.2488, 3.988, -1.7488), (-1.75, 3.98, -2.25), (-1.25, 3.98, -2.25), (-0.75, 3.9902, -1.9152), (-1.2488, 3.988, -1.7488), (-1.25, 3.98, -2.25), (-0.75, 3.9902, -1.9152), (-1.25, 3.98, -2.25), (-0.75, 3.9802, -2.25), (-0.75, 4.0488, -1.6652), (-1.0813, 4.0093, -1.5813), (-1.2488, 3.988, -1.7488), (-0.75, 4.0488, -1.6652), (-1.2488, 3.988, -1.7488), (-0.75, 3.9902, -1.9152), (-0.25, 3.9915, -1.9666), (-0.75, 3.9902, -1.9152), (-0.75, 3.9802, -2.25), (-0.25, 3.9915, -1.9666), (-0.75, 3.9802, -2.25), (-0.25, 3.9815, -2.25), (-0.25, 4.1047, -1.7166), (-0.75, 4.0488, -1.6652), (-0.75, 3.9902, -1.9152), (-0.25, 4.1047, -1.7166), (-0.75, 3.9902, -1.9152), (-0.25, 3.9915, -1.9666), (0.25, 3.9915, -1.9666), (-0.25, 3.9915, -1.9666), (-0.25, 3.9815, -2.25), (0.25, 3.9915, -1.9666), (-0.25, 3.9815, -2.25), (0.25, 3.9815, -2.25), (0.25, 4.1047, -1.7166), (-0.25, 4.1047, -1.7166), (-0.25, 3.9915, -1.9666), (0.25, 4.1047, -1.7166), (-0.25, 3.9915, -1.9666), (0.25, 3.9915, -1.9666), (0.75, 3.9902, -1.9152), (0.25, 3.9915, -1.9666), (0.25, 3.9815, -2.25), (0.75, 3.9902, -1.9152), (0.25, 3.9815, -2.25), (0.75, 3.9802, -2.25), (0.75, 4.0488, -1.6652), (0.25, 4.1047, -1.7166), (0.25, 3.9915, -1.9666), (0.75, 4.0488, -1.6652), (0.25, 3.9915, -1.9666), (0.75, 3.9902, -1.9152), (1.2488, 3.988, -1.7488), (0.75, 3.9902, -1.9152), (0.75, 3.9802, -2.25), (1.2488, 3.988, -1.7488), (0.75, 3.9802, -2.25), (1.25, 3.98, -2.25), (1.0813, 4.0093, -1.5813), (0.75, 4.0488, -1.6652), (0.75, 3.9902, -1.9152), (1.0813, 4.0093, -1.5813), (0.75, 3.9902, -1.9152), (1.2488, 3.988, -1.7488), (1.75, 3.98, -1.75), (1.2488, 3.988, -1.7488), (1.25, 3.98, -2.25), (1.75, 3.98, -1.75), (1.25, 3.98, -2.25), (1.75, 3.98, -2.25), (2.25, 3.98, -1.75), (1.75, 3.98, -1.75), (1.75, 3.98, -2.25), (2.25, 3.98, -1.75), (1.75, 3.98, -2.25), (2.25, 3.98, -2.25), (2.75, 3.98, -1.75), (2.25, 3.98, -1.75), (2.25, 3.98, -2.25), (2.75, 3.98, -1.75), (2.25, 3.98, -2.25), (2.75, 3.98, -2.25), (3.25, 3.98, -1.75), (2.75, 3.98, -1.75), (2.75, 3.98, -2.25), (3.25, 3.98, -1.75), (2.75, 3.98, -2.25), (3.25, 3.98, -2.25), (3.75, 3.98, -1.75), (3.25, 3.98, -1.75), (3.25, 3.98, -2.25), (3.75, 3.98, -1.75), (3.25, 3.98, -2.25), (3.75, 3.98, -2.25), (-3.75, 3.98, -1.25), (-4.25, 3.98, -1.25), (-4.25, 3.98, -1.75), (-3.75, 3.98, -1.25), (-4.25, 3.98, -1.75), (-3.75, 3.98, -1.75), (-3.25, 3.98, -1.25), (-3.75, 3.98, -1.25), (-3.75, 3.98, -1.75), (-3.25, 3.98, -1.25), (-3.75, 3.98, -1.75), (-3.25, 3.98, -1.75), (-2.75, 3.98, -1.25), (-3.25, 3.98, -1.25), (-3.25, 3.98, -1.75), (-2.75, 3.98, -1.25), (-3.25, 3.98, -1.75), (-2.75, 3.98, -1.75), (-2.25, 3.98, -1.25), (-2.75, 3.98, -1.25), (-2.75, 3.98, -1.75), (-2.25, 3.98, -1.25), (-2.75, 3.98, -1.75), (-2.25, 3.98, -1.75), (-1.7488, 3.988, -1.2488), (-2.25, 3.98, -1.25), (-2.25, 3.98, -1.75), (-1.7488, 3.988, -1.2488), (-2.25, 3.98, -1.75), (-1.75, 3.98, -1.75), (-1.4147, 3.9933, -1.4147), (-1.7488, 3.988, -1.2488), (-1.75, 3.98, -1.75), (-1.4147, 3.9933, -1.4147), (-1.75, 3.98, -1.75), (-1.2488, 3.988, -1.7488), (-1.2488, 4.0837, -1.2488), (-1.4147, 3.9933, -1.4147), (-1.2488, 3.988, -1.7488), (-1.2488, 4.0837, -1.2488), (-1.2488, 3.988, -1.7488), (-1.0813, 4.0093, -1.5813), (-1.2488, 4.0837, -1.2488), (-1.5813, 4.0093, -1.0813), (-1.7488, 3.988, -1.2488), (-1.2488, 4.0837, -1.2488), (-1.7488, 3.988, -1.2488), (-1.4147, 3.9933, -1.4147), (-0.7728, 4.3117, -1.2489), (-1.2488, 4.0837, -1.2488), (-1.0813, 4.0093, -1.5813), (-0.7728, 4.3117, -1.2489), (-1.0813, 4.0093, -1.5813), (-0.75, 4.0488, -1.6652), (-0.25, 4.3547, -1.3959), (-0.7728, 4.3117, -1.2489), (-0.75, 4.0488, -1.6652), (-0.25, 4.3547, -1.3959), (-0.75, 4.0488, -1.6652), (-0.25, 4.1047, -1.7166), (-0.25, 4.6727, -1.1459), (-0.6213, 4.5939, -1.0814), (-0.7728, 4.3117, -1.2489), (-0.25, 4.6727, -1.1459), (-0.7728, 4.3117, -1.2489), (-0.25, 4.3547, -1.3959), (0.25, 4.3547, -1.3959), (-0.25, 4.3547, -1.3959), (-0.25, 4.1047, -1.7166), (0.25, 4.3547, -1.3959), (-0.25, 4.1047, -1.7166), (0.25, 4.1047, -1.7166), (0.25, 4.6727, -1.1459), (-0.25, 4.6727, -1.1459), (-0.25, 4.3547, -1.3959), (0.25, 4.6727, -1.1459), (-0.25, 4.3547, -1.3959), (0.25, 4.3547, -1.3959), (0.7728, 4.3117, -1.2489), (0.25, 4.3547, -1.3959), (0.25, 4.1047, -1.7166), (0.7728, 4.3117, -1.2489), (0.25, 4.1047, -1.7166), (0.75, 4.0488, -1.6652), (0.6213, 4.5939, -1.0814), (0.25, 4.6727, -1.1459), (0.25, 4.3547, -1.3959), (0.6213, 4.5939, -1.0814), (0.25, 4.3547, -1.3959), (0.7728, 4.3117, -1.2489), (1.2488, 4.0837, -1.2488), (1.2488, 3.988, -1.7488), (1.4147, 3.9933, -1.4147), (1.2488, 4.0837, -1.2488), (1.0813, 4.0093, -1.5813), (1.2488, 3.988, -1.7488), (1.2488, 4.0837, -1.2488), (0.7728, 4.3117, -1.2489), (0.75, 4.0488, -1.6652), (1.2488, 4.0837, -1.2488), (0.75, 4.0488, -1.6652), (1.0813, 4.0093, -1.5813), (1.7488, 3.988, -1.2488), (1.4147, 3.9933, -1.4147), (1.2488, 3.988, -1.7488), (1.7488, 3.988, -1.2488), (1.2488, 3.988, -1.7488), (1.75, 3.98, -1.75), (1.5813, 4.0093, -1.0813), (1.2488, 4.0837, -1.2488), (1.4147, 3.9933, -1.4147), (1.5813, 4.0093, -1.0813), (1.4147, 3.9933, -1.4147), (1.7488, 3.988, -1.2488), (2.25, 3.98, -1.25), (1.7488, 3.988, -1.2488), (1.75, 3.98, -1.75), (2.25, 3.98, -1.25), (1.75, 3.98, -1.75), (2.25, 3.98, -1.75), (2.75, 3.98, -1.25), (2.25, 3.98, -1.25), (2.25, 3.98, -1.75), (2.75, 3.98, -1.25), (2.25, 3.98, -1.75), (2.75, 3.98, -1.75), (3.25, 3.98, -1.25), (2.75, 3.98, -1.25), (2.75, 3.98, -1.75), (3.25, 3.98, -1.25), (2.75, 3.98, -1.75), (3.25, 3.98, -1.75), (3.75, 3.98, -1.25), (3.25, 3.98, -1.25), (3.25, 3.98, -1.75), (3.75, 3.98, -1.25), (3.25, 3.98, -1.75), (3.75, 3.98, -1.75), (-3.75, 3.98, -0.75), (-4.25, 3.98, -0.75), (-4.25, 3.98, -1.25), (-3.75, 3.98, -0.75), (-4.25, 3.98, -1.25), (-3.75, 3.98, -1.25), (-3.25, 3.98, -0.75), (-3.75, 3.98, -0.75), (-3.75, 3.98, -1.25), (-3.25, 3.98, -0.75), (-3.75, 3.98, -1.25), (-3.25, 3.98, -1.25), (-2.75, 3.98, -0.75), (-3.25, 3.98, -0.75), (-3.25, 3.98, -1.25), (-2.75, 3.98, -0.75), (-3.25, 3.98, -1.25), (-2.75, 3.98, -1.25), (-2.25, 3.9802, -0.75), (-2.75, 3.98, -0.75), (-2.75, 3.98, -1.25), (-2.25, 3.9802, -0.75), (-2.75, 3.98, -1.25), (-2.25, 3.98, -1.25), (-1.9152, 3.9902, -0.75), (-2.25, 3.9802, -0.75), (-2.25, 3.98, -1.25), (-1.9152, 3.9902, -0.75), (-2.25, 3.98, -1.25), (-1.7488, 3.988, -1.2488), (-1.6652, 4.0488, -0.75), (-1.9152, 3.9902, -0.75), (-1.7488, 3.988, -1.2488), (-1.6652, 4.0488, -0.75), (-1.7488, 3.988, -1.2488), (-1.5813, 4.0093, -1.0813), (-1.2489, 4.3117, -0.7728), (-1.6652, 4.0488, -0.75), (-1.5813, 4.0093, -1.0813), (-1.2489, 4.3117, -0.7728), (-1.5813, 4.0093, -1.0813), (-1.2488, 4.0837, -1.2488), (-0.9547, 4.4544, -0.9547), (-1.2489, 4.3117, -0.7728), (-1.2488, 4.0837, -1.2488), (-0.9547, 4.4544, -0.9547), (-1.2488, 4.0837, -1.2488), (-0.7728, 4.3117, -1.2489), (-0.7635, 4.7606, -0.7635), (-0.9547, 4.4544, -0.9547), (-0.7728, 4.3117, -1.2489), (-0.7635, 4.7606, -0.7635), (-0.7728, 4.3117, -1.2489), (-0.6213, 4.5939, -1.0814), (-0.7635, 4.7606, -0.7635), (-1.0814, 4.5939, -0.6213), (-1.2489, 4.3117, -0.7728), (-0.7635, 4.7606, -0.7635), (-1.2489, 4.3117, -0.7728), (-0.9547, 4.4544, -0.9547), (-0.25, 4.9227, -0.8996), (-0.7635, 4.7606, -0.7635), (-0.6213, 4.5939, -1.0814), (-0.25, 4.9227, -0.8996), (-0.6213, 4.5939, -1.0814), (-0.25, 4.6727, -1.1459), (-0.25, 5.0828, -0.6496), (-0.5722, 5.0398, -0.5722), (-0.7635, 4.7606, -0.7635), (-0.25, 5.0828, -0.6496), (-0.7635, 4.7606, -0.7635), (-0.25, 4.9227, -0.8996), (0.25, 4.9227, -0.8996), (-0.25, 4.9227, -0.8996), (-0.25, 4.6727, -1.1459), (0.25, 4.9227, -0.8996), (-0.25, 4.6727, -1.1459), (0.25, 4.6727, -1.1459), (0.25, 5.0828, -0.6496), (-0.25, 5.0828, -0.6496), (-0.25, 4.9227, -0.8996), (0.25, 5.0828, -0.6496), (-0.25, 4.9227, -0.8996), (0.25, 4.9227, -0.8996), (0.7635, 4.7606, -0.7635), (0.7728, 4.3117, -1.2489), (0.9547, 4.4544, -0.9547), (0.7635, 4.7606, -0.7635), (0.6213, 4.5939, -1.0814), (0.7728, 4.3117, -1.2489), (0.7635, 4.7606, -0.7635), (0.25, 4.9227, -0.8996), (0.25, 4.6727, -1.1459), (0.7635, 4.7606, -0.7635), (0.25, 4.6727, -1.1459), (0.6213, 4.5939, -1.0814), (0.5722, 5.0398, -0.5722), (0.25, 5.0828, -0.6496), (0.25, 4.9227, -0.8996), (0.5722, 5.0398, -0.5722), (0.25, 4.9227, -0.8996), (0.7635, 4.7606, -0.7635), (1.2489, 4.3117, -0.7728), (0.9547, 4.4544, -0.9547), (0.7728, 4.3117, -1.2489), (1.2489, 4.3117, -0.7728), (0.7728, 4.3117, -1.2489), (1.2488, 4.0837, -1.2488), (1.0814, 4.5939, -0.6213), (0.7635, 4.7606, -0.7635), (0.9547, 4.4544, -0.9547), (1.0814, 4.5939, -0.6213), (0.9547, 4.4544, -0.9547), (1.2489, 4.3117, -0.7728), (1.6652, 4.0488, -0.75), (1.7488, 3.988, -1.2488), (1.9152, 3.9902, -0.75), (1.6652, 4.0488, -0.75), (1.5813, 4.0093, -1.0813), (1.7488, 3.988, -1.2488), (1.6652, 4.0488, -0.75), (1.2489, 4.3117, -0.7728), (1.2488, 4.0837, -1.2488), (1.6652, 4.0488, -0.75), (1.2488, 4.0837, -1.2488), (1.5813, 4.0093, -1.0813), (2.25, 3.9802, -0.75), (1.9152, 3.9902, -0.75), (1.7488, 3.988, -1.2488), (2.25, 3.9802, -0.75), (1.7488, 3.988, -1.2488), (2.25, 3.98, -1.25), (2.75, 3.98, -0.75), (2.25, 3.9802, -0.75), (2.25, 3.98, -1.25), (2.75, 3.98, -0.75), (2.25, 3.98, -1.25), (2.75, 3.98, -1.25), (3.25, 3.98, -0.75), (2.75, 3.98, -0.75), (2.75, 3.98, -1.25), (3.25, 3.98, -0.75), (2.75, 3.98, -1.25), (3.25, 3.98, -1.25), (3.75, 3.98, -0.75), (3.25, 3.98, -0.75), (3.25, 3.98, -1.25), (3.75, 3.98, -0.75), (3.25, 3.98, -1.25), (3.75, 3.98, -1.25), (-3.75, 3.98, -0.25), (-4.25, 3.98, -0.25), (-4.25, 3.98, -0.75), (-3.75, 3.98, -0.25), (-4.25, 3.98, -0.75), (-3.75, 3.98, -0.75), (-3.25, 3.98, -0.25), (-3.75, 3.98, -0.25), (-3.75, 3.98, -0.75), (-3.25, 3.98, -0.25), (-3.75, 3.98, -0.75), (-3.25, 3.98, -0.75), (-2.75, 3.98, -0.25), (-3.25, 3.98, -0.25), (-3.25, 3.98, -0.75), (-2.75, 3.98, -0.25), (-3.25, 3.98, -0.75), (-2.75, 3.98, -0.75), (-2.25, 3.9815, -0.25), (-2.75, 3.98, -0.25), (-2.75, 3.98, -0.75), (-2.25, 3.9815, -0.25), (-2.75, 3.98, -0.75), (-2.25, 3.9802, -0.75), (-1.9666, 3.9915, -0.25), (-2.25, 3.9815, -0.25), (-2.25, 3.9802, -0.75), (-1.9666, 3.9915, -0.25), (-2.25, 3.9802, -0.75), (-1.9152, 3.9902, -0.75), (-1.7166, 4.1047, -0.25), (-1.9666, 3.9915, -0.25), (-1.9152, 3.9902, -0.75), (-1.7166, 4.1047, -0.25), (-1.9152, 3.9902, -0.75), (-1.6652, 4.0488, -0.75), (-1.3959, 4.3547, -0.25), (-1.7166, 4.1047, -0.25), (-1.6652, 4.0488, -0.75), (-1.3959, 4.3547, -0.25), (-1.6652, 4.0488, -0.75), (-1.2489, 4.3117, -0.7728), (-1.1459, 4.6727, -0.25), (-1.3959, 4.3547, -0.25), (-1.2489, 4.3117, -0.7728), (-1.1459, 4.6727, -0.25), (-1.2489, 4.3117, -0.7728), (-1.0814, 4.5939, -0.6213), (-0.8996, 4.9227, -0.25), (-1.1459, 4.6727, -0.25), (-1.0814, 4.5939, -0.6213), (-0.8996, 4.9227, -0.25), (-1.0814, 4.5939, -0.6213), (-0.7635, 4.7606, -0.7635), (-0.6496, 5.0828, -0.25), (-0.8996, 4.9227, -0.25), (-0.7635, 4.7606, -0.7635), (-0.6496, 5.0828, -0.25), (-0.7635, 4.7606, -0.7635), (-0.5722, 5.0398, -0.5722), (-0.25, 5.2108, -0.25), (-0.6496, 5.0828, -0.25), (-0.5722, 5.0398, -0.5722), (-0.25, 5.2108, -0.25), (-0.5722, 5.0398, -0.5722), (-0.25, 5.0828, -0.6496), (0.25, 5.2108, -0.25), (-0.25, 5.2108, -0.25), (-0.25, 5.0828, -0.6496), (0.25, 5.2108, -0.25), (-0.25, 5.0828, -0.6496), (0.25, 5.0828, -0.6496), (0.6496, 5.0828, -0.25), (0.7635, 4.7606, -0.7635), (0.8996, 4.9227, -0.25), (0.6496, 5.0828, -0.25), (0.5722, 5.0398, -0.5722), (0.7635, 4.7606, -0.7635), (0.6496, 5.0828, -0.25), (0.25, 5.2108, -0.25), (0.25, 5.0828, -0.6496), (0.6496, 5.0828, -0.25), (0.25, 5.0828, -0.6496), (0.5722, 5.0398, -0.5722), (1.1459, 4.6727, -0.25), (1.2489, 4.3117, -0.7728), (1.3959, 4.3547, -0.25), (1.1459, 4.6727, -0.25), (1.0814, 4.5939, -0.6213), (1.2489, 4.3117, -0.7728), (1.1459, 4.6727, -0.25), (0.8996, 4.9227, -0.25), (0.7635, 4.7606, -0.7635), (1.1459, 4.6727, -0.25), (0.7635, 4.7606, -0.7635), (1.0814, 4.5939, -0.6213), (1.7166, 4.1047, -0.25), (1.9152, 3.9902, -0.75), (1.9666, 3.9915, -0.25), (1.7166, 4.1047, -0.25), (1.6652, 4.0488, -0.75), (1.9152, 3.9902, -0.75), (1.7166, 4.1047, -0.25), (1.3959, 4.3547, -0.25), (1.2489, 4.3117, -0.7728), (1.7166, 4.1047, -0.25), (1.2489, 4.3117, -0.7728), (1.6652, 4.0488, -0.75), (2.25, 3.9815, -0.25), (1.9666, 3.9915, -0.25), (1.9152, 3.9902, -0.75), (2.25, 3.9815, -0.25), (1.9152, 3.9902, -0.75), (2.25, 3.9802, -0.75), (2.75, 3.98, -0.25), (2.25, 3.9815, -0.25), (2.25, 3.9802, -0.75), (2.75, 3.98, -0.25), (2.25, 3.9802, -0.75), (2.75, 3.98, -0.75), (3.25, 3.98, -0.25), (2.75, 3.98, -0.25), (2.75, 3.98, -0.75), (3.25, 3.98, -0.25), (2.75, 3.98, -0.75), (3.25, 3.98, -0.75), (3.75, 3.98, -0.25), (3.25, 3.98, -0.25), (3.25, 3.98, -0.75), (3.75, 3.98, -0.25), (3.25, 3.98, -0.75), (3.75, 3.98, -0.75), (-3.75, 3.98, 0.25), (-4.25, 3.98, 0.25), (-4.25, 3.98, -0.25), (-3.75, 3.98, 0.25), (-4.25, 3.98, -0.25), (-3.75, 3.98, -0.25), (-3.25, 3.98, 0.25), (-3.75, 3.98, 0.25), (-3.75, 3.98, -0.25), (-3.25, 3.98, 0.25), (-3.75, 3.98, -0.25), (-3.25, 3.98, -0.25), (-2.75, 3.98, 0.25), (-3.25, 3.98, 0.25), (-3.25, 3.98, -0.25), (-2.75, 3.98, 0.25), (-3.25, 3.98, -0.25), (-2.75, 3.98, -0.25), (-2.25, 3.9815, 0.25), (-2.75, 3.98, 0.25), (-2.75, 3.98, -0.25), (-2.25, 3.9815, 0.25), (-2.75, 3.98, -0.25), (-2.25, 3.9815, -0.25), (-1.9666, 3.9915, 0.25), (-2.25, 3.9815, 0.25), (-2.25, 3.9815, -0.25), (-1.9666, 3.9915, 0.25), (-2.25, 3.9815, -0.25), (-1.9666, 3.9915, -0.25), (-1.7166, 4.1047, 0.25), (-1.9666, 3.9915, 0.25), (-1.9666, 3.9915, -0.25), (-1.7166, 4.1047, 0.25), (-1.9666, 3.9915, -0.25), (-1.7166, 4.1047, -0.25), (-1.3959, 4.3547, 0.25), (-1.7166, 4.1047, 0.25), (-1.7166, 4.1047, -0.25), (-1.3959, 4.3547, 0.25), (-1.7166, 4.1047, -0.25), (-1.3959, 4.3547, -0.25), (-1.1459, 4.6727, 0.25), (-1.3959, 4.3547, 0.25), (-1.3959, 4.3547, -0.25), (-1.1459, 4.6727, 0.25), (-1.3959, 4.3547, -0.25), (-1.1459, 4.6727, -0.25), (-0.8996, 4.9227, 0.25), (-1.1459, 4.6727, 0.25), (-1.1459, 4.6727, -0.25), (-0.8996, 4.9227, 0.25), (-1.1459, 4.6727, -0.25), (-0.8996, 4.9227, -0.25), (-0.6496, 5.0828, 0.25), (-0.8996, 4.9227, 0.25), (-0.8996, 4.9227, -0.25), (-0.6496, 5.0828, 0.25), (-0.8996, 4.9227, -0.25), (-0.6496, 5.0828, -0.25), (-0.25, 5.2108, 0.25), (-0.6496, 5.0828, 0.25), (-0.6496, 5.0828, -0.25), (-0.25, 5.2108, 0.25), (-0.6496, 5.0828, -0.25), (-0.25, 5.2108, -0.25), (0.25, 5.2108, 0.25), (-0.25, 5.2108, 0.25), (-0.25, 5.2108, -0.25), (0.25, 5.2108, 0.25), (-0.25, 5.2108, -0.25), (0.25, 5.2108, -0.25), (0.6496, 5.0828, 0.25), (0.8996, 4.9227, -0.25), (0.8996, 4.9227, 0.25), (0.6496, 5.0828, 0.25), (0.6496, 5.0828, -0.25), (0.8996, 4.9227, -0.25), (0.6496, 5.0828, 0.25), (0.25, 5.2108, 0.25), (0.25, 5.2108, -0.25), (0.6496, 5.0828, 0.25), (0.25, 5.2108, -0.25), (0.6496, 5.0828, -0.25), (1.1459, 4.6727, 0.25), (1.3959, 4.3547, -0.25), (1.3959, 4.3547, 0.25), (1.1459, 4.6727, 0.25), (1.1459, 4.6727, -0.25), (1.3959, 4.3547, -0.25), (1.1459, 4.6727, 0.25), (0.8996, 4.9227, 0.25), (0.8996, 4.9227, -0.25), (1.1459, 4.6727, 0.25), (0.8996, 4.9227, -0.25), (1.1459, 4.6727, -0.25), (1.7166, 4.1047, 0.25), (1.9666, 3.9915, -0.25), (1.9666, 3.9915, 0.25), (1.7166, 4.1047, 0.25), (1.7166, 4.1047, -0.25), (1.9666, 3.9915, -0.25), (1.7166, 4.1047, 0.25), (1.3959, 4.3547, 0.25), (1.3959, 4.3547, -0.25), (1.7166, 4.1047, 0.25), (1.3959, 4.3547, -0.25), (1.7166, 4.1047, -0.25), (2.25, 3.9815, 0.25), (1.9666, 3.9915, 0.25), (1.9666, 3.9915, -0.25), (2.25, 3.9815, 0.25), (1.9666, 3.9915, -0.25), (2.25, 3.9815, -0.25), (2.75, 3.98, 0.25), (2.25, 3.9815, 0.25), (2.25, 3.9815, -0.25), (2.75, 3.98, 0.25), (2.25, 3.9815, -0.25), (2.75, 3.98, -0.25), (3.25, 3.98, 0.25), (2.75, 3.98, 0.25), (2.75, 3.98, -0.25), (3.25, 3.98, 0.25), (2.75, 3.98, -0.25), (3.25, 3.98, -0.25), (3.75, 3.98, 0.25), (3.25, 3.98, 0.25), (3.25, 3.98, -0.25), (3.75, 3.98, 0.25), (3.25, 3.98, -0.25), (3.75, 3.98, -0.25), (-3.75, 3.98, 0.75), (-4.25, 3.98, 0.75), (-4.25, 3.98, 0.25), (-3.75, 3.98, 0.75), (-4.25, 3.98, 0.25), (-3.75, 3.98, 0.25), (-3.25, 3.98, 0.75), (-3.75, 3.98, 0.75), (-3.75, 3.98, 0.25), (-3.25, 3.98, 0.75), (-3.75, 3.98, 0.25), (-3.25, 3.98, 0.25), (-2.75, 3.98, 0.75), (-3.25, 3.98, 0.75), (-3.25, 3.98, 0.25), (-2.75, 3.98, 0.75), (-3.25, 3.98, 0.25), (-2.75, 3.98, 0.25), (-2.25, 3.9802, 0.75), (-2.75, 3.98, 0.75), (-2.75, 3.98, 0.25), (-2.25, 3.9802, 0.75), (-2.75, 3.98, 0.25), (-2.25, 3.9815, 0.25), (-1.9152, 3.9902, 0.75), (-2.25, 3.9802, 0.75), (-2.25, 3.9815, 0.25), (-1.9152, 3.9902, 0.75), (-2.25, 3.9815, 0.25), (-1.9666, 3.9915, 0.25), (-1.6652, 4.0488, 0.75), (-1.9152, 3.9902, 0.75), (-1.9666, 3.9915, 0.25), (-1.6652, 4.0488, 0.75), (-1.9666, 3.9915, 0.25), (-1.7166, 4.1047, 0.25), (-1.2489, 4.3117, 0.7728), (-1.6652, 4.0488, 0.75), (-1.7166, 4.1047, 0.25), (-1.2489, 4.3117, 0.7728), (-1.7166, 4.1047, 0.25), (-1.3959, 4.3547, 0.25), (-1.0814, 4.5939, 0.6213), (-1.2489, 4.3117, 0.7728), (-1.3959, 4.3547, 0.25), (-1.0814, 4.5939, 0.6213), (-1.3959, 4.3547, 0.25), (-1.1459, 4.6727, 0.25), (-0.7635, 4.7606, 0.7635), (-1.0814, 4.5939, 0.6213), (-1.1459, 4.6727, 0.25), (-0.7635, 4.7606, 0.7635), (-1.1459, 4.6727, 0.25), (-0.8996, 4.9227, 0.25), (-0.7635, 4.7606, 0.7635), (-1.2489, 4.3117, 0.7728), (-1.0814, 4.5939, 0.6213), (-0.7635, 4.7606, 0.7635), (-0.9547, 4.4544, 0.9547), (-1.2489, 4.3117, 0.7728), (-0.5722, 5.0398, 0.5722), (-0.7635, 4.7606, 0.7635), (-0.8996, 4.9227, 0.25), (-0.5722, 5.0398, 0.5722), (-0.8996, 4.9227, 0.25), (-0.6496, 5.0828, 0.25), (-0.25, 5.0828, 0.6496), (-0.5722, 5.0398, 0.5722), (-0.6496, 5.0828, 0.25), (-0.25, 5.0828, 0.6496), (-0.6496, 5.0828, 0.25), (-0.25, 5.2108, 0.25), (-0.25, 5.0828, 0.6496), (-0.7635, 4.7606, 0.7635), (-0.5722, 5.0398, 0.5722), (-0.25, 5.0828, 0.6496), (-0.25, 4.9227, 0.8996), (-0.7635, 4.7606, 0.7635), (0.25, 5.0828, 0.6496), (-0.25, 5.0828, 0.6496), (-0.25, 5.2108, 0.25), (0.25, 5.0828, 0.6496), (-0.25, 5.2108, 0.25), (0.25, 5.2108, 0.25), (0.25, 5.0828, 0.6496), (-0.25, 4.9227, 0.8996), (-0.25, 5.0828, 0.6496), (0.25, 5.0828, 0.6496), (0.25, 4.9227, 0.8996), (-0.25, 4.9227, 0.8996), (0.5722, 5.0398, 0.5722), (0.8996, 4.9227, 0.25), (0.7635, 4.7606, 0.7635), (0.5722, 5.0398, 0.5722), (0.6496, 5.0828, 0.25), (0.8996, 4.9227, 0.25), (0.5722, 5.0398, 0.5722), (0.25, 5.0828, 0.6496), (0.25, 5.2108, 0.25), (0.5722, 5.0398, 0.5722), (0.25, 5.2108, 0.25), (0.6496, 5.0828, 0.25), (0.5722, 5.0398, 0.5722), (0.25, 4.9227, 0.8996), (0.25, 5.0828, 0.6496), (0.5722, 5.0398, 0.5722), (0.7635, 4.7606, 0.7635), (0.25, 4.9227, 0.8996), (1.0814, 4.5939, 0.6213), (1.3959, 4.3547, 0.25), (1.2489, 4.3117, 0.7728), (1.0814, 4.5939, 0.6213), (1.1459, 4.6727, 0.25), (1.3959, 4.3547, 0.25), (1.0814, 4.5939, 0.6213), (0.7635, 4.7606, 0.7635), (0.8996, 4.9227, 0.25), (1.0814, 4.5939, 0.6213), (0.8996, 4.9227, 0.25), (1.1459, 4.6727, 0.25), (1.0814, 4.5939, 0.6213), (0.9547, 4.4544, 0.9547), (0.7635, 4.7606, 0.7635), (1.0814, 4.5939, 0.6213), (1.2489, 4.3117, 0.7728), (0.9547, 4.4544, 0.9547), (1.6652, 4.0488, 0.75), (1.9666, 3.9915, 0.25), (1.9152, 3.9902, 0.75), (1.6652, 4.0488, 0.75), (1.7166, 4.1047, 0.25), (1.9666, 3.9915, 0.25), (1.6652, 4.0488, 0.75), (1.2489, 4.3117, 0.7728), (1.3959, 4.3547, 0.25), (1.6652, 4.0488, 0.75), (1.3959, 4.3547, 0.25), (1.7166, 4.1047, 0.25), (2.25, 3.9802, 0.75), (1.9152, 3.9902, 0.75), (1.9666, 3.9915, 0.25), (2.25, 3.9802, 0.75), (1.9666, 3.9915, 0.25), (2.25, 3.9815, 0.25), (2.75, 3.98, 0.75), (2.25, 3.9802, 0.75), (2.25, 3.9815, 0.25), (2.75, 3.98, 0.75), (2.25, 3.9815, 0.25), (2.75, 3.98, 0.25), (3.25, 3.98, 0.75), (2.75, 3.98, 0.75), (2.75, 3.98, 0.25), (3.25, 3.98, 0.75), (2.75, 3.98, 0.25), (3.25, 3.98, 0.25), (3.75, 3.98, 0.75), (3.25, 3.98, 0.75), (3.25, 3.98, 0.25), (3.75, 3.98, 0.75), (3.25, 3.98, 0.25), (3.75, 3.98, 0.25), (-3.75, 3.98, 1.25), (-4.25, 3.98, 1.25), (-4.25, 3.98, 0.75), (-3.75, 3.98, 1.25), (-4.25, 3.98, 0.75), (-3.75, 3.98, 0.75), (-3.25, 3.98, 1.25), (-3.75, 3.98, 1.25), (-3.75, 3.98, 0.75), (-3.25, 3.98, 1.25), (-3.75, 3.98, 0.75), (-3.25, 3.98, 0.75), (-2.75, 3.98, 1.25), (-3.25, 3.98, 1.25), (-3.25, 3.98, 0.75), (-2.75, 3.98, 1.25), (-3.25, 3.98, 0.75), (-2.75, 3.98, 0.75), (-2.25, 3.98, 1.25), (-2.75, 3.98, 1.25), (-2.75, 3.98, 0.75), (-2.25, 3.98, 1.25), (-2.75, 3.98, 0.75), (-2.25, 3.9802, 0.75), (-1.7488, 3.988, 1.2488), (-2.25, 3.98, 1.25), (-2.25, 3.9802, 0.75), (-1.7488, 3.988, 1.2488), (-2.25, 3.9802, 0.75), (-1.9152, 3.9902, 0.75), (-1.5813, 4.0093, 1.0813), (-1.7488, 3.988, 1.2488), (-1.9152, 3.9902, 0.75), (-1.5813, 4.0093, 1.0813), (-1.9152, 3.9902, 0.75), (-1.6652, 4.0488, 0.75), (-1.2488, 4.0837, 1.2488), (-1.5813, 4.0093, 1.0813), (-1.6652, 4.0488, 0.75), (-1.2488, 4.0837, 1.2488), (-1.6652, 4.0488, 0.75), (-1.2489, 4.3117, 0.7728), (-1.2488, 4.0837, 1.2488), (-1.7488, 3.988, 1.2488), (-1.5813, 4.0093, 1.0813), (-1.2488, 4.0837, 1.2488), (-1.4147, 3.9933, 1.4147), (-1.7488, 3.988, 1.2488), (-0.7728, 4.3117, 1.2489), (-1.2488, 4.0837, 1.2488), (-1.2489, 4.3117, 0.7728), (-0.7728, 4.3117, 1.2489), (-1.2489, 4.3117, 0.7728), (-0.9547, 4.4544, 0.9547), (-0.6213, 4.5939, 1.0814), (-0.7728, 4.3117, 1.2489), (-0.9547, 4.4544, 0.9547), (-0.6213, 4.5939, 1.0814), (-0.9547, 4.4544, 0.9547), (-0.7635, 4.7606, 0.7635), (-0.25, 4.6727, 1.1459), (-0.6213, 4.5939, 1.0814), (-0.7635, 4.7606, 0.7635), (-0.25, 4.6727, 1.1459), (-0.7635, 4.7606, 0.7635), (-0.25, 4.9227, 0.8996), (-0.25, 4.6727, 1.1459), (-0.7728, 4.3117, 1.2489), (-0.6213, 4.5939, 1.0814), (-0.25, 4.6727, 1.1459), (-0.25, 4.3547, 1.3959), (-0.7728, 4.3117, 1.2489), (0.25, 4.6727, 1.1459), (-0.25, 4.6727, 1.1459), (-0.25, 4.9227, 0.8996), (0.25, 4.6727, 1.1459), (-0.25, 4.9227, 0.8996), (0.25, 4.9227, 0.8996), (0.25, 4.6727, 1.1459), (-0.25, 4.3547, 1.3959), (-0.25, 4.6727, 1.1459), (0.25, 4.6727, 1.1459), (0.25, 4.3547, 1.3959), (-0.25, 4.3547, 1.3959), (0.6213, 4.5939, 1.0814), (0.9547, 4.4544, 0.9547), (0.7728, 4.3117, 1.2489), (0.6213, 4.5939, 1.0814), (0.7635, 4.7606, 0.7635), (0.9547, 4.4544, 0.9547), (0.6213, 4.5939, 1.0814), (0.25, 4.6727, 1.1459), (0.25, 4.9227, 0.8996), (0.6213, 4.5939, 1.0814), (0.25, 4.9227, 0.8996), (0.7635, 4.7606, 0.7635), (0.6213, 4.5939, 1.0814), (0.25, 4.3547, 1.3959), (0.25, 4.6727, 1.1459), (0.6213, 4.5939, 1.0814), (0.7728, 4.3117, 1.2489), (0.25, 4.3547, 1.3959), (1.2488, 4.0837, 1.2488), (0.7728, 4.3117, 1.2489), (0.9547, 4.4544, 0.9547), (1.2488, 4.0837, 1.2488), (0.9547, 4.4544, 0.9547), (1.2489, 4.3117, 0.7728), (1.5813, 4.0093, 1.0813), (1.9152, 3.9902, 0.75), (1.7488, 3.988, 1.2488), (1.5813, 4.0093, 1.0813), (1.6652, 4.0488, 0.75), (1.9152, 3.9902, 0.75), (1.5813, 4.0093, 1.0813), (1.2488, 4.0837, 1.2488), (1.2489, 4.3117, 0.7728), (1.5813, 4.0093, 1.0813), (1.2489, 4.3117, 0.7728), (1.6652, 4.0488, 0.75), (1.5813, 4.0093, 1.0813), (1.4147, 3.9933, 1.4147), (1.2488, 4.0837, 1.2488), (1.5813, 4.0093, 1.0813), (1.7488, 3.988, 1.2488), (1.4147, 3.9933, 1.4147), (2.25, 3.98, 1.25), (1.7488, 3.988, 1.2488), (1.9152, 3.9902, 0.75), (2.25, 3.98, 1.25), (1.9152, 3.9902, 0.75), (2.25, 3.9802, 0.75), (2.75, 3.98, 1.25), (2.25, 3.98, 1.25), (2.25, 3.9802, 0.75), (2.75, 3.98, 1.25), (2.25, 3.9802, 0.75), (2.75, 3.98, 0.75), (3.25, 3.98, 1.25), (2.75, 3.98, 1.25), (2.75, 3.98, 0.75), (3.25, 3.98, 1.25), (2.75, 3.98, 0.75), (3.25, 3.98, 0.75), (3.75, 3.98, 1.25), (3.25, 3.98, 1.25), (3.25, 3.98, 0.75), (3.75, 3.98, 1.25), (3.25, 3.98, 0.75), (3.75, 3.98, 0.75), (-3.75, 3.98, 1.75), (-4.25, 3.98, 1.75), (-4.25, 3.98, 1.25), (-3.75, 3.98, 1.75), (-4.25, 3.98, 1.25), (-3.75, 3.98, 1.25), (-3.25, 3.98, 1.75), (-3.75, 3.98, 1.75), (-3.75, 3.98, 1.25), (-3.25, 3.98, 1.75), (-3.75, 3.98, 1.25), (-3.25, 3.98, 1.25), (-2.75, 3.98, 1.75), (-3.25, 3.98, 1.75), (-3.25, 3.98, 1.25), (-2.75, 3.98, 1.75), (-3.25, 3.98, 1.25), (-2.75, 3.98, 1.25), (-2.25, 3.98, 1.75), (-2.75, 3.98, 1.75), (-2.75, 3.98, 1.25), (-2.25, 3.98, 1.75), (-2.75, 3.98, 1.25), (-2.25, 3.98, 1.25), (-1.75, 3.98, 1.75), (-2.25, 3.98, 1.75), (-2.25, 3.98, 1.25), (-1.75, 3.98, 1.75), (-2.25, 3.98, 1.25), (-1.7488, 3.988, 1.2488), (-1.2488, 3.988, 1.7488), (-1.75, 3.98, 1.75), (-1.7488, 3.988, 1.2488), (-1.2488, 3.988, 1.7488), (-1.7488, 3.988, 1.2488), (-1.4147, 3.9933, 1.4147), (-1.0813, 4.0093, 1.5813), (-1.2488, 3.988, 1.7488), (-1.4147, 3.9933, 1.4147), (-1.0813, 4.0093, 1.5813), (-1.4147, 3.9933, 1.4147), (-1.2488, 4.0837, 1.2488), (-0.75, 4.0488, 1.6652), (-1.0813, 4.0093, 1.5813), (-1.2488, 4.0837, 1.2488), (-0.75, 4.0488, 1.6652), (-1.2488, 4.0837, 1.2488), (-0.7728, 4.3117, 1.2489), (-0.75, 4.0488, 1.6652), (-1.2488, 3.988, 1.7488), (-1.0813, 4.0093, 1.5813), (-0.75, 4.0488, 1.6652), (-0.75, 3.9902, 1.9152), (-1.2488, 3.988, 1.7488), (-0.25, 4.1047, 1.7166), (-0.75, 4.0488, 1.6652), (-0.7728, 4.3117, 1.2489), (-0.25, 4.1047, 1.7166), (-0.7728, 4.3117, 1.2489), (-0.25, 4.3547, 1.3959), (-0.25, 4.1047, 1.7166), (-0.75, 3.9902, 1.9152), (-0.75, 4.0488, 1.6652), (-0.25, 4.1047, 1.7166), (-0.25, 3.9915, 1.9666), (-0.75, 3.9902, 1.9152), (0.25, 4.1047, 1.7166), (-0.25, 4.1047, 1.7166), (-0.25, 4.3547, 1.3959), (0.25, 4.1047, 1.7166), (-0.25, 4.3547, 1.3959), (0.25, 4.3547, 1.3959), (0.25, 4.1047, 1.7166), (-0.25, 3.9915, 1.9666), (-0.25, 4.1047, 1.7166), (0.25, 4.1047, 1.7166), (0.25, 3.9915, 1.9666), (-0.25, 3.9915, 1.9666), (0.75, 4.0488, 1.6652), (0.25, 4.1047, 1.7166), (0.25, 4.3547, 1.3959), (0.75, 4.0488, 1.6652), (0.25, 4.3547, 1.3959), (0.7728, 4.3117, 1.2489), (0.75, 4.0488, 1.6652), (0.25, 3.9915, 1.9666), (0.25, 4.1047, 1.7166), (0.75, 4.0488, 1.6652), (0.75, 3.9902, 1.9152), (0.25, 3.9915, 1.9666), (1.0813, 4.0093, 1.5813), (1.4147, 3.9933, 1.4147), (1.2488, 3.988, 1.7488), (1.0813, 4.0093, 1.5813), (1.2488, 4.0837, 1.2488), (1.4147, 3.9933, 1.4147), (1.0813, 4.0093, 1.5813), (0.75, 4.0488, 1.6652), (0.7728, 4.3117, 1.2489), (1.0813, 4.0093, 1.5813), (0.7728, 4.3117, 1.2489), (1.2488, 4.0837, 1.2488), (1.0813, 4.0093, 1.5813), (0.75, 3.9902, 1.9152), (0.75, 4.0488, 1.6652), (1.0813, 4.0093, 1.5813), (1.2488, 3.988, 1.7488), (0.75, 3.9902, 1.9152), (1.75, 3.98, 1.75), (1.2488, 3.988, 1.7488), (1.4147, 3.9933, 1.4147), (1.75, 3.98, 1.75), (1.4147, 3.9933, 1.4147), (1.7488, 3.988, 1.2488), (2.25, 3.98, 1.75), (1.75, 3.98, 1.75), (1.7488, 3.988, 1.2488), (2.25, 3.98, 1.75), (1.7488, 3.988, 1.2488), (2.25, 3.98, 1.25), (2.75, 3.98, 1.75), (2.25, 3.98, 1.75), (2.25, 3.98, 1.25), (2.75, 3.98, 1.75), (2.25, 3.98, 1.25), (2.75, 3.98, 1.25), (3.25, 3.98, 1.75), (2.75, 3.98, 1.75), (2.75, 3.98, 1.25), (3.25, 3.98, 1.75), (2.75, 3.98, 1.25), (3.25, 3.98, 1.25), (3.75, 3.98, 1.75), (3.25, 3.98, 1.75), (3.25, 3.98, 1.25), (3.75, 3.98, 1.75), (3.25, 3.98, 1.25), (3.75, 3.98, 1.25), (-3.75, 3.98, 2.25), (-4.25, 3.98, 2.25), (-4.25, 3.98, 1.75), (-3.75, 3.98, 2.25), (-4.25, 3.98, 1.75), (-3.75, 3.98, 1.75), (-3.25, 3.98, 2.25), (-3.75, 3.98, 2.25), (-3.75, 3.98, 1.75), (-3.25, 3.98, 2.25), (-3.75, 3.98, 1.75), (-3.25, 3.98, 1.75), (-2.75, 3.98, 2.25), (-3.25, 3.98, 2.25), (-3.25, 3.98, 1.75), (-2.75, 3.98, 2.25), (-3.25, 3.98, 1.75), (-2.75, 3.98, 1.75), (-2.25, 3.98, 2.25), (-2.75, 3.98, 2.25), (-2.75, 3.98, 1.75), (-2.25, 3.98, 2.25), (-2.75, 3.98, 1.75), (-2.25, 3.98, 1.75), (-1.75, 3.98, 2.25), (-2.25, 3.98, 2.25), (-2.25, 3.98, 1.75), (-1.75, 3.98, 2.25), (-2.25, 3.98, 1.75), (-1.75, 3.98, 1.75), (-1.25, 3.98, 2.25), (-1.75, 3.98, 2.25), (-1.75, 3.98, 1.75), (-1.25, 3.98, 2.25), (-1.75, 3.98, 1.75), (-1.2488, 3.988, 1.7488), (-0.75, 3.9802, 2.25), (-1.25, 3.98, 2.25), (-1.2488, 3.988, 1.7488), (-0.75, 3.9802, 2.25), (-1.2488, 3.988, 1.7488), (-0.75, 3.9902, 1.9152), (-0.25, 3.9815, 2.25), (-0.75, 3.9802, 2.25), (-0.75, 3.9902, 1.9152), (-0.25, 3.9815, 2.25), (-0.75, 3.9902, 1.9152), (-0.25, 3.9915, 1.9666), (0.25, 3.9815, 2.25), (-0.25, 3.9815, 2.25), (-0.25, 3.9915, 1.9666), (0.25, 3.9815, 2.25), (-0.25, 3.9915, 1.9666), (0.25, 3.9915, 1.9666), (0.75, 3.9802, 2.25), (0.25, 3.9815, 2.25), (0.25, 3.9915, 1.9666), (0.75, 3.9802, 2.25), (0.25, 3.9915, 1.9666), (0.75, 3.9902, 1.9152), (1.25, 3.98, 2.25), (0.75, 3.9802, 2.25), (0.75, 3.9902, 1.9152), (1.25, 3.98, 2.25), (0.75, 3.9902, 1.9152), (1.2488, 3.988, 1.7488), (1.75, 3.98, 2.25), (1.25, 3.98, 2.25), (1.2488, 3.988, 1.7488), (1.75, 3.98, 2.25), (1.2488, 3.988, 1.7488), (1.75, 3.98, 1.75), (2.25, 3.98, 2.25), (1.75, 3.98, 2.25), (1.75, 3.98, 1.75), (2.25, 3.98, 2.25), (1.75, 3.98, 1.75), (2.25, 3.98, 1.75), (2.75, 3.98, 2.25), (2.25, 3.98, 2.25), (2.25, 3.98, 1.75), (2.75, 3.98, 2.25), (2.25, 3.98, 1.75), (2.75, 3.98, 1.75), (3.25, 3.98, 2.25), (2.75, 3.98, 2.25), (2.75, 3.98, 1.75), (3.25, 3.98, 2.25), (2.75, 3.98, 1.75), (3.25, 3.98, 1.75), (3.75, 3.98, 2.25), (3.25, 3.98, 2.25), (3.25, 3.98, 1.75), (3.75, 3.98, 2.25), (3.25, 3.98, 1.75), (3.75, 3.98, 1.75), (-3.75, 3.98, 2.75), (-4.25, 3.98, 2.75), (-4.25, 3.98, 2.25), (-3.75, 3.98, 2.75), (-4.25, 3.98, 2.25), (-3.75, 3.98, 2.25), (-3.25, 3.98, 2.75), (-3.75, 3.98, 2.75), (-3.75, 3.98, 2.25), (-3.25, 3.98, 2.75), (-3.75, 3.98, 2.25), (-3.25, 3.98, 2.25), (-2.75, 3.98, 2.75), (-3.25, 3.98, 2.75), (-3.25, 3.98, 2.25), (-2.75, 3.98, 2.75), (-3.25, 3.98, 2.25), (-2.75, 3.98, 2.25), (-2.25, 3.98, 2.75), (-2.75, 3.98, 2.75), (-2.75, 3.98, 2.25), (-2.25, 3.98, 2.75), (-2.75, 3.98, 2.25), (-2.25, 3.98, 2.25), (-1.75, 3.98, 2.75), (-2.25, 3.98, 2.75), (-2.25, 3.98, 2.25), (-1.75, 3.98, 2.75), (-2.25, 3.98, 2.25), (-1.75, 3.98, 2.25), (-1.25, 3.98, 2.75), (-1.75, 3.98, 2.75), (-1.75, 3.98, 2.25), (-1.25, 3.98, 2.75), (-1.75, 3.98, 2.25), (-1.25, 3.98, 2.25), (-0.75, 3.98, 2.75), (-1.25, 3.98, 2.75), (-1.25, 3.98, 2.25), (-0.75, 3.98, 2.75), (-1.25, 3.98, 2.25), (-0.75, 3.9802, 2.25), (-0.25, 3.98, 2.75), (-0.75, 3.98, 2.75), (-0.75, 3.9802, 2.25), (-0.25, 3.98, 2.75), (-0.75, 3.9802, 2.25), (-0.25, 3.9815, 2.25), (0.25, 3.98, 2.75), (-0.25, 3.98, 2.75), (-0.25, 3.9815, 2.25), (0.25, 3.98, 2.75), (-0.25, 3.9815, 2.25), (0.25, 3.9815, 2.25), (0.75, 3.98, 2.75), (0.25, 3.98, 2.75), (0.25, 3.9815, 2.25), (0.75, 3.98, 2.75), (0.25, 3.9815, 2.25), (0.75, 3.9802, 2.25), (1.25, 3.98, 2.75), (0.75, 3.98, 2.75), (0.75, 3.9802, 2.25), (1.25, 3.98, 2.75), (0.75, 3.9802, 2.25), (1.25, 3.98, 2.25), (1.75, 3.98, 2.75), (1.25, 3.98, 2.75), (1.25, 3.98, 2.25), (1.75, 3.98, 2.75), (1.25, 3.98, 2.25), (1.75, 3.98, 2.25), (2.25, 3.98, 2.75), (1.75, 3.98, 2.75), (1.75, 3.98, 2.25), (2.25, 3.98, 2.75), (1.75, 3.98, 2.25), (2.25, 3.98, 2.25), (2.75, 3.98, 2.75), (2.25, 3.98, 2.75), (2.25, 3.98, 2.25), (2.75, 3.98, 2.75), (2.25, 3.98, 2.25), (2.75, 3.98, 2.25), (3.25, 3.98, 2.75), (2.75, 3.98, 2.75), (2.75, 3.98, 2.25), (3.25, 3.98, 2.75), (2.75, 3.98, 2.25), (3.25, 3.98, 2.25), (3.75, 3.98, 2.75), (3.25, 3.98, 2.75), (3.25, 3.98, 2.25), (3.75, 3.98, 2.75), (3.25, 3.98, 2.25), (3.75, 3.98, 2.25), (-3.75, 3.98, 3.25), (-4.25, 3.98, 3.25), (-4.25, 3.98, 2.75), (-3.75, 3.98, 3.25), (-4.25, 3.98, 2.75), (-3.75, 3.98, 2.75), (-3.25, 3.98, 3.25), (-3.75, 3.98, 3.25), (-3.75, 3.98, 2.75), (-3.25, 3.98, 3.25), (-3.75, 3.98, 2.75), (-3.25, 3.98, 2.75), (-2.75, 3.98, 3.25), (-3.25, 3.98, 3.25), (-3.25, 3.98, 2.75), (-2.75, 3.98, 3.25), (-3.25, 3.98, 2.75), (-2.75, 3.98, 2.75), (-2.25, 3.98, 3.25), (-2.75, 3.98, 3.25), (-2.75, 3.98, 2.75), (-2.25, 3.98, 3.25), (-2.75, 3.98, 2.75), (-2.25, 3.98, 2.75), (-1.75, 3.98, 3.25), (-2.25, 3.98, 3.25), (-2.25, 3.98, 2.75), (-1.75, 3.98, 3.25), (-2.25, 3.98, 2.75), (-1.75, 3.98, 2.75), (-1.25, 3.98, 3.25), (-1.75, 3.98, 3.25), (-1.75, 3.98, 2.75), (-1.25, 3.98, 3.25), (-1.75, 3.98, 2.75), (-1.25, 3.98, 2.75), (-0.75, 3.98, 3.25), (-1.25, 3.98, 3.25), (-1.25, 3.98, 2.75), (-0.75, 3.98, 3.25), (-1.25, 3.98, 2.75), (-0.75, 3.98, 2.75), (-0.25, 3.98, 3.25), (-0.75, 3.98, 3.25), (-0.75, 3.98, 2.75), (-0.25, 3.98, 3.25), (-0.75, 3.98, 2.75), (-0.25, 3.98, 2.75), (0.25, 3.98, 3.25), (-0.25, 3.98, 3.25), (-0.25, 3.98, 2.75), (0.25, 3.98, 3.25), (-0.25, 3.98, 2.75), (0.25, 3.98, 2.75), (0.75, 3.98, 3.25), (0.25, 3.98, 3.25), (0.25, 3.98, 2.75), (0.75, 3.98, 3.25), (0.25, 3.98, 2.75), (0.75, 3.98, 2.75), (1.25, 3.98, 3.25), (0.75, 3.98, 3.25), (0.75, 3.98, 2.75), (1.25, 3.98, 3.25), (0.75, 3.98, 2.75), (1.25, 3.98, 2.75), (1.75, 3.98, 3.25), (1.25, 3.98, 3.25), (1.25, 3.98, 2.75), (1.75, 3.98, 3.25), (1.25, 3.98, 2.75), (1.75, 3.98, 2.75), (2.25, 3.98, 3.25), (1.75, 3.98, 3.25), (1.75, 3.98, 2.75), (2.25, 3.98, 3.25), (1.75, 3.98, 2.75), (2.25, 3.98, 2.75), (2.75, 3.98, 3.25), (2.25, 3.98, 3.25), (2.25, 3.98, 2.75), (2.75, 3.98, 3.25), (2.25, 3.98, 2.75), (2.75, 3.98, 2.75), (3.25, 3.98, 3.25), (2.75, 3.98, 3.25), (2.75, 3.98, 2.75), (3.25, 3.98, 3.25), (2.75, 3.98, 2.75), (3.25, 3.98, 2.75), (3.75, 3.98, 3.25), (3.25, 3.98, 3.25), (3.25, 3.98, 2.75), (3.75, 3.98, 3.25), (3.25, 3.98, 2.75), (3.75, 3.98, 2.75), (-3.75, 3.98, 3.75), (-4.25, 3.98, 3.75), (-4.25, 3.98, 3.25), (-3.75, 3.98, 3.75), (-4.25, 3.98, 3.25), (-3.75, 3.98, 3.25), (-3.25, 3.98, 3.75), (-3.75, 3.98, 3.75), (-3.75, 3.98, 3.25), (-3.25, 3.98, 3.75), (-3.75, 3.98, 3.25), (-3.25, 3.98, 3.25), (-2.75, 3.98, 3.75), (-3.25, 3.98, 3.75), (-3.25, 3.98, 3.25), (-2.75, 3.98, 3.75), (-3.25, 3.98, 3.25), (-2.75, 3.98, 3.25), (-2.25, 3.98, 3.75), (-2.75, 3.98, 3.75), (-2.75, 3.98, 3.25), (-2.25, 3.98, 3.75), (-2.75, 3.98, 3.25), (-2.25, 3.98, 3.25), (-1.75, 3.98, 3.75), (-2.25, 3.98, 3.75), (-2.25, 3.98, 3.25), (-1.75, 3.98, 3.75), (-2.25, 3.98, 3.25), (-1.75, 3.98, 3.25), (-1.25, 3.98, 3.75), (-1.75, 3.98, 3.75), (-1.75, 3.98, 3.25), (-1.25, 3.98, 3.75), (-1.75, 3.98, 3.25), (-1.25, 3.98, 3.25), (-0.75, 3.98, 3.75), (-1.25, 3.98, 3.75), (-1.25, 3.98, 3.25), (-0.75, 3.98, 3.75), (-1.25, 3.98, 3.25), (-0.75, 3.98, 3.25), (-0.25, 3.98, 3.75), (-0.75, 3.98, 3.75), (-0.75, 3.98, 3.25), (-0.25, 3.98, 3.75), (-0.75, 3.98, 3.25), (-0.25, 3.98, 3.25), (0.25, 3.98, 3.75), (-0.25, 3.98, 3.75), (-0.25, 3.98, 3.25), (0.25, 3.98, 3.75), (-0.25, 3.98, 3.25), (0.25, 3.98, 3.25), (0.75, 3.98, 3.75), (0.25, 3.98, 3.75), (0.25, 3.98, 3.25), (0.75, 3.98, 3.75), (0.25, 3.98, 3.25), (0.75, 3.98, 3.25), (1.25, 3.98, 3.75), (0.75, 3.98, 3.75), (0.75, 3.98, 3.25), (1.25, 3.98, 3.75), (0.75, 3.98, 3.25), (1.25, 3.98, 3.25), (1.75, 3.98, 3.75), (1.25, 3.98, 3.75), (1.25, 3.98, 3.25), (1.75, 3.98, 3.75), (1.25, 3.98, 3.25), (1.75, 3.98, 3.25), (2.25, 3.98, 3.75), (1.75, 3.98, 3.75), (1.75, 3.98, 3.25), (2.25, 3.98, 3.75), (1.75, 3.98, 3.25), (2.25, 3.98, 3.25), (2.75, 3.98, 3.75), (2.25, 3.98, 3.75), (2.25, 3.98, 3.25), (2.75, 3.98, 3.75), (2.25, 3.98, 3.25), (2.75, 3.98, 3.25), (3.25, 3.98, 3.75), (2.75, 3.98, 3.75), (2.75, 3.98, 3.25), (3.25, 3.98, 3.75), (2.75, 3.98, 3.25), (3.25, 3.98, 3.25), (3.75, 3.98, 3.75), (3.25, 3.98, 3.75), (3.25, 3.98, 3.25), (3.75, 3.98, 3.75), (3.25, 3.98, 3.25), (3.75, 3.98, 3.25)])]:  Already buried foot rocks cannot add owner-dependent mounds to the continuous bedrock
          at line 101
[31m    [Failed]:  [0mDICTIONARY({ (-3.75, 3.98, -3.75): [(0.0, 1.0, 0.0), 0.0], (-4.25, 3.98, -3.75): [(0.0, 1....), 0.0] }) != DICTIONARY({ (-3.75, 3.98, -3.75): [(0.0, 1.0, 0.0), 0.0], (-4.25, 3.98, -3.75): [(0.0, 1....), 0.0] }).
    { (-3.75, 3.98, -3.75): [(0.0, 1.0, 0.0)...0), 0.0] } != { (-3.75, 3.98, -3.75): [(0.0, 1.0, 0.0)...0), 0.0] }  240 of 425 keys do not match.  Their presence in a chunk halo cannot change shared surface normals
          at line 102

Totals
------
Scripts               1
Tests                 8
Passing Tests         7
Failing Tests         1
Asserts           59/61
Time              19.615s


[31m---- 1 failing tests ----
[0m
